model,step,loss_eval,loss_train
ft_hf_lora_Phi-4_v1_2025-04-15_14-00-56,1,,0.2458
ft_hf_lora_Phi-4_v1_2025-04-15_14-00-56,2,,0.2155
ft_hf_lora_Phi-4_v1_2025-04-15_14-00-56,3,,0.1758
ft_hf_lora_Phi-4_v1_2025-04-15_14-00-56,4,,0.2294
ft_hf_lora_Phi-4_v1_2025-04-15_14-00-56,5,,0.1693
ft_hf_lora_Phi-4_v1_2025-04-15_14-00-56,6,,0.188
ft_hf_lora_Phi-4_v1_2025-04-15_14-00-56,7,,0.1849
ft_hf_lora_Phi-4_v1_2025-04-15_14-00-56,8,,0.1839
ft_hf_lora_Phi-4_v1_2025-04-15_14-00-56,9,,0.1655
ft_hf_lora_Phi-4_v1_2025-04-15_14-00-56,10,,0.177
ft_hf_lora_Phi-4_v1_2025-04-15_14-00-56,10,0.18522775173187256,0.177
ft_hf_lora_Phi-4_v1_2025-04-15_14-00-56,11,0.18522775173187256,0.1486
ft_hf_lora_Phi-4_v1_2025-04-15_14-00-56,12,0.18522775173187256,0.1589
ft_hf_lora_Phi-4_v1_2025-04-15_14-00-56,13,0.18522775173187256,0.15
ft_hf_lora_Phi-4_v1_2025-04-15_14-00-56,14,0.18522775173187256,0.1564
ft_hf_lora_Phi-4_v1_2025-04-15_14-00-56,15,0.18522775173187256,0.1408
ft_hf_lora_Phi-4_v1_2025-04-15_14-00-56,16,0.18522775173187256,0.1594
ft_hf_lora_Phi-4_v1_2025-04-15_14-00-56,17,0.18522775173187256,0.1503
ft_hf_lora_Phi-4_v1_2025-04-15_14-00-56,18,0.18522775173187256,0.1387
ft_hf_lora_Phi-4_v1_2025-04-15_14-00-56,19,0.18522775173187256,0.0936
ft_hf_lora_Phi-4_v1_2025-04-15_14-00-56,20,0.18522775173187256,0.1098
ft_hf_lora_Phi-4_v1_2025-04-15_14-00-56,20,0.1204446405172348,0.1098
ft_hf_lora_Phi-4_v1_2025-04-15_14-00-56,21,0.1204446405172348,0.0943
ft_hf_lora_Phi-4_v1_2025-04-15_14-00-56,22,0.1204446405172348,0.0867
ft_hf_lora_Phi-4_v1_2025-04-15_14-00-56,23,0.1204446405172348,0.0854
ft_hf_lora_Phi-4_v1_2025-04-15_14-00-56,24,0.1204446405172348,0.115
ft_hf_lora_Phi-4_v1_2025-04-15_14-00-56,25,0.1204446405172348,0.0957
ft_hf_lora_Phi-4_v1_2025-04-15_14-00-56,26,0.1204446405172348,0.0736
ft_hf_lora_Phi-4_v1_2025-04-15_14-00-56,27,0.1204446405172348,0.1332
ft_hf_lora_Phi-4_v1_2025-04-15_14-00-56,28,0.1204446405172348,0.1163
ft_hf_lora_Phi-4_v1_2025-04-15_14-00-56,29,0.1204446405172348,0.1043
ft_hf_lora_Phi-4_v1_2025-04-15_14-00-56,30,0.1204446405172348,0.0617
ft_hf_lora_Phi-4_v1_2025-04-15_14-00-56,30,0.066469207406044,0.0617
ft_hf_lora_Phi-4_v1_2025-04-15_14-00-56,31,0.066469207406044,0.043
ft_hf_lora_Phi-4_v1_2025-04-15_14-00-56,32,0.066469207406044,0.0714
ft_hf_lora_Phi-4_v1_2025-04-15_14-00-56,33,0.066469207406044,0.0859
ft_hf_lora_Phi-4_v1_2025-04-15_14-00-56,34,0.066469207406044,0.1151
ft_hf_lora_Phi-4_v1_2025-04-15_14-00-56,35,0.066469207406044,0.0587
ft_hf_lora_Phi-4_v1_2025-04-15_14-00-56,36,0.066469207406044,0.0656
ft_hf_lora_Phi-4_v1_2025-04-15_14-00-56,37,0.066469207406044,0.0535
ft_hf_lora_Phi-4_v1_2025-04-15_14-00-56,38,0.066469207406044,0.0417
ft_hf_lora_Phi-4_v1_2025-04-15_14-00-56,39,0.066469207406044,0.0488
ft_hf_lora_Phi-4_v1_2025-04-15_14-00-56,40,0.066469207406044,0.0427
ft_hf_lora_Phi-4_v1_2025-04-15_14-00-56,40,0.05406862497329712,0.0427
ft_hf_lora_Phi-4_v1_2025-04-15_14-00-56,41,0.05406862497329712,0.0495
ft_hf_lora_Phi-4_v1_2025-04-15_14-00-56,42,0.05406862497329712,0.0479
ft_hf_lora_Phi-4_v1_2025-04-15_14-00-56,43,0.05406862497329712,0.0527
ft_hf_lora_Phi-4_v1_2025-04-15_14-00-56,44,0.05406862497329712,0.0548
ft_hf_lora_Phi-4_v1_2025-04-15_14-00-56,45,0.05406862497329712,0.0646
ft_hf_lora_Phi-4_v1_2025-04-15_14-00-56,46,0.05406862497329712,0.0505
ft_hf_lora_Phi-4_v1_2025-04-15_14-00-56,47,0.05406862497329712,0.054
ft_hf_lora_Phi-4_v1_2025-04-15_14-00-56,48,0.05406862497329712,0.0278
ft_hf_lora_Phi-4_v1_2025-04-15_14-00-56,49,0.05406862497329712,0.0612
ft_hf_lora_Phi-4_v1_2025-04-15_14-00-56,50,0.05406862497329712,0.0504
ft_hf_lora_Phi-4_v1_2025-04-15_14-00-56,50,0.04810098558664322,0.0504
ft_hf_lora_Phi-4_v1_2025-04-15_14-00-56,51,0.04810098558664322,0.0396
ft_hf_lora_Phi-4_v1_2025-04-15_14-00-56,52,0.04810098558664322,0.0421
ft_hf_lora_Phi-4_v1_2025-04-15_14-00-56,53,0.04810098558664322,0.0499
ft_hf_lora_Phi-4_v1_2025-04-15_14-00-56,54,0.04810098558664322,0.0511
ft_hf_lora_Phi-4_v1_2025-04-15_14-00-56,55,0.04810098558664322,0.0583
ft_hf_lora_Phi-4_v1_2025-04-15_14-00-56,56,0.04810098558664322,0.0647
ft_hf_lora_Phi-4_v1_2025-04-15_14-00-56,57,0.04810098558664322,0.0881
ft_hf_lora_Phi-4_v1_2025-04-15_14-00-56,58,0.04810098558664322,0.0692
ft_hf_lora_Phi-4_v1_2025-04-15_14-00-56,59,0.04810098558664322,0.0325
ft_hf_lora_Phi-4_v1_2025-04-15_14-00-56,60,0.04810098558664322,0.0434
ft_hf_lora_Phi-4_v1_2025-04-15_14-00-56,60,0.04557623341679573,0.0434
ft_hf_lora_Phi-4_v1_2025-04-15_14-00-56,61,0.04557623341679573,0.0518
ft_hf_lora_Phi-4_v1_2025-04-15_14-00-56,62,0.04557623341679573,0.0533
ft_hf_lora_Phi-4_v1_2025-04-15_14-00-56,63,0.04557623341679573,0.0591
ft_hf_lora_Phi-4_v1_2025-04-15_14-00-56,64,0.04557623341679573,0.0423
ft_hf_lora_Phi-4_v1_2025-04-15_14-00-56,65,0.04557623341679573,0.0325
ft_hf_lora_Phi-4_v1_2025-04-15_14-00-56,66,0.04557623341679573,0.0446
ft_hf_lora_Phi-4_v1_2025-04-15_14-00-56,67,0.04557623341679573,0.0304
ft_hf_lora_Phi-4_v1_2025-04-15_14-00-56,68,0.04557623341679573,0.0247
ft_hf_lora_Phi-4_v1_2025-04-15_14-00-56,69,0.04557623341679573,0.0423
ft_hf_lora_Phi-4_v1_2025-04-15_14-00-56,70,0.04557623341679573,0.0419
ft_hf_lora_Phi-4_v1_2025-04-15_14-00-56,70,0.04332719370722771,0.0419
ft_hf_lora_Phi-4_v1_2025-04-15_14-00-56,71,0.04332719370722771,0.0455
ft_hf_lora_Phi-4_v1_2025-04-15_14-00-56,72,0.04332719370722771,0.0129
ft_hf_lora_Phi-4_v1_2025-04-15_14-00-56,73,0.04332719370722771,0.0939
ft_hf_lora_Phi-4_v1_2025-04-15_14-00-56,74,0.04332719370722771,0.0193
ft_hf_lora_Phi-4_v1_2025-04-15_14-00-56,75,0.04332719370722771,0.0266
ft_hf_lora_Phi-4_v1_2025-04-15_14-00-56,76,0.04332719370722771,0.0136
ft_hf_lora_Phi-4_v1_2025-04-15_14-00-56,77,0.04332719370722771,0.0258
ft_hf_lora_Phi-4_v1_2025-04-15_14-00-56,78,0.04332719370722771,0.0188
ft_hf_lora_Phi-4_v1_2025-04-15_14-00-56,79,0.04332719370722771,0.0321
ft_hf_lora_Phi-4_v1_2025-04-15_14-00-56,80,0.04332719370722771,0.0285
ft_hf_lora_Phi-4_v1_2025-04-15_14-00-56,80,0.04188402742147446,0.0285
ft_hf_lora_Phi-4_v1_2025-04-15_14-00-56,81,0.04188402742147446,0.0139
ft_hf_lora_Phi-4_v1_2025-04-15_14-00-56,82,0.04188402742147446,0.0394
ft_hf_lora_Phi-4_v1_2025-04-15_14-00-56,83,0.04188402742147446,0.033
ft_hf_lora_Phi-4_v1_2025-04-15_14-00-56,84,0.04188402742147446,0.0397
ft_hf_lora_Phi-4_v1_2025-04-15_14-00-56,85,0.04188402742147446,0.0237
ft_hf_lora_Phi-4_v1_2025-04-15_14-00-56,86,0.04188402742147446,0.0353
ft_hf_lora_Phi-4_v1_2025-04-15_14-00-56,87,0.04188402742147446,0.0227
ft_hf_lora_Phi-4_v1_2025-04-15_14-00-56,88,0.04188402742147446,0.0626
ft_hf_lora_Phi-4_v1_2025-04-15_14-00-56,89,0.04188402742147446,0.0456
ft_hf_lora_Phi-4_v1_2025-04-15_14-00-56,90,0.04188402742147446,0.0806
ft_hf_lora_Phi-4_v1_2025-04-15_14-00-56,90,0.040558651089668274,0.0806
ft_hf_lora_Phi-4_v1_2025-04-15_14-00-56,91,0.040558651089668274,0.0191
ft_hf_lora_Phi-4_v1_2025-04-15_14-00-56,92,0.040558651089668274,0.04
ft_hf_lora_Phi-4_v1_2025-04-15_14-00-56,93,0.040558651089668274,0.0172
ft_hf_lora_Phi-4_v1_2025-04-15_14-00-56,94,0.040558651089668274,0.0474
ft_hf_lora_Phi-4_v1_2025-04-15_14-00-56,95,0.040558651089668274,0.0279
ft_hf_lora_Phi-4_v1_2025-04-15_14-00-56,96,0.040558651089668274,0.0205
ft_hf_lora_Phi-4_v1_2025-04-15_14-00-56,97,0.040558651089668274,0.032
ft_hf_lora_Phi-4_v1_2025-04-15_14-00-56,98,0.040558651089668274,0.0467
ft_hf_lora_Phi-4_v1_2025-04-15_14-00-56,99,0.040558651089668274,0.0244
ft_hf_lora_Phi-4_v1_2025-04-15_14-00-56,100,0.040558651089668274,0.0289
ft_hf_lora_Phi-4_v1_2025-04-15_14-00-56,100,0.03950554132461548,0.0289
ft_hf_lora_Phi-4_v1_2025-04-15_14-00-56,101,0.03950554132461548,0.0471
ft_hf_lora_Phi-4_v1_2025-04-15_14-00-56,102,0.03950554132461548,0.0241
ft_hf_lora_Phi-4_v1_2025-04-15_14-00-56,103,0.03950554132461548,0.0521
ft_hf_lora_Phi-4_v1_2025-04-15_14-00-56,104,0.03950554132461548,0.0749
ft_hf_lora_Phi-4_v1_2025-04-15_14-00-56,105,0.03950554132461548,0.0297
ft_hf_lora_Phi-4_v1_2025-04-15_14-00-56,106,0.03950554132461548,0.0394
ft_hf_lora_Phi-4_v1_2025-04-15_14-00-56,107,0.03950554132461548,0.0482
ft_hf_lora_Phi-4_v1_2025-04-15_14-00-56,108,0.03950554132461548,0.0223
ft_hf_lora_Phi-4_v1_2025-04-15_14-00-56,109,0.03950554132461548,0.0261
ft_hf_lora_Phi-4_v1_2025-04-15_14-00-56,110,0.03950554132461548,0.0263
ft_hf_lora_Phi-4_v1_2025-04-15_14-00-56,110,0.038584981113672256,0.0263
ft_hf_lora_Phi-4_v1_2025-04-15_14-00-56,111,0.038584981113672256,0.0117
ft_hf_lora_Phi-4_v1_2025-04-15_14-00-56,112,0.038584981113672256,0.038
ft_hf_lora_Phi-4_v1_2025-04-15_14-00-56,113,0.038584981113672256,0.052
ft_hf_lora_Phi-4_v1_2025-04-15_14-00-56,114,0.038584981113672256,0.036
ft_hf_lora_Phi-4_v1_2025-04-15_14-00-56,115,0.038584981113672256,0.0502
ft_hf_lora_Phi-4_v1_2025-04-15_14-00-56,116,0.038584981113672256,0.0341
ft_hf_lora_Phi-4_v1_2025-04-15_14-00-56,117,0.038584981113672256,0.0545
ft_hf_lora_Phi-4_v1_2025-04-15_14-00-56,118,0.038584981113672256,0.0465
ft_hf_lora_Phi-4_v1_2025-04-15_14-00-56,119,0.038584981113672256,0.022
ft_hf_lora_Phi-4_v1_2025-04-15_14-00-56,120,0.038584981113672256,0.0346
ft_hf_lora_Phi-4_v1_2025-04-15_14-00-56,120,0.03794017806649208,0.0346
ft_hf_lora_Phi-4_v1_2025-04-15_14-00-56,121,0.03794017806649208,0.0264
ft_hf_lora_Phi-4_v1_2025-04-15_14-00-56,122,0.03794017806649208,0.0163
ft_hf_lora_Phi-4_v1_2025-04-15_14-00-56,123,0.03794017806649208,0.0266
ft_hf_lora_Phi-4_v1_2025-04-15_14-00-56,124,0.03794017806649208,0.0287
ft_hf_lora_Phi-4_v1_2025-04-15_14-00-56,125,0.03794017806649208,0.0194
ft_hf_lora_Phi-4_v1_2025-04-15_14-00-56,126,0.03794017806649208,0.0192
ft_hf_lora_Phi-4_v1_2025-04-15_14-00-56,127,0.03794017806649208,0.0172
ft_hf_lora_Phi-4_v1_2025-04-15_14-00-56,128,0.03794017806649208,0.0281
ft_hf_lora_Phi-4_v1_2025-04-15_14-00-56,129,0.03794017806649208,0.0271
ft_hf_lora_Phi-4_v1_2025-04-15_14-00-56,130,0.03794017806649208,0.018
ft_hf_lora_Phi-4_v1_2025-04-15_14-00-56,130,0.03749832138419151,0.018
ft_hf_lora_Phi-4_v1_2025-04-15_14-00-56,131,0.03749832138419151,0.074
ft_hf_lora_Phi-4_v1_2025-04-15_14-00-56,132,0.03749832138419151,0.0383
ft_hf_lora_Phi-4_v1_2025-04-15_14-00-56,133,0.03749832138419151,0.0291
ft_hf_lora_Phi-4_v1_2025-04-15_14-00-56,134,0.03749832138419151,0.0385
ft_hf_lora_Phi-4_v1_2025-04-15_14-00-56,135,0.03749832138419151,0.0479
ft_hf_lora_Phi-4_v1_2025-04-15_14-00-56,136,0.03749832138419151,0.0155
ft_hf_lora_Phi-4_v1_2025-04-15_14-00-56,137,0.03749832138419151,0.0271
ft_hf_lora_Phi-4_v1_2025-04-15_14-00-56,138,0.03749832138419151,0.0364
ft_hf_lora_Phi-4_v1_2025-04-15_14-00-56,139,0.03749832138419151,0.0171
ft_hf_lora_Phi-4_v1_2025-04-15_14-00-56,140,0.03749832138419151,0.0106
ft_hf_lora_Phi-4_v1_2025-04-15_14-00-56,140,0.03711496666073799,0.0106
ft_hf_lora_Phi-4_v1_2025-04-15_14-00-56,141,0.03711496666073799,0.0185
ft_hf_lora_Phi-4_v1_2025-04-15_14-00-56,142,0.03711496666073799,0.0251
ft_hf_lora_Phi-4_v1_2025-04-15_14-00-56,143,0.03711496666073799,0.0382
ft_hf_lora_Phi-4_v1_2025-04-15_14-00-56,144,0.03711496666073799,0.0525
ft_hf_lora_Phi-4_v1_2025-04-15_14-00-56,145,0.03711496666073799,0.0244
ft_hf_lora_Phi-4_v1_2025-04-15_14-00-56,146,0.03711496666073799,0.0384
ft_hf_lora_Phi-4_v1_2025-04-15_14-00-56,147,0.03711496666073799,0.03
ft_hf_lora_Phi-4_v1_2025-04-15_14-00-56,148,0.03711496666073799,0.042
ft_hf_lora_Phi-4_v1_2025-04-15_14-00-56,149,0.03711496666073799,0.0185
ft_hf_lora_Phi-4_v1_2025-04-15_14-00-56,150,0.03711496666073799,0.051
ft_hf_lora_Phi-4_v1_2025-04-15_14-00-56,150,0.03676755353808403,0.051
ft_hf_lora_Phi-4_v1_2025-04-15_14-00-56,151,0.03676755353808403,0.0342
ft_hf_lora_Phi-4_v1_2025-04-15_14-00-56,152,0.03676755353808403,0.0455
ft_hf_lora_Phi-4_v1_2025-04-15_14-00-56,153,0.03676755353808403,0.0175
ft_hf_lora_Phi-4_v1_2025-04-15_14-00-56,154,0.03676755353808403,0.0104
ft_hf_lora_Phi-4_v1_2025-04-15_14-00-56,155,0.03676755353808403,0.0144
ft_hf_lora_Phi-4_v1_2025-04-15_14-00-56,156,0.03676755353808403,0.0244
ft_hf_lora_Phi-4_v1_2025-04-15_14-00-56,157,0.03676755353808403,0.0469
ft_hf_lora_Phi-4_v1_2025-04-15_14-00-56,158,0.03676755353808403,0.0539
ft_hf_lora_Phi-4_v1_2025-04-15_14-00-56,159,0.03676755353808403,0.0182
ft_hf_lora_Phi-4_v1_2025-04-15_14-00-56,160,0.03676755353808403,0.0256
ft_hf_lora_Phi-4_v1_2025-04-15_14-00-56,160,0.03656422719359398,0.0256
ft_hf_lora_Phi-4_v1_2025-04-15_14-00-56,161,0.03656422719359398,0.0303
ft_hf_lora_Phi-4_v1_2025-04-15_14-00-56,162,0.03656422719359398,0.0079
ft_hf_lora_Phi-4_v1_2025-04-15_14-00-56,163,0.03656422719359398,0.0229
ft_hf_lora_Phi-4_v1_2025-04-15_14-00-56,164,0.03656422719359398,0.0696
ft_hf_lora_Phi-4_v1_2025-04-15_14-00-56,165,0.03656422719359398,0.0251
ft_hf_lora_Phi-4_v1_2025-04-15_14-00-56,166,0.03656422719359398,0.0295
ft_hf_lora_Phi-4_v1_2025-04-15_14-00-56,167,0.03656422719359398,0.01
ft_hf_lora_Phi-4_v1_2025-04-15_14-00-56,168,0.03656422719359398,0.0367
ft_hf_lora_Phi-4_v1_2025-04-15_14-00-56,169,0.03656422719359398,0.0147
ft_hf_lora_Phi-4_v1_2025-04-15_14-00-56,170,0.03656422719359398,0.0144
ft_hf_lora_Phi-4_v1_2025-04-15_14-00-56,170,0.03630772978067398,0.0144
ft_hf_lora_Phi-4_v1_2025-04-15_14-00-56,171,0.03630772978067398,0.02
ft_hf_lora_Phi-4_v1_2025-04-15_14-00-56,172,0.03630772978067398,0.0323
ft_hf_lora_Phi-4_v1_2025-04-15_14-00-56,173,0.03630772978067398,0.0213
ft_hf_lora_Phi-4_v1_2025-04-15_14-00-56,174,0.03630772978067398,0.0377
ft_hf_lora_Phi-4_v1_2025-04-15_14-00-56,175,0.03630772978067398,0.0205
ft_hf_lora_Phi-4_v1_2025-04-15_14-00-56,176,0.03630772978067398,0.02
ft_hf_lora_Phi-4_v1_2025-04-15_14-00-56,177,0.03630772978067398,0.0203
ft_hf_lora_Phi-4_v1_2025-04-15_14-00-56,178,0.03630772978067398,0.034
ft_hf_lora_Phi-4_v1_2025-04-15_14-00-56,179,0.03630772978067398,0.013
ft_hf_lora_Phi-4_v1_2025-04-15_14-00-56,180,0.03630772978067398,0.0282
ft_hf_lora_Phi-4_v1_2025-04-15_14-00-56,180,0.036132071167230606,0.0282
ft_hf_lora_Phi-4_v1_2025-04-15_14-00-56,181,0.036132071167230606,0.0292
ft_hf_lora_Phi-4_v1_2025-04-15_14-00-56,182,0.036132071167230606,0.0162
ft_hf_lora_Phi-4_v1_2025-04-15_14-00-56,183,0.036132071167230606,0.047
ft_hf_lora_Phi-4_v1_2025-04-15_14-00-56,184,0.036132071167230606,0.0295
ft_hf_lora_Phi-4_v1_2025-04-15_14-00-56,185,0.036132071167230606,0.0127
ft_hf_lora_Phi-4_v1_2025-04-15_14-00-56,186,0.036132071167230606,0.0245
ft_hf_lora_Phi-4_v1_2025-04-15_14-00-56,187,0.036132071167230606,0.0368
ft_hf_lora_Phi-4_v1_2025-04-15_14-00-56,188,0.036132071167230606,0.0109
ft_hf_lora_Phi-4_v1_2025-04-15_14-00-56,189,0.036132071167230606,0.0292
ft_hf_lora_Phi-4_v1_2025-04-15_14-00-56,190,0.036132071167230606,0.0183
ft_hf_lora_Phi-4_v1_2025-04-15_14-00-56,190,0.035986147820949554,0.0183
ft_hf_lora_Phi-4_v1_2025-04-15_14-00-56,191,0.035986147820949554,0.0328
ft_hf_lora_Phi-4_v1_2025-04-15_14-00-56,192,0.035986147820949554,0.0687
ft_hf_lora_Phi-4_v1_2025-04-15_14-00-56,193,0.035986147820949554,0.0223
ft_hf_lora_Phi-4_v1_2025-04-15_14-00-56,194,0.035986147820949554,0.0303
ft_hf_lora_Phi-4_v1_2025-04-15_14-00-56,195,0.035986147820949554,0.0286
ft_hf_lora_Phi-4_v1_2025-04-15_14-00-56,196,0.035986147820949554,0.0291
ft_hf_lora_Phi-4_v1_2025-04-15_14-00-56,197,0.035986147820949554,0.0186
ft_hf_lora_Phi-4_v1_2025-04-15_14-00-56,198,0.035986147820949554,0.0279
ft_hf_lora_Phi-4_v1_2025-04-15_14-00-56,199,0.035986147820949554,0.0114
ft_hf_lora_Phi-4_v1_2025-04-15_14-00-56,200,0.035986147820949554,0.0351
ft_hf_lora_Phi-4_v1_2025-04-15_14-00-56,200,0.03581639379262924,0.0351
ft_hf_lora_Phi-4_v1_2025-04-15_14-00-56,201,0.03581639379262924,0.0472
ft_hf_lora_Phi-4_v1_2025-04-15_14-00-56,202,0.03581639379262924,0.0126
ft_hf_lora_Phi-4_v1_2025-04-15_14-00-56,203,0.03581639379262924,0.0207
ft_hf_lora_Phi-4_v1_2025-04-15_14-00-56,204,0.03581639379262924,0.0206
ft_hf_lora_Phi-4_v1_2025-04-15_14-00-56,205,0.03581639379262924,0.0492
ft_hf_lora_Phi-4_v1_2025-04-15_14-00-56,206,0.03581639379262924,0.0164
ft_hf_lora_Phi-4_v1_2025-04-15_14-00-56,207,0.03581639379262924,0.0218
ft_hf_lora_Phi-4_v1_2025-04-15_14-00-56,208,0.03581639379262924,0.028
ft_hf_lora_Phi-4_v1_2025-04-15_14-00-56,209,0.03581639379262924,0.0144
ft_hf_lora_Phi-4_v1_2025-04-15_14-00-56,210,0.03581639379262924,0.0173
ft_hf_lora_Phi-4_v1_2025-04-15_14-00-56,210,0.03560091555118561,0.0173
ft_hf_lora_Phi-4_v1_2025-04-15_14-00-56,211,0.03560091555118561,0.0231
ft_hf_lora_Phi-4_v1_2025-04-15_14-00-56,212,0.03560091555118561,0.0153
ft_hf_lora_Phi-4_v1_2025-04-15_14-00-56,213,0.03560091555118561,0.0067
ft_hf_lora_Phi-4_v1_2025-04-15_14-00-56,214,0.03560091555118561,0.0294
ft_hf_lora_Phi-4_v1_2025-04-15_14-00-56,215,0.03560091555118561,0.0093
ft_hf_lora_Phi-4_v1_2025-04-15_14-00-56,216,0.03560091555118561,0.0329
ft_hf_lora_Phi-4_v1_2025-04-15_14-00-56,217,0.03560091555118561,0.0262
ft_hf_lora_Phi-4_v1_2025-04-15_14-00-56,218,0.03560091555118561,0.0161
ft_hf_lora_Phi-4_v1_2025-04-15_14-00-56,219,0.03560091555118561,0.0138
ft_hf_lora_Phi-4_v1_2025-04-15_14-00-56,220,0.03560091555118561,0.0325
ft_hf_lora_Phi-4_v1_2025-04-15_14-00-56,220,0.03552349656820297,0.0325
ft_hf_lora_Phi-4_v1_2025-04-15_14-00-56,221,0.03552349656820297,0.0194
ft_hf_lora_Phi-4_v1_2025-04-15_14-00-56,222,0.03552349656820297,0.0122
ft_hf_lora_Phi-4_v1_2025-04-15_14-00-56,223,0.03552349656820297,0.0226
ft_hf_lora_Phi-4_v1_2025-04-15_14-00-56,224,0.03552349656820297,0.0272
ft_hf_lora_Phi-4_v1_2025-04-15_14-00-56,225,0.03552349656820297,0.0341
ft_hf_lora_Phi-4_v1_2025-04-15_14-00-56,226,0.03552349656820297,0.0191
ft_hf_lora_Phi-4_v1_2025-04-15_14-00-56,227,0.03552349656820297,0.0611
ft_hf_lora_Phi-4_v1_2025-04-15_14-00-56,228,0.03552349656820297,0.0307
ft_hf_lora_Phi-4_v1_2025-04-15_14-00-56,229,0.03552349656820297,0.0147
ft_hf_lora_Phi-4_v1_2025-04-15_14-00-56,230,0.03552349656820297,0.0265
ft_hf_lora_Phi-4_v1_2025-04-15_14-00-56,230,0.03536655753850937,0.0265
ft_hf_lora_Phi-4_v1_2025-04-15_14-00-56,231,0.03536655753850937,0.0216
ft_hf_lora_Phi-4_v1_2025-04-15_14-00-56,232,0.03536655753850937,0.0404
ft_hf_lora_Phi-4_v1_2025-04-15_14-00-56,233,0.03536655753850937,0.0337
ft_hf_lora_Phi-4_v1_2025-04-15_14-00-56,234,0.03536655753850937,0.0089
ft_hf_lora_Phi-4_v1_2025-04-15_14-00-56,235,0.03536655753850937,0.0371
ft_hf_lora_Phi-4_v1_2025-04-15_14-00-56,236,0.03536655753850937,0.0182
ft_hf_lora_Phi-4_v1_2025-04-15_14-00-56,237,0.03536655753850937,0.019
ft_hf_lora_Phi-4_v1_2025-04-15_14-00-56,238,0.03536655753850937,0.023
ft_hf_lora_Phi-4_v1_2025-04-15_14-00-56,239,0.03536655753850937,0.035
ft_hf_lora_Phi-4_v1_2025-04-15_14-00-56,240,0.03536655753850937,0.0282
ft_hf_lora_Phi-4_v1_2025-04-15_14-00-56,240,0.03524022176861763,0.0282
ft_hf_lora_Phi-4_v1_2025-04-15_14-00-56,241,0.03524022176861763,0.0253
ft_hf_lora_Phi-4_v1_2025-04-15_14-00-56,242,0.03524022176861763,0.0112
ft_hf_lora_Phi-4_v1_2025-04-15_14-00-56,243,0.03524022176861763,0.0159
ft_hf_lora_Phi-4_v1_2025-04-15_14-00-56,244,0.03524022176861763,0.0036
ft_hf_lora_Phi-4_v1_2025-04-15_14-00-56,245,0.03524022176861763,0.0158
ft_hf_lora_Phi-4_v1_2025-04-15_14-00-56,246,0.03524022176861763,0.0507
ft_hf_lora_Phi-4_v1_2025-04-15_14-00-56,247,0.03524022176861763,0.0186
ft_hf_lora_Phi-4_v1_2025-04-15_14-00-56,248,0.03524022176861763,0.0343
ft_hf_lora_Phi-4_v1_2025-04-15_14-00-56,249,0.03524022176861763,0.015
ft_hf_lora_Phi-4_v1_2025-04-15_14-00-56,250,0.03524022176861763,0.0232
ft_hf_lora_Phi-4_v1_2025-04-15_14-00-56,250,0.035413749516010284,0.0232
ft_hf_lora_Phi-4_v1_2025-04-15_14-00-56,251,0.035413749516010284,0.0085
ft_hf_lora_Phi-4_v1_2025-04-15_14-00-56,252,0.035413749516010284,0.0144
ft_hf_lora_Phi-4_v1_2025-04-15_14-00-56,253,0.035413749516010284,0.0209
ft_hf_lora_Phi-4_v1_2025-04-15_14-00-56,254,0.035413749516010284,0.0353
ft_hf_lora_Phi-4_v1_2025-04-15_14-00-56,255,0.035413749516010284,0.0438
ft_hf_lora_Phi-4_v1_2025-04-15_14-00-56,256,0.035413749516010284,0.0166
ft_hf_lora_Phi-4_v1_2025-04-15_14-00-56,257,0.035413749516010284,0.0502
ft_hf_lora_Phi-4_v1_2025-04-15_14-00-56,258,0.035413749516010284,0.0209
ft_hf_lora_Phi-4_v1_2025-04-15_14-00-56,259,0.035413749516010284,0.0282
ft_hf_lora_Phi-4_v1_2025-04-15_14-00-56,260,0.035413749516010284,0.0189
ft_hf_lora_Phi-4_v1_2025-04-15_14-00-56,260,0.03552974388003349,0.0189
ft_hf_lora_Phi-4_v1_2025-04-15_14-00-56,261,0.03552974388003349,0.028
ft_hf_lora_Phi-4_v1_2025-04-15_14-00-56,262,0.03552974388003349,0.0241
ft_hf_lora_Phi-4_v1_2025-04-15_14-00-56,263,0.03552974388003349,0.0403
ft_hf_lora_Phi-4_v1_2025-04-15_14-00-56,264,0.03552974388003349,0.0191
ft_hf_lora_Phi-4_v1_2025-04-15_14-00-56,265,0.03552974388003349,0.0499
ft_hf_lora_Phi-4_v1_2025-04-15_14-00-56,266,0.03552974388003349,0.022
ft_hf_lora_Phi-4_v1_2025-04-15_14-00-56,267,0.03552974388003349,0.015
ft_hf_lora_Phi-4_v1_2025-04-15_14-00-56,268,0.03552974388003349,0.0447
ft_hf_lora_Phi-4_v1_2025-04-15_14-00-56,269,0.03552974388003349,0.0278
ft_hf_lora_Phi-4_v1_2025-04-15_14-00-56,270,0.03552974388003349,0.0108
ft_hf_lora_Phi-4_v1_2025-04-15_14-00-56,270,0.03552312031388283,0.0108
ft_hf_lora_Phi-4_v1_2025-04-15_14-00-56,271,0.03552312031388283,0.0186
ft_hf_lora_Phi-4_v1_2025-04-15_14-00-56,272,0.03552312031388283,0.028
ft_hf_lora_Phi-4_v1_2025-04-15_14-00-56,273,0.03552312031388283,0.0157
ft_hf_lora_Phi-4_v1_2025-04-15_14-00-56,274,0.03552312031388283,0.0108
ft_hf_lora_Phi-4_v1_2025-04-15_14-00-56,275,0.03552312031388283,0.0081
ft_hf_lora_Phi-4_v1_2025-04-15_14-00-56,276,0.03552312031388283,0.0208
ft_hf_lora_Phi-4_v1_2025-04-15_14-00-56,277,0.03552312031388283,0.0171
ft_hf_lora_Phi-4_v1_2025-04-15_14-00-56,278,0.03552312031388283,0.0342
ft_hf_lora_Phi-4_v1_2025-04-15_14-00-56,279,0.03552312031388283,0.0284
ft_hf_lora_Phi-4_v1_2025-04-15_14-00-56,280,0.03552312031388283,0.0228
ft_hf_lora_Phi-4_v1_2025-04-15_14-00-56,280,0.03519384562969208,0.0228
ft_hf_lora_Phi-4_v1_2025-04-15_14-00-56,281,0.03519384562969208,0.0141
ft_hf_lora_Phi-4_v1_2025-04-15_14-00-56,282,0.03519384562969208,0.0086
ft_hf_lora_Phi-4_v1_2025-04-15_14-00-56,283,0.03519384562969208,0.0156
ft_hf_lora_Phi-4_v1_2025-04-15_14-00-56,284,0.03519384562969208,0.0154
ft_hf_lora_Phi-4_v1_2025-04-15_14-00-56,285,0.03519384562969208,0.0077
ft_hf_lora_Phi-4_v1_2025-04-15_14-00-56,286,0.03519384562969208,0.0117
ft_hf_lora_Phi-4_v1_2025-04-15_14-00-56,287,0.03519384562969208,0.0262
ft_hf_lora_Phi-4_v1_2025-04-15_14-00-56,288,0.03519384562969208,0.0051
ft_hf_lora_Phi-4_v1_2025-04-15_14-00-56,289,0.03519384562969208,0.0193
ft_hf_lora_Phi-4_v1_2025-04-15_14-00-56,290,0.03519384562969208,0.0166
ft_hf_lora_Phi-4_v1_2025-04-15_14-00-56,290,0.03529180586338043,0.0166
ft_hf_lora_Phi-4_v1_2025-04-15_14-00-56,291,0.03529180586338043,0.0224
ft_hf_lora_Phi-4_v1_2025-04-15_14-00-56,292,0.03529180586338043,0.0137
ft_hf_lora_Phi-4_v1_2025-04-15_14-00-56,293,0.03529180586338043,0.0129
ft_hf_lora_Phi-4_v1_2025-04-15_14-00-56,294,0.03529180586338043,0.022
ft_hf_lora_Phi-4_v1_2025-04-15_14-00-56,295,0.03529180586338043,0.0505
ft_hf_lora_Phi-4_v1_2025-04-15_14-00-56,296,0.03529180586338043,0.0072
ft_hf_lora_Phi-4_v1_2025-04-15_14-00-56,297,0.03529180586338043,0.0055
ft_hf_lora_Phi-4_v1_2025-04-15_14-00-56,298,0.03529180586338043,0.058
ft_hf_lora_Phi-4_v1_2025-04-15_14-00-56,299,0.03529180586338043,0.0243
ft_hf_lora_Phi-4_v1_2025-04-15_14-00-56,300,0.03529180586338043,0.0505
ft_hf_lora_Phi-4_v1_2025-04-15_14-00-56,300,0.035528380423784256,0.0505
ft_hf_lora_Phi-4_v1_2025-04-15_14-00-56,301,0.035528380423784256,0.0257
ft_hf_lora_Phi-4_v1_2025-04-15_14-00-56,302,0.035528380423784256,0.0158
ft_hf_lora_Phi-4_v1_2025-04-15_14-00-56,303,0.035528380423784256,0.0073
ft_hf_lora_Phi-4_v1_2025-04-15_14-00-56,304,0.035528380423784256,0.0237
ft_hf_lora_Phi-4_v1_2025-04-15_14-00-56,305,0.035528380423784256,0.0137
ft_hf_lora_Phi-4_v1_2025-04-15_14-00-56,306,0.035528380423784256,0.0358
ft_hf_lora_Phi-4_v1_2025-04-15_14-00-56,307,0.035528380423784256,0.0287
ft_hf_lora_Phi-4_v1_2025-04-15_14-00-56,308,0.035528380423784256,0.0168
ft_hf_lora_Phi-4_v1_2025-04-15_14-00-56,309,0.035528380423784256,0.0303
ft_hf_lora_Phi-4_v1_2025-04-15_14-00-56,310,0.035528380423784256,0.0127
ft_hf_lora_Phi-4_v1_2025-04-15_14-00-56,310,0.03562798723578453,0.0127
ft_hf_lora_Phi-4_v1_2025-04-15_14-00-56,311,0.03562798723578453,0.0194
ft_hf_lora_Phi-4_v1_2025-04-15_14-00-56,312,0.03562798723578453,0.0253
ft_hf_lora_Phi-4_v1_2025-04-15_14-00-56,313,0.03562798723578453,0.0231
ft_hf_lora_Phi-4_v1_2025-04-15_14-00-56,314,0.03562798723578453,0.0233
ft_hf_lora_Phi-4_v1_2025-04-15_14-00-56,315,0.03562798723578453,0.0172
ft_hf_lora_Phi-4_v1_2025-04-15_14-00-56,316,0.03562798723578453,0.018
ft_hf_lora_Phi-4_v1_2025-04-15_14-00-56,317,0.03562798723578453,0.0109
ft_hf_lora_Phi-4_v1_2025-04-15_14-00-56,318,0.03562798723578453,0.0192
ft_hf_lora_Phi-4_v1_2025-04-15_14-00-56,319,0.03562798723578453,0.0345
ft_hf_lora_Phi-4_v1_2025-04-15_14-00-56,320,0.03562798723578453,0.0166
ft_hf_lora_Phi-4_v1_2025-04-15_14-00-56,320,0.03563198819756508,0.0166
ft_hf_lora_Phi-4_v1_2025-04-15_14-00-56,321,0.03563198819756508,0.0133
ft_hf_lora_Phi-4_v1_2025-04-15_14-00-56,322,0.03563198819756508,0.0444
ft_hf_lora_Phi-4_v1_2025-04-15_14-00-56,323,0.03563198819756508,0.0087
ft_hf_lora_Phi-4_v1_2025-04-15_14-00-56,324,0.03563198819756508,0.0291
ft_hf_lora_Phi-4_v1_2025-04-15_14-00-56,325,0.03563198819756508,0.0278
ft_hf_lora_Phi-4_v1_2025-04-15_14-00-56,326,0.03563198819756508,0.0145
ft_hf_lora_Phi-4_v1_2025-04-15_14-00-56,327,0.03563198819756508,0.0384
ft_hf_lora_Phi-4_v1_2025-04-15_14-00-56,328,0.03563198819756508,0.0264
ft_hf_lora_Phi-4_v1_2025-04-15_14-00-56,329,0.03563198819756508,0.0339
ft_hf_lora_Phi-4_v1_2025-04-15_14-00-56,330,0.03563198819756508,0.0194
ft_hf_lora_Phi-4_v1_2025-04-15_14-00-56,330,0.03577858954668045,0.0194
ft_hf_lora_Phi-4_v1_2025-04-15_14-00-56,330,0.03577858954668045,0.0194
ft_lora_sabia-7b_v1_2025-04-25_17-01-57,91,,3.6869
ft_lora_sabia-7b_v1_2025-04-25_17-01-57,92,,4.238
ft_lora_sabia-7b_v1_2025-04-25_17-01-57,93,,9.0687
ft_lora_sabia-7b_v1_2025-04-25_17-01-57,94,,3.8041
ft_lora_sabia-7b_v1_2025-04-25_17-01-57,95,,3.7632
ft_lora_sabia-7b_v1_2025-04-25_17-01-57,96,,4.3327
ft_lora_sabia-7b_v1_2025-04-25_17-01-57,97,,3.761
ft_lora_sabia-7b_v1_2025-04-25_17-01-57,98,,3.933
ft_lora_sabia-7b_v1_2025-04-25_17-01-57,99,,3.8016
ft_lora_sabia-7b_v1_2025-04-25_17-01-57,100,,4.2803
ft_lora_sabia-7b_v1_2025-04-25_17-01-57,100,3.8341476917266846,4.2803
ft_lora_sabia-7b_v1_2025-04-25_17-01-57,101,3.8341476917266846,3.6641
ft_lora_sabia-7b_v1_2025-04-25_17-01-57,102,3.8341476917266846,3.8344
ft_lora_sabia-7b_v1_2025-04-25_17-01-57,103,3.8341476917266846,3.7608
ft_lora_sabia-7b_v1_2025-04-25_17-01-57,104,3.8341476917266846,3.6509
ft_lora_sabia-7b_v1_2025-04-25_17-01-57,105,3.8341476917266846,3.4941
ft_lora_sabia-7b_v1_2025-04-25_17-01-57,106,3.8341476917266846,3.5909
ft_lora_sabia-7b_v1_2025-04-25_17-01-57,107,3.8341476917266846,3.7719
ft_lora_sabia-7b_v1_2025-04-25_17-01-57,108,3.8341476917266846,4.3166
ft_lora_sabia-7b_v1_2025-04-25_17-01-57,109,3.8341476917266846,4.2905
ft_lora_sabia-7b_v1_2025-04-25_17-01-57,110,3.8341476917266846,3.4476
ft_lora_sabia-7b_v1_2025-04-25_17-01-57,110,3.6468706130981445,3.4476
ft_lora_sabia-7b_v1_2025-04-25_17-01-57,111,3.6468706130981445,3.653
ft_lora_sabia-7b_v1_2025-04-25_17-01-57,112,3.6468706130981445,4.7364
ft_lora_sabia-7b_v1_2025-04-25_17-01-57,113,3.6468706130981445,3.5857
ft_lora_sabia-7b_v1_2025-04-25_17-01-57,114,3.6468706130981445,3.6351
ft_lora_sabia-7b_v1_2025-04-25_17-01-57,115,3.6468706130981445,3.7069
ft_lora_sabia-7b_v1_2025-04-25_17-01-57,116,3.6468706130981445,3.8051
ft_lora_sabia-7b_v1_2025-04-25_17-01-57,117,3.6468706130981445,3.4757
ft_lora_sabia-7b_v1_2025-04-25_17-01-57,118,3.6468706130981445,3.3851
ft_lora_sabia-7b_v1_2025-04-25_17-01-57,119,3.6468706130981445,3.8407
ft_lora_sabia-7b_v1_2025-04-25_17-01-57,120,3.6468706130981445,3.6341
ft_lora_sabia-7b_v1_2025-04-25_17-01-57,120,3.4874753952026367,3.6341
ft_lora_sabia-7b_v1_2025-04-25_17-01-57,121,3.4874753952026367,3.4642
ft_lora_sabia-7b_v1_2025-04-25_17-01-57,122,3.4874753952026367,3.6628
ft_lora_sabia-7b_v1_2025-04-25_17-01-57,123,3.4874753952026367,3.2716
ft_lora_sabia-7b_v1_2025-04-25_17-01-57,124,3.4874753952026367,3.4662
ft_lora_sabia-7b_v1_2025-04-25_17-01-57,125,3.4874753952026367,3.4032
ft_lora_sabia-7b_v1_2025-04-25_17-01-57,126,3.4874753952026367,3.647
ft_lora_sabia-7b_v1_2025-04-25_17-01-57,127,3.4874753952026367,3.7658
ft_lora_sabia-7b_v1_2025-04-25_17-01-57,128,3.4874753952026367,3.4557
ft_lora_sabia-7b_v1_2025-04-25_17-01-57,129,3.4874753952026367,3.4386
ft_lora_sabia-7b_v1_2025-04-25_17-01-57,130,3.4874753952026367,3.54
ft_lora_sabia-7b_v1_2025-04-25_17-01-57,130,3.3394834995269775,3.54
ft_lora_sabia-7b_v1_2025-04-25_17-01-57,131,3.3394834995269775,3.4575
ft_lora_sabia-7b_v1_2025-04-25_17-01-57,132,3.3394834995269775,3.4246
ft_lora_sabia-7b_v1_2025-04-25_17-01-57,133,3.3394834995269775,2.6422
ft_lora_sabia-7b_v1_2025-04-25_17-01-57,134,3.3394834995269775,3.3682
ft_lora_sabia-7b_v1_2025-04-25_17-01-57,135,3.3394834995269775,3.3552
ft_lora_sabia-7b_v1_2025-04-25_17-01-57,136,3.3394834995269775,3.1368
ft_lora_sabia-7b_v1_2025-04-25_17-01-57,137,3.3394834995269775,3.5268
ft_lora_sabia-7b_v1_2025-04-25_17-01-57,138,3.3394834995269775,3.0829
ft_lora_sabia-7b_v1_2025-04-25_17-01-57,139,3.3394834995269775,3.786
ft_lora_sabia-7b_v1_2025-04-25_17-01-57,140,3.3394834995269775,3.0448
ft_lora_sabia-7b_v1_2025-04-25_17-01-57,140,3.199115037918091,3.0448
ft_lora_sabia-7b_v1_2025-04-25_17-01-57,141,3.199115037918091,3.5586
ft_lora_sabia-7b_v1_2025-04-25_17-01-57,142,3.199115037918091,3.2218
ft_lora_sabia-7b_v1_2025-04-25_17-01-57,143,3.199115037918091,3.4502
ft_lora_sabia-7b_v1_2025-04-25_17-01-57,144,3.199115037918091,3.9124
ft_lora_sabia-7b_v1_2025-04-25_17-01-57,145,3.199115037918091,3.3213
ft_lora_sabia-7b_v1_2025-04-25_17-01-57,146,3.199115037918091,2.8824
ft_lora_sabia-7b_v1_2025-04-25_17-01-57,147,3.199115037918091,3.1849
ft_lora_sabia-7b_v1_2025-04-25_17-01-57,148,3.199115037918091,3.1618
ft_lora_sabia-7b_v1_2025-04-25_17-01-57,149,3.199115037918091,2.7526
ft_lora_sabia-7b_v1_2025-04-25_17-01-57,150,3.199115037918091,3.1187
ft_lora_sabia-7b_v1_2025-04-25_17-01-57,150,3.072779893875122,3.1187
ft_lora_sabia-7b_v1_2025-04-25_17-01-57,151,3.072779893875122,3.0447
ft_lora_sabia-7b_v1_2025-04-25_17-01-57,152,3.072779893875122,3.0026
ft_lora_sabia-7b_v1_2025-04-25_17-01-57,153,3.072779893875122,3.0195
ft_lora_sabia-7b_v1_2025-04-25_17-01-57,154,3.072779893875122,3.1777
ft_lora_sabia-7b_v1_2025-04-25_17-01-57,155,3.072779893875122,3.1369
ft_lora_sabia-7b_v1_2025-04-25_17-01-57,156,3.072779893875122,2.7942
ft_lora_sabia-7b_v1_2025-04-25_17-01-57,157,3.072779893875122,3.8429
ft_lora_sabia-7b_v1_2025-04-25_17-01-57,158,3.072779893875122,3.4972
ft_lora_sabia-7b_v1_2025-04-25_17-01-57,159,3.072779893875122,2.8309
ft_lora_sabia-7b_v1_2025-04-25_17-01-57,160,3.072779893875122,2.9648
ft_lora_sabia-7b_v1_2025-04-25_17-01-57,160,2.959962844848633,2.9648
ft_lora_sabia-7b_v1_2025-04-25_17-01-57,161,2.959962844848633,2.6335
ft_lora_sabia-7b_v1_2025-04-25_17-01-57,162,2.959962844848633,3.0545
ft_lora_sabia-7b_v1_2025-04-25_17-01-57,163,2.959962844848633,2.6945
ft_lora_sabia-7b_v1_2025-04-25_17-01-57,164,2.959962844848633,3.014
ft_lora_sabia-7b_v1_2025-04-25_17-01-57,165,2.959962844848633,3.0732
ft_lora_sabia-7b_v1_2025-04-25_17-01-57,166,2.959962844848633,3.1477
ft_lora_sabia-7b_v1_2025-04-25_17-01-57,167,2.959962844848633,2.8914
ft_lora_sabia-7b_v1_2025-04-25_17-01-57,168,2.959962844848633,2.9373
ft_lora_sabia-7b_v1_2025-04-25_17-01-57,169,2.959962844848633,2.8086
ft_lora_sabia-7b_v1_2025-04-25_17-01-57,170,2.959962844848633,2.9473
ft_lora_sabia-7b_v1_2025-04-25_17-01-57,170,2.861696243286133,2.9473
ft_lora_sabia-7b_v1_2025-04-25_17-01-57,171,2.861696243286133,3.324
ft_lora_sabia-7b_v1_2025-04-25_17-01-57,172,2.861696243286133,2.7878
ft_lora_sabia-7b_v1_2025-04-25_17-01-57,173,2.861696243286133,3.0936
ft_lora_sabia-7b_v1_2025-04-25_17-01-57,174,2.861696243286133,2.576
ft_lora_sabia-7b_v1_2025-04-25_17-01-57,175,2.861696243286133,2.7988
ft_lora_sabia-7b_v1_2025-04-25_17-01-57,176,2.861696243286133,3.1215
ft_lora_sabia-7b_v1_2025-04-25_17-01-57,177,2.861696243286133,3.3222
ft_lora_sabia-7b_v1_2025-04-25_17-01-57,178,2.861696243286133,3.169
ft_lora_sabia-7b_v1_2025-04-25_17-01-57,179,2.861696243286133,2.8829
ft_lora_sabia-7b_v1_2025-04-25_17-01-57,180,2.861696243286133,2.605
ft_lora_sabia-7b_v1_2025-04-25_17-01-57,180,2.7732737064361572,2.605
ft_lora_sabia-7b_v1_2025-04-25_17-01-57,181,2.7732737064361572,2.4452
ft_lora_sabia-7b_v1_2025-04-25_17-01-57,182,2.7732737064361572,2.7485
ft_lora_sabia-7b_v1_2025-04-25_17-01-57,183,2.7732737064361572,2.6052
ft_lora_sabia-7b_v1_2025-04-25_17-01-57,184,2.7732737064361572,3.0948
ft_lora_sabia-7b_v1_2025-04-25_17-01-57,185,2.7732737064361572,2.9733
ft_lora_sabia-7b_v1_2025-04-25_17-01-57,186,2.7732737064361572,2.7927
ft_lora_sabia-7b_v1_2025-04-25_17-01-57,187,2.7732737064361572,2.4061
ft_lora_sabia-7b_v1_2025-04-25_17-01-57,188,2.7732737064361572,3.2269
ft_lora_sabia-7b_v1_2025-04-25_17-01-57,189,2.7732737064361572,2.8145
ft_lora_sabia-7b_v1_2025-04-25_17-01-57,190,2.7732737064361572,2.1488
ft_lora_sabia-7b_v1_2025-04-25_17-01-57,190,2.695263385772705,2.1488
ft_lora_sabia-7b_v1_2025-04-25_17-01-57,191,2.695263385772705,2.6965
ft_lora_sabia-7b_v1_2025-04-25_17-01-57,192,2.695263385772705,3.0623
ft_lora_sabia-7b_v1_2025-04-25_17-01-57,193,2.695263385772705,2.6936
ft_lora_sabia-7b_v1_2025-04-25_17-01-57,194,2.695263385772705,2.6581
ft_lora_sabia-7b_v1_2025-04-25_17-01-57,195,2.695263385772705,2.5491
ft_lora_sabia-7b_v1_2025-04-25_17-01-57,196,2.695263385772705,2.8732
ft_lora_sabia-7b_v1_2025-04-25_17-01-57,197,2.695263385772705,3.0428
ft_lora_sabia-7b_v1_2025-04-25_17-01-57,198,2.695263385772705,2.841
ft_lora_sabia-7b_v1_2025-04-25_17-01-57,199,2.695263385772705,2.5469
ft_lora_sabia-7b_v1_2025-04-25_17-01-57,200,2.695263385772705,2.5031
ft_lora_sabia-7b_v1_2025-04-25_17-01-57,200,2.623962879180908,2.5031
ft_lora_sabia-7b_v1_2025-04-25_17-01-57,201,2.623962879180908,2.9838
ft_lora_sabia-7b_v1_2025-04-25_17-01-57,202,2.623962879180908,2.4955
ft_lora_sabia-7b_v1_2025-04-25_17-01-57,203,2.623962879180908,2.5999
ft_lora_sabia-7b_v1_2025-04-25_17-01-57,204,2.623962879180908,2.5736
ft_lora_sabia-7b_v1_2025-04-25_17-01-57,205,2.623962879180908,3.0333
ft_lora_sabia-7b_v1_2025-04-25_17-01-57,206,2.623962879180908,2.5608
ft_lora_sabia-7b_v1_2025-04-25_17-01-57,207,2.623962879180908,3.22
ft_lora_sabia-7b_v1_2025-04-25_17-01-57,208,2.623962879180908,2.3549
ft_lora_sabia-7b_v1_2025-04-25_17-01-57,209,2.623962879180908,2.6335
ft_lora_sabia-7b_v1_2025-04-25_17-01-57,210,2.623962879180908,2.4193
ft_lora_sabia-7b_v1_2025-04-25_17-01-57,210,2.557699680328369,2.4193
ft_lora_sabia-7b_v1_2025-04-25_17-01-57,211,2.557699680328369,2.3937
ft_lora_sabia-7b_v1_2025-04-25_17-01-57,212,2.557699680328369,2.7869
ft_lora_sabia-7b_v1_2025-04-25_17-01-57,213,2.557699680328369,2.4828
ft_lora_sabia-7b_v1_2025-04-25_17-01-57,214,2.557699680328369,3.0645
ft_lora_sabia-7b_v1_2025-04-25_17-01-57,215,2.557699680328369,2.4549
ft_lora_sabia-7b_v1_2025-04-25_17-01-57,216,2.557699680328369,2.8411
ft_lora_sabia-7b_v1_2025-04-25_17-01-57,217,2.557699680328369,2.5078
ft_lora_sabia-7b_v1_2025-04-25_17-01-57,218,2.557699680328369,2.3466
ft_lora_sabia-7b_v1_2025-04-25_17-01-57,219,2.557699680328369,2.2951
ft_lora_sabia-7b_v1_2025-04-25_17-01-57,220,2.557699680328369,2.6912
ft_lora_sabia-7b_v1_2025-04-25_17-01-57,220,2.4996986389160156,2.6912
ft_lora_sabia-7b_v1_2025-04-25_17-01-57,221,2.4996986389160156,2.7891
ft_lora_sabia-7b_v1_2025-04-25_17-01-57,222,2.4996986389160156,2.8376
ft_lora_sabia-7b_v1_2025-04-25_17-01-57,223,2.4996986389160156,2.6777
ft_lora_sabia-7b_v1_2025-04-25_17-01-57,224,2.4996986389160156,2.4901
ft_lora_sabia-7b_v1_2025-04-25_17-01-57,225,2.4996986389160156,2.1211
ft_lora_sabia-7b_v1_2025-04-25_17-01-57,226,2.4996986389160156,2.398
ft_lora_sabia-7b_v1_2025-04-25_17-01-57,227,2.4996986389160156,2.8506
ft_lora_sabia-7b_v1_2025-04-25_17-01-57,228,2.4996986389160156,2.4834
ft_lora_sabia-7b_v1_2025-04-25_17-01-57,229,2.4996986389160156,2.6323
ft_lora_sabia-7b_v1_2025-04-25_17-01-57,230,2.4996986389160156,2.2872
ft_lora_sabia-7b_v1_2025-04-25_17-01-57,230,2.4436895847320557,2.2872
ft_lora_sabia-7b_v1_2025-04-25_17-01-57,231,2.4436895847320557,3.278
ft_lora_sabia-7b_v1_2025-04-25_17-01-57,232,2.4436895847320557,2.5208
ft_lora_sabia-7b_v1_2025-04-25_17-01-57,233,2.4436895847320557,2.2428
ft_lora_sabia-7b_v1_2025-04-25_17-01-57,234,2.4436895847320557,2.2875
ft_lora_sabia-7b_v1_2025-04-25_17-01-57,235,2.4436895847320557,2.3484
ft_lora_sabia-7b_v1_2025-04-25_17-01-57,236,2.4436895847320557,2.3589
ft_lora_sabia-7b_v1_2025-04-25_17-01-57,237,2.4436895847320557,2.4167
ft_lora_sabia-7b_v1_2025-04-25_17-01-57,238,2.4436895847320557,2.5932
ft_lora_sabia-7b_v1_2025-04-25_17-01-57,239,2.4436895847320557,2.2749
ft_lora_sabia-7b_v1_2025-04-25_17-01-57,240,2.4436895847320557,2.8528
ft_lora_sabia-7b_v1_2025-04-25_17-01-57,240,2.390960693359375,2.8528
ft_lora_sabia-7b_v1_2025-04-25_17-01-57,241,2.390960693359375,2.5194
ft_lora_sabia-7b_v1_2025-04-25_17-01-57,242,2.390960693359375,2.2201
ft_lora_sabia-7b_v1_2025-04-25_17-01-57,243,2.390960693359375,2.334
ft_lora_sabia-7b_v1_2025-04-25_17-01-57,244,2.390960693359375,2.4255
ft_lora_sabia-7b_v1_2025-04-25_17-01-57,245,2.390960693359375,2.7699
ft_lora_sabia-7b_v1_2025-04-25_17-01-57,246,2.390960693359375,2.5167
ft_lora_sabia-7b_v1_2025-04-25_17-01-57,247,2.390960693359375,2.4184
ft_lora_sabia-7b_v1_2025-04-25_17-01-57,248,2.390960693359375,2.4974
ft_lora_sabia-7b_v1_2025-04-25_17-01-57,249,2.390960693359375,2.5428
ft_lora_sabia-7b_v1_2025-04-25_17-01-57,250,2.390960693359375,2.3804
ft_lora_sabia-7b_v1_2025-04-25_17-01-57,250,2.3416616916656494,2.3804
ft_lora_sabia-7b_v1_2025-04-25_17-01-57,251,2.3416616916656494,1.9638
ft_lora_sabia-7b_v1_2025-04-25_17-01-57,252,2.3416616916656494,1.9779
ft_lora_sabia-7b_v1_2025-04-25_17-01-57,253,2.3416616916656494,2.4011
ft_lora_sabia-7b_v1_2025-04-25_17-01-57,254,2.3416616916656494,2.4017
ft_lora_sabia-7b_v1_2025-04-25_17-01-57,255,2.3416616916656494,2.2107
ft_lora_sabia-7b_v1_2025-04-25_17-01-57,256,2.3416616916656494,2.4874
ft_lora_sabia-7b_v1_2025-04-25_17-01-57,257,2.3416616916656494,2.7745
ft_lora_sabia-7b_v1_2025-04-25_17-01-57,258,2.3416616916656494,2.292
ft_lora_sabia-7b_v1_2025-04-25_17-01-57,259,2.3416616916656494,2.4602
ft_lora_sabia-7b_v1_2025-04-25_17-01-57,260,2.3416616916656494,2.5896
ft_lora_sabia-7b_v1_2025-04-25_17-01-57,260,2.2935075759887695,2.5896
ft_lora_sabia-7b_v1_2025-04-25_17-01-57,261,2.2935075759887695,1.82
ft_lora_sabia-7b_v1_2025-04-25_17-01-57,262,2.2935075759887695,2.9391
ft_lora_sabia-7b_v1_2025-04-25_17-01-57,263,2.2935075759887695,2.6821
ft_lora_sabia-7b_v1_2025-04-25_17-01-57,264,2.2935075759887695,2.1528
ft_lora_sabia-7b_v1_2025-04-25_17-01-57,265,2.2935075759887695,2.3637
ft_lora_sabia-7b_v1_2025-04-25_17-01-57,266,2.2935075759887695,2.3939
ft_lora_sabia-7b_v1_2025-04-25_17-01-57,267,2.2935075759887695,2.3224
ft_lora_sabia-7b_v1_2025-04-25_17-01-57,268,2.2935075759887695,2.4585
ft_lora_sabia-7b_v1_2025-04-25_17-01-57,269,2.2935075759887695,2.1259
ft_lora_sabia-7b_v1_2025-04-25_17-01-57,270,2.2935075759887695,1.9842
ft_lora_sabia-7b_v1_2025-04-25_17-01-57,270,2.247897148132324,1.9842
ft_lora_sabia-7b_v1_2025-04-25_17-01-57,271,2.247897148132324,2.4552
ft_lora_sabia-7b_v1_2025-04-25_17-01-57,272,2.247897148132324,2.0415
ft_lora_sabia-7b_v1_2025-04-25_17-01-57,273,2.247897148132324,2.3938
ft_lora_sabia-7b_v1_2025-04-25_17-01-57,274,2.247897148132324,2.512
ft_lora_sabia-7b_v1_2025-04-25_17-01-57,275,2.247897148132324,2.2676
ft_lora_sabia-7b_v1_2025-04-25_17-01-57,276,2.247897148132324,2.1282
ft_lora_sabia-7b_v1_2025-04-25_17-01-57,277,2.247897148132324,2.9138
ft_lora_sabia-7b_v1_2025-04-25_17-01-57,278,2.247897148132324,2.4138
ft_lora_sabia-7b_v1_2025-04-25_17-01-57,279,2.247897148132324,2.5895
ft_lora_sabia-7b_v1_2025-04-25_17-01-57,280,2.247897148132324,2.8757
ft_lora_sabia-7b_v1_2025-04-25_17-01-57,280,2.202054500579834,2.8757
ft_lora_sabia-7b_v1_2025-04-25_17-01-57,281,2.202054500579834,2.0894
ft_lora_sabia-7b_v1_2025-04-25_17-01-57,282,2.202054500579834,2.6149
ft_lora_sabia-7b_v1_2025-04-25_17-01-57,283,2.202054500579834,2.1319
ft_lora_sabia-7b_v1_2025-04-25_17-01-57,284,2.202054500579834,2.1795
ft_lora_sabia-7b_v1_2025-04-25_17-01-57,285,2.202054500579834,1.9175
ft_lora_sabia-7b_v1_2025-04-25_17-01-57,286,2.202054500579834,2.2635
ft_lora_sabia-7b_v1_2025-04-25_17-01-57,287,2.202054500579834,2.6453
ft_lora_sabia-7b_v1_2025-04-25_17-01-57,288,2.202054500579834,2.4837
ft_lora_sabia-7b_v1_2025-04-25_17-01-57,289,2.202054500579834,2.3205
ft_lora_sabia-7b_v1_2025-04-25_17-01-57,290,2.202054500579834,2.5769
ft_lora_sabia-7b_v1_2025-04-25_17-01-57,290,2.159008741378784,2.5769
ft_lora_sabia-7b_v1_2025-04-25_17-01-57,291,2.159008741378784,2.3036
ft_lora_sabia-7b_v1_2025-04-25_17-01-57,292,2.159008741378784,2.3747
ft_lora_sabia-7b_v1_2025-04-25_17-01-57,293,2.159008741378784,1.9444
ft_lora_sabia-7b_v1_2025-04-25_17-01-57,294,2.159008741378784,2.7144
ft_lora_sabia-7b_v1_2025-04-25_17-01-57,295,2.159008741378784,2.4132
ft_lora_sabia-7b_v1_2025-04-25_17-01-57,296,2.159008741378784,2.272
ft_lora_sabia-7b_v1_2025-04-25_17-01-57,297,2.159008741378784,2.4482
ft_lora_sabia-7b_v1_2025-04-25_17-01-57,298,2.159008741378784,2.2859
ft_lora_sabia-7b_v1_2025-04-25_17-01-57,299,2.159008741378784,2.773
ft_lora_sabia-7b_v1_2025-04-25_17-01-57,300,2.159008741378784,2.02
ft_lora_sabia-7b_v1_2025-04-25_17-01-57,300,2.118865966796875,2.02
ft_lora_sabia-7b_v1_2025-04-25_17-01-57,301,2.118865966796875,1.9501
ft_lora_sabia-7b_v1_2025-04-25_17-01-57,302,2.118865966796875,2.6393
ft_lora_sabia-7b_v1_2025-04-25_17-01-57,303,2.118865966796875,1.954
ft_lora_sabia-7b_v1_2025-04-25_17-01-57,304,2.118865966796875,2.1203
ft_lora_sabia-7b_v1_2025-04-25_17-01-57,305,2.118865966796875,1.7342
ft_lora_sabia-7b_v1_2025-04-25_17-01-57,306,2.118865966796875,2.0801
ft_lora_sabia-7b_v1_2025-04-25_17-01-57,307,2.118865966796875,1.6097
ft_lora_sabia-7b_v1_2025-04-25_17-01-57,308,2.118865966796875,1.9169
ft_lora_sabia-7b_v1_2025-04-25_17-01-57,309,2.118865966796875,1.5621
ft_lora_sabia-7b_v1_2025-04-25_17-01-57,310,2.118865966796875,2.3739
ft_lora_sabia-7b_v1_2025-04-25_17-01-57,310,2.079390048980713,2.3739
ft_lora_sabia-7b_v1_2025-04-25_17-01-57,311,2.079390048980713,2.1782
ft_lora_sabia-7b_v1_2025-04-25_17-01-57,312,2.079390048980713,2.1594
ft_lora_sabia-7b_v1_2025-04-25_17-01-57,313,2.079390048980713,2.2195
ft_lora_sabia-7b_v1_2025-04-25_17-01-57,314,2.079390048980713,2.3496
ft_lora_sabia-7b_v1_2025-04-25_17-01-57,315,2.079390048980713,2.5596
ft_lora_sabia-7b_v1_2025-04-25_17-01-57,316,2.079390048980713,2.0062
ft_lora_sabia-7b_v1_2025-04-25_17-01-57,317,2.079390048980713,1.8794
ft_lora_sabia-7b_v1_2025-04-25_17-01-57,318,2.079390048980713,2.2102
ft_lora_sabia-7b_v1_2025-04-25_17-01-57,319,2.079390048980713,1.7708
ft_lora_sabia-7b_v1_2025-04-25_17-01-57,320,2.079390048980713,1.5692
ft_lora_sabia-7b_v1_2025-04-25_17-01-57,320,2.0419249534606934,1.5692
ft_lora_sabia-7b_v1_2025-04-25_17-01-57,321,2.0419249534606934,1.8387
ft_lora_sabia-7b_v1_2025-04-25_17-01-57,322,2.0419249534606934,2.1419
ft_lora_sabia-7b_v1_2025-04-25_17-01-57,323,2.0419249534606934,2.2231
ft_lora_sabia-7b_v1_2025-04-25_17-01-57,324,2.0419249534606934,2.2648
ft_lora_sabia-7b_v1_2025-04-25_17-01-57,325,2.0419249534606934,2.0914
ft_lora_sabia-7b_v1_2025-04-25_17-01-57,326,2.0419249534606934,2.216
ft_lora_sabia-7b_v1_2025-04-25_17-01-57,327,2.0419249534606934,2.7519
ft_lora_sabia-7b_v1_2025-04-25_17-01-57,328,2.0419249534606934,2.0015
ft_lora_sabia-7b_v1_2025-04-25_17-01-57,329,2.0419249534606934,2.0787
ft_lora_sabia-7b_v1_2025-04-25_17-01-57,330,2.0419249534606934,1.8528
ft_lora_sabia-7b_v1_2025-04-25_17-01-57,330,2.0097463130950928,1.8528
ft_lora_sabia-7b_v1_2025-04-25_17-01-57,331,2.0097463130950928,1.9995
ft_lora_sabia-7b_v1_2025-04-25_17-01-57,332,2.0097463130950928,2.2436
ft_lora_sabia-7b_v1_2025-04-25_17-01-57,333,2.0097463130950928,1.9219
ft_lora_sabia-7b_v1_2025-04-25_17-01-57,334,2.0097463130950928,2.0949
ft_lora_sabia-7b_v1_2025-04-25_17-01-57,335,2.0097463130950928,2.1735
ft_lora_sabia-7b_v1_2025-04-25_17-01-57,336,2.0097463130950928,2.0003
ft_lora_sabia-7b_v1_2025-04-25_17-01-57,337,2.0097463130950928,2.1098
ft_lora_sabia-7b_v1_2025-04-25_17-01-57,338,2.0097463130950928,1.8285
ft_lora_sabia-7b_v1_2025-04-25_17-01-57,339,2.0097463130950928,2.4865
ft_lora_sabia-7b_v1_2025-04-25_17-01-57,340,2.0097463130950928,1.6394
ft_lora_sabia-7b_v1_2025-04-25_17-01-57,340,1.9803009033203125,1.6394
ft_lora_sabia-7b_v1_2025-04-25_17-01-57,341,1.9803009033203125,2.1151
ft_lora_sabia-7b_v1_2025-04-25_17-01-57,342,1.9803009033203125,1.7258
ft_lora_sabia-7b_v1_2025-04-25_17-01-57,343,1.9803009033203125,1.8585
ft_lora_sabia-7b_v1_2025-04-25_17-01-57,344,1.9803009033203125,2.3167
ft_lora_sabia-7b_v1_2025-04-25_17-01-57,345,1.9803009033203125,2.7069
ft_lora_sabia-7b_v1_2025-04-25_17-01-57,346,1.9803009033203125,2.0704
ft_lora_sabia-7b_v1_2025-04-25_17-01-57,347,1.9803009033203125,1.8299
ft_lora_sabia-7b_v1_2025-04-25_17-01-57,348,1.9803009033203125,2.5261
ft_lora_sabia-7b_v1_2025-04-25_17-01-57,349,1.9803009033203125,2.0333
ft_lora_sabia-7b_v1_2025-04-25_17-01-57,350,1.9803009033203125,1.7366
ft_lora_sabia-7b_v1_2025-04-25_17-01-57,350,1.954851746559143,1.7366
ft_lora_sabia-7b_v1_2025-04-25_17-01-57,351,1.954851746559143,2.1354
ft_lora_sabia-7b_v1_2025-04-25_17-01-57,352,1.954851746559143,2.0101
ft_lora_sabia-7b_v1_2025-04-25_17-01-57,353,1.954851746559143,1.9414
ft_lora_sabia-7b_v1_2025-04-25_17-01-57,354,1.954851746559143,2.1053
ft_lora_sabia-7b_v1_2025-04-25_17-01-57,355,1.954851746559143,2.1784
ft_lora_sabia-7b_v1_2025-04-25_17-01-57,356,1.954851746559143,2.1258
ft_lora_sabia-7b_v1_2025-04-25_17-01-57,357,1.954851746559143,2.3784
ft_lora_sabia-7b_v1_2025-04-25_17-01-57,358,1.954851746559143,1.5385
ft_lora_sabia-7b_v1_2025-04-25_17-01-57,359,1.954851746559143,2.404
ft_lora_sabia-7b_v1_2025-04-25_17-01-57,360,1.954851746559143,1.8116
ft_lora_sabia-7b_v1_2025-04-25_17-01-57,360,1.9319733381271362,1.8116
ft_lora_sabia-7b_v1_2025-04-25_17-01-57,361,1.9319733381271362,1.6545
ft_lora_sabia-7b_v1_2025-04-25_17-01-57,362,1.9319733381271362,2.2315
ft_lora_sabia-7b_v1_2025-04-25_17-01-57,363,1.9319733381271362,2.0546
ft_lora_sabia-7b_v1_2025-04-25_17-01-57,364,1.9319733381271362,2.2207
ft_lora_sabia-7b_v1_2025-04-25_17-01-57,365,1.9319733381271362,2.0212
ft_lora_sabia-7b_v1_2025-04-25_17-01-57,366,1.9319733381271362,1.9959
ft_lora_sabia-7b_v1_2025-04-25_17-01-57,367,1.9319733381271362,2.7291
ft_lora_sabia-7b_v1_2025-04-25_17-01-57,368,1.9319733381271362,1.6963
ft_lora_sabia-7b_v1_2025-04-25_17-01-57,369,1.9319733381271362,1.937
ft_lora_sabia-7b_v1_2025-04-25_17-01-57,370,1.9319733381271362,1.7877
ft_lora_sabia-7b_v1_2025-04-25_17-01-57,370,1.9122722148895264,1.7877
ft_lora_sabia-7b_v1_2025-04-25_17-01-57,371,1.9122722148895264,2.2089
ft_lora_sabia-7b_v1_2025-04-25_17-01-57,372,1.9122722148895264,1.5852
ft_lora_sabia-7b_v1_2025-04-25_17-01-57,373,1.9122722148895264,1.9397
ft_lora_sabia-7b_v1_2025-04-25_17-01-57,374,1.9122722148895264,1.7421
ft_lora_sabia-7b_v1_2025-04-25_17-01-57,375,1.9122722148895264,1.8478
ft_lora_sabia-7b_v1_2025-04-25_17-01-57,376,1.9122722148895264,2.0424
ft_lora_sabia-7b_v1_2025-04-25_17-01-57,377,1.9122722148895264,2.4223
ft_lora_sabia-7b_v1_2025-04-25_17-01-57,378,1.9122722148895264,1.8098
ft_lora_sabia-7b_v1_2025-04-25_17-01-57,379,1.9122722148895264,2.0985
ft_lora_sabia-7b_v1_2025-04-25_17-01-57,380,1.9122722148895264,1.6673
ft_lora_sabia-7b_v1_2025-04-25_17-01-57,380,1.895636796951294,1.6673
ft_lora_sabia-7b_v1_2025-04-25_17-01-57,381,1.895636796951294,1.98
ft_lora_sabia-7b_v1_2025-04-25_17-01-57,382,1.895636796951294,1.8141
ft_lora_sabia-7b_v1_2025-04-25_17-01-57,383,1.895636796951294,1.6938
ft_lora_sabia-7b_v1_2025-04-25_17-01-57,384,1.895636796951294,1.7944
ft_lora_sabia-7b_v1_2025-04-25_17-01-57,385,1.895636796951294,2.1576
ft_lora_sabia-7b_v1_2025-04-25_17-01-57,386,1.895636796951294,2.0272
ft_lora_sabia-7b_v1_2025-04-25_17-01-57,387,1.895636796951294,2.2607
ft_lora_sabia-7b_v1_2025-04-25_17-01-57,388,1.895636796951294,2.6726
ft_lora_sabia-7b_v1_2025-04-25_17-01-57,389,1.895636796951294,1.8302
ft_lora_sabia-7b_v1_2025-04-25_17-01-57,390,1.895636796951294,1.9995
ft_lora_sabia-7b_v1_2025-04-25_17-01-57,390,1.8811087608337402,1.9995
ft_lora_sabia-7b_v1_2025-04-25_17-01-57,391,1.8811087608337402,2.0469
ft_lora_sabia-7b_v1_2025-04-25_17-01-57,392,1.8811087608337402,1.907
ft_lora_sabia-7b_v1_2025-04-25_17-01-57,393,1.8811087608337402,1.8407
ft_lora_sabia-7b_v1_2025-04-25_17-01-57,394,1.8811087608337402,1.9796
ft_lora_sabia-7b_v1_2025-04-25_17-01-57,395,1.8811087608337402,1.9925
ft_lora_sabia-7b_v1_2025-04-25_17-01-57,396,1.8811087608337402,1.5133
ft_lora_sabia-7b_v1_2025-04-25_17-01-57,397,1.8811087608337402,2.3798
ft_lora_sabia-7b_v1_2025-04-25_17-01-57,398,1.8811087608337402,1.8906
ft_lora_sabia-7b_v1_2025-04-25_17-01-57,399,1.8811087608337402,1.9634
ft_lora_sabia-7b_v1_2025-04-25_17-01-57,400,1.8811087608337402,1.5157
ft_lora_sabia-7b_v1_2025-04-25_17-01-57,400,1.8685787916183472,1.5157
ft_lora_sabia-7b_v1_2025-04-25_17-01-57,401,1.8685787916183472,2.0905
ft_lora_sabia-7b_v1_2025-04-25_17-01-57,402,1.8685787916183472,1.3339
ft_lora_sabia-7b_v1_2025-04-25_17-01-57,403,1.8685787916183472,1.6922
ft_lora_sabia-7b_v1_2025-04-25_17-01-57,404,1.8685787916183472,1.6717
ft_lora_sabia-7b_v1_2025-04-25_17-01-57,405,1.8685787916183472,2.3002
ft_lora_sabia-7b_v1_2025-04-25_17-01-57,406,1.8685787916183472,1.7366
ft_lora_sabia-7b_v1_2025-04-25_17-01-57,407,1.8685787916183472,2.621
ft_lora_sabia-7b_v1_2025-04-25_17-01-57,408,1.8685787916183472,2.3911
ft_lora_sabia-7b_v1_2025-04-25_17-01-57,409,1.8685787916183472,1.6819
ft_lora_sabia-7b_v1_2025-04-25_17-01-57,410,1.8685787916183472,2.3068
ft_lora_sabia-7b_v1_2025-04-25_17-01-57,410,1.8581713438034058,2.3068
ft_lora_sabia-7b_v1_2025-04-25_17-01-57,411,1.8581713438034058,2.1729
ft_lora_sabia-7b_v1_2025-04-25_17-01-57,412,1.8581713438034058,1.8584
ft_lora_sabia-7b_v1_2025-04-25_17-01-57,413,1.8581713438034058,1.7668
ft_lora_sabia-7b_v1_2025-04-25_17-01-57,414,1.8581713438034058,1.7816
ft_lora_sabia-7b_v1_2025-04-25_17-01-57,415,1.8581713438034058,1.8859
ft_lora_sabia-7b_v1_2025-04-25_17-01-57,416,1.8581713438034058,2.2574
ft_lora_sabia-7b_v1_2025-04-25_17-01-57,417,1.8581713438034058,1.882
ft_lora_sabia-7b_v1_2025-04-25_17-01-57,418,1.8581713438034058,1.8156
ft_lora_sabia-7b_v1_2025-04-25_17-01-57,419,1.8581713438034058,1.8666
ft_lora_sabia-7b_v1_2025-04-25_17-01-57,420,1.8581713438034058,1.6074
ft_lora_sabia-7b_v1_2025-04-25_17-01-57,420,1.8503385782241821,1.6074
ft_lora_sabia-7b_v1_2025-04-25_17-01-57,421,1.8503385782241821,1.8957
ft_lora_sabia-7b_v1_2025-04-25_17-01-57,422,1.8503385782241821,2.0166
ft_lora_sabia-7b_v1_2025-04-25_17-01-57,423,1.8503385782241821,2.4843
ft_lora_sabia-7b_v1_2025-04-25_17-01-57,424,1.8503385782241821,1.6285
ft_lora_sabia-7b_v1_2025-04-25_17-01-57,425,1.8503385782241821,2.1916
ft_lora_sabia-7b_v1_2025-04-25_17-01-57,426,1.8503385782241821,2.3782
ft_lora_sabia-7b_v1_2025-04-25_17-01-57,427,1.8503385782241821,2.2966
ft_lora_sabia-7b_v1_2025-04-25_17-01-57,428,1.8503385782241821,1.3296
ft_lora_sabia-7b_v1_2025-04-25_17-01-57,429,1.8503385782241821,2.4199
ft_lora_sabia-7b_v1_2025-04-25_17-01-57,430,1.8503385782241821,1.5624
ft_lora_sabia-7b_v1_2025-04-25_17-01-57,430,1.8440101146697998,1.5624
ft_lora_sabia-7b_v1_2025-04-25_17-01-57,431,1.8440101146697998,1.6638
ft_lora_sabia-7b_v1_2025-04-25_17-01-57,432,1.8440101146697998,1.8307
ft_lora_sabia-7b_v1_2025-04-25_17-01-57,433,1.8440101146697998,1.8495
ft_lora_sabia-7b_v1_2025-04-25_17-01-57,434,1.8440101146697998,1.8574
ft_lora_sabia-7b_v1_2025-04-25_17-01-57,435,1.8440101146697998,2.072
ft_lora_sabia-7b_v1_2025-04-25_17-01-57,436,1.8440101146697998,2.1574
ft_lora_sabia-7b_v1_2025-04-25_17-01-57,437,1.8440101146697998,1.4661
ft_lora_sabia-7b_v1_2025-04-25_17-01-57,438,1.8440101146697998,2.0634
ft_lora_sabia-7b_v1_2025-04-25_17-01-57,439,1.8440101146697998,2.0121
ft_lora_sabia-7b_v1_2025-04-25_17-01-57,440,1.8440101146697998,1.8056
ft_lora_sabia-7b_v1_2025-04-25_17-01-57,440,1.8395161628723145,1.8056
ft_lora_sabia-7b_v1_2025-04-25_17-01-57,441,1.8395161628723145,2.0508
ft_lora_sabia-7b_v1_2025-04-25_17-01-57,442,1.8395161628723145,1.4657
ft_lora_sabia-7b_v1_2025-04-25_17-01-57,443,1.8395161628723145,1.8167
ft_lora_sabia-7b_v1_2025-04-25_17-01-57,444,1.8395161628723145,1.8794
ft_lora_sabia-7b_v1_2025-04-25_17-01-57,445,1.8395161628723145,1.8132
ft_lora_sabia-7b_v1_2025-04-25_17-01-57,446,1.8395161628723145,1.7469
ft_lora_sabia-7b_v1_2025-04-25_17-01-57,447,1.8395161628723145,1.5983
ft_lora_sabia-7b_v1_2025-04-25_17-01-57,448,1.8395161628723145,1.8477
ft_lora_sabia-7b_v1_2025-04-25_17-01-57,449,1.8395161628723145,1.7742
ft_lora_sabia-7b_v1_2025-04-25_17-01-57,450,1.8395161628723145,2.4837
ft_lora_sabia-7b_v1_2025-04-25_17-01-57,450,1.8369736671447754,2.4837
ft_lora_sabia-7b_v1_2025-04-25_17-01-57,451,1.8369736671447754,1.9243
ft_lora_sabia-7b_v1_2025-04-25_17-01-57,452,1.8369736671447754,1.8523
ft_lora_sabia-7b_v1_2025-04-25_17-01-57,453,1.8369736671447754,1.843
ft_lora_sabia-7b_v1_2025-04-25_17-01-57,454,1.8369736671447754,1.4686
ft_lora_sabia-7b_v1_2025-04-25_17-01-57,455,1.8369736671447754,1.868
ft_lora_sabia-7b_v1_2025-04-25_17-01-57,456,1.8369736671447754,1.6221
ft_lora_sabia-7b_v1_2025-04-25_17-01-57,457,1.8369736671447754,2.381
ft_lora_sabia-7b_v1_2025-04-25_17-01-57,458,1.8369736671447754,2.0047
ft_lora_sabia-7b_v1_2025-04-25_17-01-57,459,1.8369736671447754,1.8282
ft_lora_sabia-7b_v1_2025-04-25_17-01-57,460,1.8369736671447754,1.3726
ft_lora_sabia-7b_v1_2025-04-25_17-01-57,460,1.8361510038375854,1.3726
ft_lora_sabia-7b_v1_2025-04-25_17-01-57,460,1.8361510038375854,1.3726
ft_lora_sabia-7b_v1_2025-04-25_16-23-11,1,,6.4242
ft_lora_sabia-7b_v1_2025-04-25_16-23-11,2,,6.7606
ft_lora_sabia-7b_v1_2025-04-25_16-23-11,3,,7.061
ft_lora_sabia-7b_v1_2025-04-25_16-23-11,4,,6.0966
ft_lora_sabia-7b_v1_2025-04-25_16-23-11,5,,6.9739
ft_lora_sabia-7b_v1_2025-04-25_16-23-11,6,,7.4218
ft_lora_sabia-7b_v1_2025-04-25_16-23-11,7,,6.9232
ft_lora_sabia-7b_v1_2025-04-25_16-23-11,8,,7.1598
ft_lora_sabia-7b_v1_2025-04-25_16-23-11,9,,7.0647
ft_lora_sabia-7b_v1_2025-04-25_16-23-11,10,,6.1823
ft_lora_sabia-7b_v1_2025-04-25_16-23-11,10,6.482843399047852,6.1823
ft_lora_sabia-7b_v1_2025-04-25_16-23-11,11,6.482843399047852,6.7002
ft_lora_sabia-7b_v1_2025-04-25_16-23-11,12,6.482843399047852,6.0233
ft_lora_sabia-7b_v1_2025-04-25_16-23-11,13,6.482843399047852,6.7372
ft_lora_sabia-7b_v1_2025-04-25_16-23-11,14,6.482843399047852,6.6493
ft_lora_sabia-7b_v1_2025-04-25_16-23-11,15,6.482843399047852,6.5489
ft_lora_sabia-7b_v1_2025-04-25_16-23-11,16,6.482843399047852,5.7827
ft_lora_sabia-7b_v1_2025-04-25_16-23-11,17,6.482843399047852,6.4883
ft_lora_sabia-7b_v1_2025-04-25_16-23-11,18,6.482843399047852,6.4773
ft_lora_sabia-7b_v1_2025-04-25_16-23-11,19,6.482843399047852,6.0725
ft_lora_sabia-7b_v1_2025-04-25_16-23-11,20,6.482843399047852,5.9124
ft_lora_sabia-7b_v1_2025-04-25_16-23-11,20,6.017409324645996,5.9124
ft_lora_sabia-7b_v1_2025-04-25_16-23-11,21,6.017409324645996,6.9944
ft_lora_sabia-7b_v1_2025-04-25_16-23-11,22,6.017409324645996,5.8724
ft_lora_sabia-7b_v1_2025-04-25_16-23-11,23,6.017409324645996,5.88
ft_lora_sabia-7b_v1_2025-04-25_16-23-11,24,6.017409324645996,5.324
ft_lora_sabia-7b_v1_2025-04-25_16-23-11,25,6.017409324645996,6.0392
ft_lora_sabia-7b_v1_2025-04-25_16-23-11,26,6.017409324645996,5.5745
ft_lora_sabia-7b_v1_2025-04-25_16-23-11,27,6.017409324645996,5.3035
ft_lora_sabia-7b_v1_2025-04-25_16-23-11,28,6.017409324645996,5.6468
ft_lora_sabia-7b_v1_2025-04-25_16-23-11,29,6.017409324645996,5.9844
ft_lora_sabia-7b_v1_2025-04-25_16-23-11,30,6.017409324645996,5.9946
ft_lora_sabia-7b_v1_2025-04-25_16-23-11,30,5.579472541809082,5.9946
ft_lora_sabia-7b_v1_2025-04-25_16-23-11,31,5.579472541809082,6.2124
ft_lora_sabia-7b_v1_2025-04-25_16-23-11,32,5.579472541809082,5.3557
ft_lora_sabia-7b_v1_2025-04-25_16-23-11,33,5.579472541809082,4.9607
ft_lora_sabia-7b_v1_2025-04-25_16-23-11,34,5.579472541809082,5.2549
ft_lora_sabia-7b_v1_2025-04-25_16-23-11,35,5.579472541809082,6.0082
ft_lora_sabia-7b_v1_2025-04-25_16-23-11,36,5.579472541809082,5.0508
ft_lora_sabia-7b_v1_2025-04-25_16-23-11,37,5.579472541809082,5.5191
ft_lora_sabia-7b_v1_2025-04-25_16-23-11,38,5.579472541809082,5.0985
ft_lora_sabia-7b_v1_2025-04-25_16-23-11,39,5.579472541809082,5.0836
ft_lora_sabia-7b_v1_2025-04-25_16-23-11,40,5.579472541809082,5.1549
ft_lora_sabia-7b_v1_2025-04-25_16-23-11,40,5.254295349121094,5.1549
ft_lora_sabia-7b_v1_2025-04-25_16-23-11,41,5.254295349121094,5.151
ft_lora_sabia-7b_v1_2025-04-25_16-23-11,42,5.254295349121094,6.69
ft_lora_sabia-7b_v1_2025-04-25_16-23-11,43,5.254295349121094,5.4325
ft_lora_sabia-7b_v1_2025-04-25_16-23-11,44,5.254295349121094,4.9011
ft_lora_sabia-7b_v1_2025-04-25_16-23-11,45,5.254295349121094,5.1782
ft_lora_sabia-7b_v1_2025-04-25_16-23-11,46,5.254295349121094,5.3571
ft_lora_sabia-7b_v1_2025-04-25_16-23-11,47,5.254295349121094,5.2291
ft_lora_sabia-7b_v1_2025-04-25_16-23-11,48,5.254295349121094,5.3214
ft_lora_sabia-7b_v1_2025-04-25_16-23-11,49,5.254295349121094,5.1373
ft_lora_sabia-7b_v1_2025-04-25_16-23-11,50,5.254295349121094,4.9255
ft_lora_sabia-7b_v1_2025-04-25_16-23-11,50,5.009244441986084,4.9255
ft_lora_sabia-7b_v1_2025-04-25_16-23-11,51,5.009244441986084,4.7945
ft_lora_sabia-7b_v1_2025-04-25_16-23-11,52,5.009244441986084,5.121
ft_lora_sabia-7b_v1_2025-04-25_16-23-11,53,5.009244441986084,5.0604
ft_lora_sabia-7b_v1_2025-04-25_16-23-11,54,5.009244441986084,5.4135
ft_lora_sabia-7b_v1_2025-04-25_16-23-11,55,5.009244441986084,4.7423
ft_lora_sabia-7b_v1_2025-04-25_16-23-11,56,5.009244441986084,4.7287
ft_lora_sabia-7b_v1_2025-04-25_16-23-11,57,5.009244441986084,5.7818
ft_lora_sabia-7b_v1_2025-04-25_16-23-11,58,5.009244441986084,4.5571
ft_lora_sabia-7b_v1_2025-04-25_16-23-11,59,5.009244441986084,5.6111
ft_lora_sabia-7b_v1_2025-04-25_16-23-11,60,5.009244441986084,4.722
ft_lora_sabia-7b_v1_2025-04-25_16-23-11,60,4.765469074249268,4.722
ft_lora_sabia-7b_v1_2025-04-25_16-23-11,61,4.765469074249268,5.2735
ft_lora_sabia-7b_v1_2025-04-25_16-23-11,62,4.765469074249268,4.93
ft_lora_sabia-7b_v1_2025-04-25_16-23-11,63,4.765469074249268,4.507
ft_lora_sabia-7b_v1_2025-04-25_16-23-11,64,4.765469074249268,4.3936
ft_lora_sabia-7b_v1_2025-04-25_16-23-11,65,4.765469074249268,4.9342
ft_lora_sabia-7b_v1_2025-04-25_16-23-11,66,4.765469074249268,5.2902
ft_lora_sabia-7b_v1_2025-04-25_16-23-11,67,4.765469074249268,4.3646
ft_lora_sabia-7b_v1_2025-04-25_16-23-11,68,4.765469074249268,4.4319
ft_lora_sabia-7b_v1_2025-04-25_16-23-11,69,4.765469074249268,4.6607
ft_lora_sabia-7b_v1_2025-04-25_16-23-11,70,4.765469074249268,4.7327
ft_lora_sabia-7b_v1_2025-04-25_16-23-11,70,4.514462471008301,4.7327
ft_lora_sabia-7b_v1_2025-04-25_16-23-11,71,4.514462471008301,4.1115
ft_lora_sabia-7b_v1_2025-04-25_16-23-11,72,4.514462471008301,4.6493
ft_lora_sabia-7b_v1_2025-04-25_16-23-11,73,4.514462471008301,4.3782
ft_lora_sabia-7b_v1_2025-04-25_16-23-11,74,4.514462471008301,4.7226
ft_lora_sabia-7b_v1_2025-04-25_16-23-11,75,4.514462471008301,4.5653
ft_lora_sabia-7b_v1_2025-04-25_16-23-11,76,4.514462471008301,3.9771
ft_lora_sabia-7b_v1_2025-04-25_16-23-11,77,4.514462471008301,4.9776
ft_lora_sabia-7b_v1_2025-04-25_16-23-11,78,4.514462471008301,4.8986
ft_lora_sabia-7b_v1_2025-04-25_16-23-11,79,4.514462471008301,4.1696
ft_lora_sabia-7b_v1_2025-04-25_16-23-11,80,4.514462471008301,3.8906
ft_lora_sabia-7b_v1_2025-04-25_16-23-11,80,4.268306732177734,3.8906
ft_lora_sabia-7b_v1_2025-04-25_16-23-11,81,4.268306732177734,4.111
ft_lora_sabia-7b_v1_2025-04-25_16-23-11,82,4.268306732177734,3.9523
ft_lora_sabia-7b_v1_2025-04-25_16-23-11,83,4.268306732177734,4.8774
ft_lora_sabia-7b_v1_2025-04-25_16-23-11,84,4.268306732177734,4.1211
ft_lora_sabia-7b_v1_2025-04-25_16-23-11,85,4.268306732177734,4.0588
ft_lora_sabia-7b_v1_2025-04-25_16-23-11,86,4.268306732177734,4.2036
ft_lora_sabia-7b_v1_2025-04-25_16-23-11,87,4.268306732177734,4.4389
ft_lora_sabia-7b_v1_2025-04-25_16-23-11,88,4.268306732177734,3.9529
ft_lora_sabia-7b_v1_2025-04-25_16-23-11,89,4.268306732177734,4.1761
ft_lora_sabia-7b_v1_2025-04-25_16-23-11,90,4.268306732177734,3.8065
ft_lora_sabia-7b_v1_2025-04-25_16-23-11,90,4.0489702224731445,3.8065
ft_lora_sabia-7b_v1_2025-04-25_16-23-11,91,4.0489702224731445,4.4875
ft_lora_sabia-7b_v1_2025-04-25_16-23-11,92,4.0489702224731445,3.6653
ft_lora_sabia-7b_v1_2025-04-25_16-23-11,93,4.0489702224731445,4.2143
ft_lora_sabia-7b_v1_2025-04-25_16-23-11,94,4.0489702224731445,4.5573
ft_lora_sabia-7b_v1_2025-04-25_16-23-11,95,4.0489702224731445,4.437
ft_lora_sabia-7b_v1_2025-04-25_16-23-11,96,4.0489702224731445,3.7665
ft_lora_sabia-7b_v1_2025-04-25_16-23-11,97,4.0489702224731445,3.7263
ft_lora_sabia-7b_v1_2025-04-25_16-23-11,98,4.0489702224731445,4.2845
ft_lora_sabia-7b_v1_2025-04-25_16-23-11,99,4.0489702224731445,3.7243
ft_lora_sabia-7b_v1_2025-04-25_16-23-11,100,4.0489702224731445,3.8936
ft_unsloth__Llama-3.2-3B-Instruct_v1_2025-04-13_17-52-07,1,,0.2435
ft_unsloth__Llama-3.2-3B-Instruct_v1_2025-04-13_17-52-07,2,,0.2302
ft_unsloth__Llama-3.2-3B-Instruct_v1_2025-04-13_17-52-07,3,,0.1839
ft_unsloth__Llama-3.2-3B-Instruct_v1_2025-04-13_17-52-07,4,,0.2222
ft_unsloth__Llama-3.2-3B-Instruct_v1_2025-04-13_17-52-07,5,,0.2224
ft_unsloth__Llama-3.2-3B-Instruct_v1_2025-04-13_17-52-07,6,,1.9053
ft_unsloth__Llama-3.2-3B-Instruct_v1_2025-04-13_17-52-07,7,,0.2472
ft_unsloth__Llama-3.2-3B-Instruct_v1_2025-04-13_17-52-07,8,,1.8973
ft_unsloth__Llama-3.2-3B-Instruct_v1_2025-04-13_17-52-07,9,,1.4552
ft_unsloth__Llama-3.2-3B-Instruct_v1_2025-04-13_17-52-07,10,,0.2091
ft_unsloth__Llama-3.2-3B-Instruct_v1_2025-04-13_17-52-07,10,0.9993124008178711,0.2091
ft_unsloth__Llama-3.2-3B-Instruct_v1_2025-04-13_17-52-07,11,0.9993124008178711,1.1025
ft_unsloth__Llama-3.2-3B-Instruct_v1_2025-04-13_17-52-07,12,0.9993124008178711,0.2138
ft_unsloth__Llama-3.2-3B-Instruct_v1_2025-04-13_17-52-07,13,0.9993124008178711,0.2038
ft_unsloth__Llama-3.2-3B-Instruct_v1_2025-04-13_17-52-07,14,0.9993124008178711,0.1982
ft_unsloth__Llama-3.2-3B-Instruct_v1_2025-04-13_17-52-07,15,0.9993124008178711,0.1935
ft_unsloth__Llama-3.2-3B-Instruct_v1_2025-04-13_17-52-07,16,0.9993124008178711,0.2022
ft_unsloth__Llama-3.2-3B-Instruct_v1_2025-04-13_17-52-07,17,0.9993124008178711,0.4712
ft_unsloth__Llama-3.2-3B-Instruct_v1_2025-04-13_17-52-07,18,0.9993124008178711,1.2163
ft_unsloth__Llama-3.2-3B-Instruct_v1_2025-04-13_17-52-07,19,0.9993124008178711,0.1619
ft_unsloth__Llama-3.2-3B-Instruct_v1_2025-04-13_17-52-07,20,0.9993124008178711,0.1726
ft_unsloth__Llama-3.2-3B-Instruct_v1_2025-04-13_17-52-07,20,0.932307243347168,0.1726
ft_unsloth__Llama-3.2-3B-Instruct_v1_2025-04-13_17-52-07,21,0.932307243347168,2.2884
ft_unsloth__Llama-3.2-3B-Instruct_v1_2025-04-13_17-52-07,22,0.932307243347168,0.1727
ft_unsloth__Llama-3.2-3B-Instruct_v1_2025-04-13_17-52-07,23,0.932307243347168,0.1509
ft_unsloth__Llama-3.2-3B-Instruct_v1_2025-04-13_17-52-07,24,0.932307243347168,0.1784
ft_unsloth__Llama-3.2-3B-Instruct_v1_2025-04-13_17-52-07,25,0.932307243347168,0.1811
ft_unsloth__Llama-3.2-3B-Instruct_v1_2025-04-13_17-52-07,26,0.932307243347168,0.1641
ft_unsloth__Llama-3.2-3B-Instruct_v1_2025-04-13_17-52-07,27,0.932307243347168,0.1912
ft_unsloth__Llama-3.2-3B-Instruct_v1_2025-04-13_17-52-07,28,0.932307243347168,0.1776
ft_unsloth__Llama-3.2-3B-Instruct_v1_2025-04-13_17-52-07,29,0.932307243347168,0.2479
ft_unsloth__Llama-3.2-3B-Instruct_v1_2025-04-13_17-52-07,30,0.932307243347168,0.26
ft_unsloth__Llama-3.2-3B-Instruct_v1_2025-04-13_17-52-07,30,0.8393145799636841,0.26
ft_unsloth__Llama-3.2-3B-Instruct_v1_2025-04-13_17-52-07,31,0.8393145799636841,1.3836
ft_unsloth__Llama-3.2-3B-Instruct_v1_2025-04-13_17-52-07,32,0.8393145799636841,0.1549
ft_unsloth__Llama-3.2-3B-Instruct_v1_2025-04-13_17-52-07,33,0.8393145799636841,0.1704
ft_unsloth__Llama-3.2-3B-Instruct_v1_2025-04-13_17-52-07,34,0.8393145799636841,0.1857
ft_unsloth__Llama-3.2-3B-Instruct_v1_2025-04-13_17-52-07,35,0.8393145799636841,1.3913
ft_unsloth__Llama-3.2-3B-Instruct_v1_2025-04-13_17-52-07,36,0.8393145799636841,0.1462
ft_unsloth__Llama-3.2-3B-Instruct_v1_2025-04-13_17-52-07,37,0.8393145799636841,0.1434
ft_unsloth__Llama-3.2-3B-Instruct_v1_2025-04-13_17-52-07,38,0.8393145799636841,0.1191
ft_unsloth__Llama-3.2-3B-Instruct_v1_2025-04-13_17-52-07,39,0.8393145799636841,0.1282
ft_unsloth__Llama-3.2-3B-Instruct_v1_2025-04-13_17-52-07,40,0.8393145799636841,0.1225
ft_unsloth__Llama-3.2-3B-Instruct_v1_2025-04-13_17-52-07,40,0.7355337738990784,0.1225
ft_unsloth__Llama-3.2-3B-Instruct_v1_2025-04-13_17-52-07,41,0.7355337738990784,0.1253
ft_unsloth__Llama-3.2-3B-Instruct_v1_2025-04-13_17-52-07,42,0.7355337738990784,2.8667
ft_unsloth__Llama-3.2-3B-Instruct_v1_2025-04-13_17-52-07,43,0.7355337738990784,0.8685
ft_unsloth__Llama-3.2-3B-Instruct_v1_2025-04-13_17-52-07,44,0.7355337738990784,0.1246
ft_unsloth__Llama-3.2-3B-Instruct_v1_2025-04-13_17-52-07,45,0.7355337738990784,0.1347
ft_unsloth__Llama-3.2-3B-Instruct_v1_2025-04-13_17-52-07,46,0.7355337738990784,0.2569
ft_unsloth__Llama-3.2-3B-Instruct_v1_2025-04-13_17-52-07,47,0.7355337738990784,0.1395
ft_unsloth__Llama-3.2-3B-Instruct_v1_2025-04-13_17-52-07,48,0.7355337738990784,0.1062
ft_unsloth__Llama-3.2-3B-Instruct_v1_2025-04-13_17-52-07,49,0.7355337738990784,0.1157
ft_unsloth__Llama-3.2-3B-Instruct_v1_2025-04-13_17-52-07,50,0.7355337738990784,0.1085
ft_unsloth__Llama-3.2-3B-Instruct_v1_2025-04-13_17-52-07,50,0.6507578492164612,0.1085
ft_unsloth__Llama-3.2-3B-Instruct_v1_2025-04-13_17-52-07,51,0.6507578492164612,0.0884
ft_unsloth__Llama-3.2-3B-Instruct_v1_2025-04-13_17-52-07,52,0.6507578492164612,0.7719
ft_unsloth__Llama-3.2-3B-Instruct_v1_2025-04-13_17-52-07,53,0.6507578492164612,0.1084
ft_unsloth__Llama-3.2-3B-Instruct_v1_2025-04-13_17-52-07,54,0.6507578492164612,0.9133
ft_unsloth__Llama-3.2-3B-Instruct_v1_2025-04-13_17-52-07,55,0.6507578492164612,0.1152
ft_unsloth__Llama-3.2-3B-Instruct_v1_2025-04-13_17-52-07,56,0.6507578492164612,0.1248
ft_unsloth__Llama-3.2-3B-Instruct_v1_2025-04-13_17-52-07,57,0.6507578492164612,1.669
ft_unsloth__Llama-3.2-3B-Instruct_v1_2025-04-13_17-52-07,58,0.6507578492164612,0.1225
ft_unsloth__Llama-3.2-3B-Instruct_v1_2025-04-13_17-52-07,59,0.6507578492164612,1.0426
ft_unsloth__Llama-3.2-3B-Instruct_v1_2025-04-13_17-52-07,60,0.6507578492164612,0.0822
ft_unsloth__Llama-3.2-3B-Instruct_v1_2025-04-13_17-52-07,60,0.5614368319511414,0.0822
ft_unsloth__Llama-3.2-3B-Instruct_v1_2025-04-13_17-52-07,61,0.5614368319511414,0.1834
ft_unsloth__Llama-3.2-3B-Instruct_v1_2025-04-13_17-52-07,62,0.5614368319511414,0.1227
ft_unsloth__Llama-3.2-3B-Instruct_v1_2025-04-13_17-52-07,63,0.5614368319511414,0.1117
ft_unsloth__Llama-3.2-3B-Instruct_v1_2025-04-13_17-52-07,64,0.5614368319511414,0.0696
ft_unsloth__Llama-3.2-3B-Instruct_v1_2025-04-13_17-52-07,65,0.5614368319511414,0.9002
ft_unsloth__Llama-3.2-3B-Instruct_v1_2025-04-13_17-52-07,66,0.5614368319511414,0.8599
ft_unsloth__Llama-3.2-3B-Instruct_v1_2025-04-13_17-52-07,67,0.5614368319511414,0.0542
ft_unsloth__Llama-3.2-3B-Instruct_v1_2025-04-13_17-52-07,68,0.5614368319511414,0.0671
ft_unsloth__Llama-3.2-3B-Instruct_v1_2025-04-13_17-52-07,69,0.5614368319511414,0.0912
ft_unsloth__Llama-3.2-3B-Instruct_v1_2025-04-13_17-52-07,70,0.5614368319511414,0.0829
ft_unsloth__Llama-3.2-3B-Instruct_v1_2025-04-13_17-52-07,70,0.46903812885284424,0.0829
ft_unsloth__Llama-3.2-3B-Instruct_v1_2025-04-13_17-52-07,71,0.46903812885284424,0.0872
ft_unsloth__Llama-3.2-3B-Instruct_v1_2025-04-13_17-52-07,72,0.46903812885284424,0.0479
ft_unsloth__Llama-3.2-3B-Instruct_v1_2025-04-13_17-52-07,73,0.46903812885284424,0.1402
ft_unsloth__Llama-3.2-3B-Instruct_v1_2025-04-13_17-52-07,74,0.46903812885284424,0.3193
ft_unsloth__Llama-3.2-3B-Instruct_v1_2025-04-13_17-52-07,75,0.46903812885284424,0.1921
ft_unsloth__Llama-3.2-3B-Instruct_v1_2025-04-13_17-52-07,76,0.46903812885284424,0.0428
ft_unsloth__Llama-3.2-3B-Instruct_v1_2025-04-13_17-52-07,77,0.46903812885284424,0.6818
ft_unsloth__Llama-3.2-3B-Instruct_v1_2025-04-13_17-52-07,78,0.46903812885284424,0.6811
ft_unsloth__Llama-3.2-3B-Instruct_v1_2025-04-13_17-52-07,79,0.46903812885284424,0.0638
ft_unsloth__Llama-3.2-3B-Instruct_v1_2025-04-13_17-52-07,80,0.46903812885284424,0.0553
ft_unsloth__Llama-3.2-3B-Instruct_v1_2025-04-13_17-52-07,80,0.38982677459716797,0.0553
ft_unsloth__Llama-3.2-3B-Instruct_v1_2025-04-13_17-52-07,81,0.38982677459716797,0.0463
ft_unsloth__Llama-3.2-3B-Instruct_v1_2025-04-13_17-52-07,82,0.38982677459716797,0.0648
ft_unsloth__Llama-3.2-3B-Instruct_v1_2025-04-13_17-52-07,83,0.38982677459716797,0.782
ft_unsloth__Llama-3.2-3B-Instruct_v1_2025-04-13_17-52-07,84,0.38982677459716797,0.0733
ft_unsloth__Llama-3.2-3B-Instruct_v1_2025-04-13_17-52-07,85,0.38982677459716797,0.0604
ft_unsloth__Llama-3.2-3B-Instruct_v1_2025-04-13_17-52-07,86,0.38982677459716797,0.0568
ft_unsloth__Llama-3.2-3B-Instruct_v1_2025-04-13_17-52-07,87,0.38982677459716797,0.0522
ft_unsloth__Llama-3.2-3B-Instruct_v1_2025-04-13_17-52-07,88,0.38982677459716797,0.0893
ft_unsloth__Llama-3.2-3B-Instruct_v1_2025-04-13_17-52-07,89,0.38982677459716797,0.0856
ft_unsloth__Llama-3.2-3B-Instruct_v1_2025-04-13_17-52-07,90,0.38982677459716797,0.1162
ft_unsloth__Llama-3.2-3B-Instruct_v1_2025-04-13_17-52-07,90,0.33050110936164856,0.1162
ft_unsloth__Llama-3.2-3B-Instruct_v1_2025-04-13_17-52-07,91,0.33050110936164856,0.2627
ft_unsloth__Llama-3.2-3B-Instruct_v1_2025-04-13_17-52-07,92,0.33050110936164856,0.0629
ft_unsloth__Llama-3.2-3B-Instruct_v1_2025-04-13_17-52-07,93,0.33050110936164856,0.0439
ft_unsloth__Llama-3.2-3B-Instruct_v1_2025-04-13_17-52-07,94,0.33050110936164856,0.0849
ft_unsloth__Llama-3.2-3B-Instruct_v1_2025-04-13_17-52-07,95,0.33050110936164856,0.674
ft_unsloth__Llama-3.2-3B-Instruct_v1_2025-04-13_17-52-07,96,0.33050110936164856,0.0568
ft_unsloth__Llama-3.2-3B-Instruct_v1_2025-04-13_17-52-07,97,0.33050110936164856,0.0646
ft_unsloth__Llama-3.2-3B-Instruct_v1_2025-04-13_17-52-07,98,0.33050110936164856,0.5203
ft_unsloth__Llama-3.2-3B-Instruct_v1_2025-04-13_17-52-07,99,0.33050110936164856,0.0511
ft_unsloth__Llama-3.2-3B-Instruct_v1_2025-04-13_17-52-07,100,0.33050110936164856,0.0567
ft_unsloth__Llama-3.2-3B-Instruct_v1_2025-04-13_17-52-07,100,0.28260117769241333,0.0567
ft_unsloth__Llama-3.2-3B-Instruct_v1_2025-04-13_17-52-07,101,0.28260117769241333,0.0715
ft_unsloth__Llama-3.2-3B-Instruct_v1_2025-04-13_17-52-07,102,0.28260117769241333,0.2107
ft_unsloth__Llama-3.2-3B-Instruct_v1_2025-04-13_17-52-07,103,0.28260117769241333,0.072
ft_unsloth__Llama-3.2-3B-Instruct_v1_2025-04-13_17-52-07,104,0.28260117769241333,0.1153
ft_unsloth__Llama-3.2-3B-Instruct_v1_2025-04-13_17-52-07,105,0.28260117769241333,0.0542
ft_unsloth__Llama-3.2-3B-Instruct_v1_2025-04-13_17-52-07,106,0.28260117769241333,0.064
ft_unsloth__Llama-3.2-3B-Instruct_v1_2025-04-13_17-52-07,107,0.28260117769241333,0.0673
ft_unsloth__Llama-3.2-3B-Instruct_v1_2025-04-13_17-52-07,108,0.28260117769241333,0.0509
ft_unsloth__Llama-3.2-3B-Instruct_v1_2025-04-13_17-52-07,109,0.28260117769241333,0.0514
ft_unsloth__Llama-3.2-3B-Instruct_v1_2025-04-13_17-52-07,110,0.28260117769241333,0.2881
ft_unsloth__Llama-3.2-3B-Instruct_v1_2025-04-13_17-52-07,110,0.25254201889038086,0.2881
ft_unsloth__Llama-3.2-3B-Instruct_v1_2025-04-13_17-52-07,111,0.25254201889038086,0.3047
ft_unsloth__Llama-3.2-3B-Instruct_v1_2025-04-13_17-52-07,112,0.25254201889038086,0.0764
ft_unsloth__Llama-3.2-3B-Instruct_v1_2025-04-13_17-52-07,113,0.25254201889038086,0.0669
ft_unsloth__Llama-3.2-3B-Instruct_v1_2025-04-13_17-52-07,114,0.25254201889038086,1.3197
ft_unsloth__Llama-3.2-3B-Instruct_v1_2025-04-13_17-52-07,115,0.25254201889038086,0.0768
ft_unsloth__Llama-3.2-3B-Instruct_v1_2025-04-13_17-52-07,116,0.25254201889038086,0.0615
ft_unsloth__Llama-3.2-3B-Instruct_v1_2025-04-13_17-52-07,117,0.25254201889038086,0.0756
ft_unsloth__Llama-3.2-3B-Instruct_v1_2025-04-13_17-52-07,118,0.25254201889038086,0.0817
ft_unsloth__Llama-3.2-3B-Instruct_v1_2025-04-13_17-52-07,119,0.25254201889038086,0.0416
ft_unsloth__Llama-3.2-3B-Instruct_v1_2025-04-13_17-52-07,120,0.25254201889038086,0.0569
ft_unsloth__Llama-3.2-3B-Instruct_v1_2025-04-13_17-52-07,120,0.21791262924671173,0.0569
ft_unsloth__Llama-3.2-3B-Instruct_v1_2025-04-13_17-52-07,121,0.21791262924671173,0.0524
ft_unsloth__Llama-3.2-3B-Instruct_v1_2025-04-13_17-52-07,122,0.21791262924671173,0.0384
ft_unsloth__Llama-3.2-3B-Instruct_v1_2025-04-13_17-52-07,123,0.21791262924671173,0.0491
ft_unsloth__Llama-3.2-3B-Instruct_v1_2025-04-13_17-52-07,124,0.21791262924671173,0.0638
ft_unsloth__Llama-3.2-3B-Instruct_v1_2025-04-13_17-52-07,125,0.21791262924671173,0.0459
ft_unsloth__Llama-3.2-3B-Instruct_v1_2025-04-13_17-52-07,126,0.21791262924671173,0.0426
ft_unsloth__Llama-3.2-3B-Instruct_v1_2025-04-13_17-52-07,127,0.21791262924671173,0.0433
ft_unsloth__Llama-3.2-3B-Instruct_v1_2025-04-13_17-52-07,128,0.21791262924671173,0.0708
ft_unsloth__Llama-3.2-3B-Instruct_v1_2025-04-13_17-52-07,129,0.21791262924671173,0.3409
ft_unsloth__Llama-3.2-3B-Instruct_v1_2025-04-13_17-52-07,130,0.21791262924671173,0.039
ft_unsloth__Llama-3.2-3B-Instruct_v1_2025-04-13_17-52-07,130,0.20394444465637207,0.039
ft_unsloth__Llama-3.2-3B-Instruct_v1_2025-04-13_17-52-07,131,0.20394444465637207,0.0937
ft_unsloth__Llama-3.2-3B-Instruct_v1_2025-04-13_17-52-07,132,0.20394444465637207,0.0604
ft_unsloth__Llama-3.2-3B-Instruct_v1_2025-04-13_17-52-07,133,0.20394444465637207,0.0501
ft_unsloth__Llama-3.2-3B-Instruct_v1_2025-04-13_17-52-07,134,0.20394444465637207,0.2416
ft_unsloth__Llama-3.2-3B-Instruct_v1_2025-04-13_17-52-07,135,0.20394444465637207,0.0725
ft_unsloth__Llama-3.2-3B-Instruct_v1_2025-04-13_17-52-07,136,0.20394444465637207,0.0325
ft_unsloth__Llama-3.2-3B-Instruct_v1_2025-04-13_17-52-07,137,0.20394444465637207,0.0349
ft_unsloth__Llama-3.2-3B-Instruct_v1_2025-04-13_17-52-07,138,0.20394444465637207,0.0612
ft_unsloth__Llama-3.2-3B-Instruct_v1_2025-04-13_17-52-07,139,0.20394444465637207,0.0814
ft_unsloth__Llama-3.2-3B-Instruct_v1_2025-04-13_17-52-07,140,0.20394444465637207,0.0271
ft_unsloth__Llama-3.2-3B-Instruct_v1_2025-04-13_17-52-07,140,0.19160465896129608,0.0271
ft_unsloth__Llama-3.2-3B-Instruct_v1_2025-04-13_17-52-07,141,0.19160465896129608,0.0605
ft_unsloth__Llama-3.2-3B-Instruct_v1_2025-04-13_17-52-07,142,0.19160465896129608,0.0336
ft_unsloth__Llama-3.2-3B-Instruct_v1_2025-04-13_17-52-07,143,0.19160465896129608,0.2463
ft_unsloth__Llama-3.2-3B-Instruct_v1_2025-04-13_17-52-07,144,0.19160465896129608,0.0837
ft_unsloth__Llama-3.2-3B-Instruct_v1_2025-04-13_17-52-07,145,0.19160465896129608,0.1515
ft_unsloth__Llama-3.2-3B-Instruct_v1_2025-04-13_17-52-07,146,0.19160465896129608,0.7603
ft_unsloth__Llama-3.2-3B-Instruct_v1_2025-04-13_17-52-07,147,0.19160465896129608,0.0535
ft_unsloth__Llama-3.2-3B-Instruct_v1_2025-04-13_17-52-07,148,0.19160465896129608,0.0623
ft_unsloth__Llama-3.2-3B-Instruct_v1_2025-04-13_17-52-07,149,0.19160465896129608,0.0392
ft_unsloth__Llama-3.2-3B-Instruct_v1_2025-04-13_17-52-07,150,0.19160465896129608,0.0671
ft_unsloth__Llama-3.2-3B-Instruct_v1_2025-04-13_17-52-07,150,0.17506437003612518,0.0671
ft_unsloth__Llama-3.2-3B-Instruct_v1_2025-04-13_17-52-07,151,0.17506437003612518,0.0508
ft_unsloth__Llama-3.2-3B-Instruct_v1_2025-04-13_17-52-07,152,0.17506437003612518,0.0684
ft_unsloth__Llama-3.2-3B-Instruct_v1_2025-04-13_17-52-07,153,0.17506437003612518,0.0311
ft_unsloth__Llama-3.2-3B-Instruct_v1_2025-04-13_17-52-07,154,0.17506437003612518,0.0296
ft_unsloth__Llama-3.2-3B-Instruct_v1_2025-04-13_17-52-07,155,0.17506437003612518,0.0393
ft_unsloth__Llama-3.2-3B-Instruct_v1_2025-04-13_17-52-07,156,0.17506437003612518,0.0405
ft_unsloth__Llama-3.2-3B-Instruct_v1_2025-04-13_17-52-07,157,0.17506437003612518,0.0846
ft_unsloth__Llama-3.2-3B-Instruct_v1_2025-04-13_17-52-07,158,0.17506437003612518,0.0727
ft_unsloth__Llama-3.2-3B-Instruct_v1_2025-04-13_17-52-07,159,0.17506437003612518,0.2232
ft_unsloth__Llama-3.2-3B-Instruct_v1_2025-04-13_17-52-07,160,0.17506437003612518,0.3311
ft_unsloth__Llama-3.2-3B-Instruct_v1_2025-04-13_17-52-07,160,0.16497884690761566,0.3311
ft_unsloth__Llama-3.2-3B-Instruct_v1_2025-04-13_17-52-07,161,0.16497884690761566,0.0454
ft_unsloth__Llama-3.2-3B-Instruct_v1_2025-04-13_17-52-07,162,0.16497884690761566,0.0297
ft_unsloth__Llama-3.2-3B-Instruct_v1_2025-04-13_17-52-07,163,0.16497884690761566,0.0422
ft_unsloth__Llama-3.2-3B-Instruct_v1_2025-04-13_17-52-07,164,0.16497884690761566,0.0865
ft_unsloth__Llama-3.2-3B-Instruct_v1_2025-04-13_17-52-07,165,0.16497884690761566,0.0398
ft_unsloth__Llama-3.2-3B-Instruct_v1_2025-04-13_17-52-07,166,0.16497884690761566,0.0528
ft_unsloth__Llama-3.2-3B-Instruct_v1_2025-04-13_17-52-07,167,0.16497884690761566,0.0202
ft_unsloth__Llama-3.2-3B-Instruct_v1_2025-04-13_17-52-07,168,0.16497884690761566,0.0659
ft_unsloth__Llama-3.2-3B-Instruct_v1_2025-04-13_17-52-07,169,0.16497884690761566,0.0481
ft_unsloth__Llama-3.2-3B-Instruct_v1_2025-04-13_17-52-07,170,0.16497884690761566,0.0306
ft_unsloth__Llama-3.2-3B-Instruct_v1_2025-04-13_17-52-07,170,0.15652284026145935,0.0306
ft_unsloth__Llama-3.2-3B-Instruct_v1_2025-04-13_17-52-07,171,0.15652284026145935,0.0298
ft_unsloth__Llama-3.2-3B-Instruct_v1_2025-04-13_17-52-07,172,0.15652284026145935,0.0626
ft_unsloth__Llama-3.2-3B-Instruct_v1_2025-04-13_17-52-07,173,0.15652284026145935,0.1222
ft_unsloth__Llama-3.2-3B-Instruct_v1_2025-04-13_17-52-07,174,0.15652284026145935,0.0572
ft_unsloth__Llama-3.2-3B-Instruct_v1_2025-04-13_17-52-07,175,0.15652284026145935,0.0606
ft_unsloth__Llama-3.2-3B-Instruct_v1_2025-04-13_17-52-07,176,0.15652284026145935,0.0392
ft_unsloth__Llama-3.2-3B-Instruct_v1_2025-04-13_17-52-07,177,0.15652284026145935,0.0408
ft_unsloth__Llama-3.2-3B-Instruct_v1_2025-04-13_17-52-07,178,0.15652284026145935,0.0615
ft_unsloth__Llama-3.2-3B-Instruct_v1_2025-04-13_17-52-07,179,0.15652284026145935,0.2242
ft_unsloth__Llama-3.2-3B-Instruct_v1_2025-04-13_17-52-07,180,0.15652284026145935,0.0489
ft_unsloth__Llama-3.2-3B-Instruct_v1_2025-04-13_17-52-07,180,0.14932240545749664,0.0489
ft_unsloth__Llama-3.2-3B-Instruct_v1_2025-04-13_17-52-07,181,0.14932240545749664,0.0407
ft_unsloth__Llama-3.2-3B-Instruct_v1_2025-04-13_17-52-07,182,0.14932240545749664,0.029
ft_unsloth__Llama-3.2-3B-Instruct_v1_2025-04-13_17-52-07,183,0.14932240545749664,0.0563
ft_unsloth__Llama-3.2-3B-Instruct_v1_2025-04-13_17-52-07,184,0.14932240545749664,0.0516
ft_unsloth__Llama-3.2-3B-Instruct_v1_2025-04-13_17-52-07,185,0.14932240545749664,0.0248
ft_unsloth__Llama-3.2-3B-Instruct_v1_2025-04-13_17-52-07,186,0.14932240545749664,0.1044
ft_unsloth__Llama-3.2-3B-Instruct_v1_2025-04-13_17-52-07,187,0.14932240545749664,0.0643
ft_unsloth__Llama-3.2-3B-Instruct_v1_2025-04-13_17-52-07,188,0.14932240545749664,0.0204
ft_unsloth__Llama-3.2-3B-Instruct_v1_2025-04-13_17-52-07,189,0.14932240545749664,0.0415
ft_unsloth__Llama-3.2-3B-Instruct_v1_2025-04-13_17-52-07,190,0.14932240545749664,0.0971
ft_unsloth__Llama-3.2-3B-Instruct_v1_2025-04-13_17-52-07,190,0.142338827252388,0.0971
ft_unsloth__Llama-3.2-3B-Instruct_v1_2025-04-13_17-52-07,191,0.142338827252388,0.0562
ft_unsloth__Llama-3.2-3B-Instruct_v1_2025-04-13_17-52-07,192,0.142338827252388,0.0986
ft_unsloth__Llama-3.2-3B-Instruct_v1_2025-04-13_17-52-07,193,0.142338827252388,0.0353
ft_unsloth__Llama-3.2-3B-Instruct_v1_2025-04-13_17-52-07,194,0.142338827252388,0.0546
ft_unsloth__Llama-3.2-3B-Instruct_v1_2025-04-13_17-52-07,195,0.142338827252388,0.0537
ft_unsloth__Llama-3.2-3B-Instruct_v1_2025-04-13_17-52-07,196,0.142338827252388,0.0406
ft_unsloth__Llama-3.2-3B-Instruct_v1_2025-04-13_17-52-07,197,0.142338827252388,0.0336
ft_unsloth__Llama-3.2-3B-Instruct_v1_2025-04-13_17-52-07,198,0.142338827252388,0.0541
ft_unsloth__Llama-3.2-3B-Instruct_v1_2025-04-13_17-52-07,199,0.142338827252388,0.1524
ft_unsloth__Llama-3.2-3B-Instruct_v1_2025-04-13_17-52-07,200,0.142338827252388,0.0488
ft_unsloth__Llama-3.2-3B-Instruct_v1_2025-04-13_17-52-07,200,0.13674743473529816,0.0488
ft_unsloth__Llama-3.2-3B-Instruct_v1_2025-04-13_17-52-07,201,0.13674743473529816,0.0558
ft_unsloth__Llama-3.2-3B-Instruct_v1_2025-04-13_17-52-07,202,0.13674743473529816,0.0243
ft_unsloth__Llama-3.2-3B-Instruct_v1_2025-04-13_17-52-07,203,0.13674743473529816,0.1126
ft_unsloth__Llama-3.2-3B-Instruct_v1_2025-04-13_17-52-07,204,0.13674743473529816,0.0342
ft_unsloth__Llama-3.2-3B-Instruct_v1_2025-04-13_17-52-07,205,0.13674743473529816,0.0633
ft_unsloth__Llama-3.2-3B-Instruct_v1_2025-04-13_17-52-07,206,0.13674743473529816,0.0321
ft_unsloth__Llama-3.2-3B-Instruct_v1_2025-04-13_17-52-07,207,0.13674743473529816,0.0766
ft_unsloth__Llama-3.2-3B-Instruct_v1_2025-04-13_17-52-07,208,0.13674743473529816,0.0621
ft_unsloth__Llama-3.2-3B-Instruct_v1_2025-04-13_17-52-07,209,0.13674743473529816,0.173
ft_unsloth__Llama-3.2-3B-Instruct_v1_2025-04-13_17-52-07,210,0.13674743473529816,0.0377
ft_unsloth__Llama-3.2-3B-Instruct_v1_2025-04-13_17-52-07,210,0.1316053420305252,0.0377
ft_unsloth__Llama-3.2-3B-Instruct_v1_2025-04-13_17-52-07,211,0.1316053420305252,0.0346
ft_unsloth__Llama-3.2-3B-Instruct_v1_2025-04-13_17-52-07,212,0.1316053420305252,0.0238
ft_unsloth__Llama-3.2-3B-Instruct_v1_2025-04-13_17-52-07,213,0.1316053420305252,0.0374
ft_unsloth__Llama-3.2-3B-Instruct_v1_2025-04-13_17-52-07,214,0.1316053420305252,0.0595
ft_unsloth__Llama-3.2-3B-Instruct_v1_2025-04-13_17-52-07,215,0.1316053420305252,0.0276
ft_unsloth__Llama-3.2-3B-Instruct_v1_2025-04-13_17-52-07,216,0.1316053420305252,0.5295
ft_unsloth__Llama-3.2-3B-Instruct_v1_2025-04-13_17-52-07,217,0.1316053420305252,0.0449
ft_unsloth__Llama-3.2-3B-Instruct_v1_2025-04-13_17-52-07,218,0.1316053420305252,0.0351
ft_unsloth__Llama-3.2-3B-Instruct_v1_2025-04-13_17-52-07,219,0.1316053420305252,0.0251
ft_unsloth__Llama-3.2-3B-Instruct_v1_2025-04-13_17-52-07,220,0.1316053420305252,0.0537
ft_unsloth__Llama-3.2-3B-Instruct_v1_2025-04-13_17-52-07,220,0.12384079396724701,0.0537
ft_unsloth__Llama-3.2-3B-Instruct_v1_2025-04-13_17-52-07,221,0.12384079396724701,0.0246
ft_unsloth__Llama-3.2-3B-Instruct_v1_2025-04-13_17-52-07,222,0.12384079396724701,0.0373
ft_unsloth__Llama-3.2-3B-Instruct_v1_2025-04-13_17-52-07,223,0.12384079396724701,0.0443
ft_unsloth__Llama-3.2-3B-Instruct_v1_2025-04-13_17-52-07,224,0.12384079396724701,0.0376
ft_unsloth__Llama-3.2-3B-Instruct_v1_2025-04-13_17-52-07,225,0.12384079396724701,0.0519
ft_unsloth__Llama-3.2-3B-Instruct_v1_2025-04-13_17-52-07,226,0.12384079396724701,0.0391
ft_unsloth__Llama-3.2-3B-Instruct_v1_2025-04-13_17-52-07,227,0.12384079396724701,0.0726
ft_unsloth__Llama-3.2-3B-Instruct_v1_2025-04-13_17-52-07,228,0.12384079396724701,0.0452
ft_unsloth__Llama-3.2-3B-Instruct_v1_2025-04-13_17-52-07,229,0.12384079396724701,0.0314
ft_unsloth__Llama-3.2-3B-Instruct_v1_2025-04-13_17-52-07,230,0.12384079396724701,0.0441
ft_unsloth__Llama-3.2-3B-Instruct_v1_2025-04-13_17-52-07,230,0.11834541708230972,0.0441
ft_unsloth__Llama-3.2-3B-Instruct_v1_2025-04-13_17-52-07,231,0.11834541708230972,0.0344
ft_unsloth__Llama-3.2-3B-Instruct_v1_2025-04-13_17-52-07,232,0.11834541708230972,0.0599
ft_unsloth__Llama-3.2-3B-Instruct_v1_2025-04-13_17-52-07,233,0.11834541708230972,0.129
ft_unsloth__Llama-3.2-3B-Instruct_v1_2025-04-13_17-52-07,234,0.11834541708230972,0.0263
ft_unsloth__Llama-3.2-3B-Instruct_v1_2025-04-13_17-52-07,235,0.11834541708230972,0.0457
ft_unsloth__Llama-3.2-3B-Instruct_v1_2025-04-13_17-52-07,236,0.11834541708230972,0.0272
ft_unsloth__Llama-3.2-3B-Instruct_v1_2025-04-13_17-52-07,237,0.11834541708230972,0.0286
ft_unsloth__Llama-3.2-3B-Instruct_v1_2025-04-13_17-52-07,238,0.11834541708230972,0.0383
ft_unsloth__Llama-3.2-3B-Instruct_v1_2025-04-13_17-52-07,239,0.11834541708230972,0.0683
ft_unsloth__Llama-3.2-3B-Instruct_v1_2025-04-13_17-52-07,240,0.11834541708230972,0.0444
ft_unsloth__Llama-3.2-3B-Instruct_v1_2025-04-13_17-52-07,240,0.11587229371070862,0.0444
ft_unsloth__Llama-3.2-3B-Instruct_v1_2025-04-13_17-52-07,241,0.11587229371070862,0.0381
ft_unsloth__Llama-3.2-3B-Instruct_v1_2025-04-13_17-52-07,242,0.11587229371070862,0.0565
ft_unsloth__Llama-3.2-3B-Instruct_v1_2025-04-13_17-52-07,243,0.11587229371070862,0.0398
ft_unsloth__Llama-3.2-3B-Instruct_v1_2025-04-13_17-52-07,244,0.11587229371070862,0.0136
ft_unsloth__Llama-3.2-3B-Instruct_v1_2025-04-13_17-52-07,245,0.11587229371070862,0.0307
ft_unsloth__Llama-3.2-3B-Instruct_v1_2025-04-13_17-52-07,246,0.11587229371070862,0.0731
ft_unsloth__Llama-3.2-3B-Instruct_v1_2025-04-13_17-52-07,247,0.11587229371070862,0.0642
ft_unsloth__Llama-3.2-3B-Instruct_v1_2025-04-13_17-52-07,248,0.11587229371070862,0.0514
ft_unsloth__Llama-3.2-3B-Instruct_v1_2025-04-13_17-52-07,249,0.11587229371070862,0.0237
ft_unsloth__Llama-3.2-3B-Instruct_v1_2025-04-13_17-52-07,250,0.11587229371070862,0.0443
ft_unsloth__Llama-3.2-3B-Instruct_v1_2025-04-13_17-52-07,250,0.11436410248279572,0.0443
ft_unsloth__Llama-3.2-3B-Instruct_v1_2025-04-13_17-52-07,251,0.11436410248279572,0.0171
ft_unsloth__Llama-3.2-3B-Instruct_v1_2025-04-13_17-52-07,252,0.11436410248279572,0.0267
ft_unsloth__Llama-3.2-3B-Instruct_v1_2025-04-13_17-52-07,253,0.11436410248279572,0.0292
ft_unsloth__Llama-3.2-3B-Instruct_v1_2025-04-13_17-52-07,254,0.11436410248279572,0.0404
ft_unsloth__Llama-3.2-3B-Instruct_v1_2025-04-13_17-52-07,255,0.11436410248279572,0.071
ft_unsloth__Llama-3.2-3B-Instruct_v1_2025-04-13_17-52-07,256,0.11436410248279572,0.0392
ft_unsloth__Llama-3.2-3B-Instruct_v1_2025-04-13_17-52-07,257,0.11436410248279572,0.073
ft_unsloth__Llama-3.2-3B-Instruct_v1_2025-04-13_17-52-07,258,0.11436410248279572,0.07
ft_unsloth__Llama-3.2-3B-Instruct_v1_2025-04-13_17-52-07,259,0.11436410248279572,0.1158
ft_unsloth__Llama-3.2-3B-Instruct_v1_2025-04-13_17-52-07,260,0.11436410248279572,0.0358
ft_unsloth__Llama-3.2-3B-Instruct_v1_2025-04-13_17-52-07,260,0.11340846866369247,0.0358
ft_unsloth__Llama-3.2-3B-Instruct_v1_2025-04-13_17-52-07,261,0.11340846866369247,0.0486
ft_unsloth__Llama-3.2-3B-Instruct_v1_2025-04-13_17-52-07,262,0.11340846866369247,0.0425
ft_unsloth__Llama-3.2-3B-Instruct_v1_2025-04-13_17-52-07,263,0.11340846866369247,0.0572
ft_unsloth__Llama-3.2-3B-Instruct_v1_2025-04-13_17-52-07,264,0.11340846866369247,0.1104
ft_unsloth__Llama-3.2-3B-Instruct_v1_2025-04-13_17-52-07,265,0.11340846866369247,0.0635
ft_unsloth__Llama-3.2-3B-Instruct_v1_2025-04-13_17-52-07,266,0.11340846866369247,0.0465
ft_unsloth__Llama-3.2-3B-Instruct_v1_2025-04-13_17-52-07,267,0.11340846866369247,0.0579
ft_unsloth__Llama-3.2-3B-Instruct_v1_2025-04-13_17-52-07,268,0.11340846866369247,0.0626
ft_unsloth__Llama-3.2-3B-Instruct_v1_2025-04-13_17-52-07,269,0.11340846866369247,0.048
ft_unsloth__Llama-3.2-3B-Instruct_v1_2025-04-13_17-52-07,270,0.11340846866369247,0.0218
ft_unsloth__Llama-3.2-3B-Instruct_v1_2025-04-13_17-52-07,270,0.11118439584970474,0.0218
ft_unsloth__Llama-3.2-3B-Instruct_v1_2025-04-13_17-52-07,271,0.11118439584970474,0.0391
ft_unsloth__Llama-3.2-3B-Instruct_v1_2025-04-13_17-52-07,272,0.11118439584970474,0.0387
ft_unsloth__Llama-3.2-3B-Instruct_v1_2025-04-13_17-52-07,273,0.11118439584970474,0.0323
ft_unsloth__Llama-3.2-3B-Instruct_v1_2025-04-13_17-52-07,274,0.11118439584970474,0.017
ft_unsloth__Llama-3.2-3B-Instruct_v1_2025-04-13_17-52-07,275,0.11118439584970474,0.0231
ft_unsloth__Llama-3.2-3B-Instruct_v1_2025-04-13_17-52-07,276,0.11118439584970474,0.0406
ft_unsloth__Llama-3.2-3B-Instruct_v1_2025-04-13_17-52-07,277,0.11118439584970474,0.027
ft_unsloth__Llama-3.2-3B-Instruct_v1_2025-04-13_17-52-07,278,0.11118439584970474,0.0506
ft_unsloth__Llama-3.2-3B-Instruct_v1_2025-04-13_17-52-07,279,0.11118439584970474,0.4
ft_unsloth__Llama-3.2-3B-Instruct_v1_2025-04-13_17-52-07,280,0.11118439584970474,0.0397
ft_unsloth__Llama-3.2-3B-Instruct_v1_2025-04-13_17-52-07,280,0.10850097984075546,0.0397
ft_unsloth__Llama-3.2-3B-Instruct_v1_2025-04-13_17-52-07,281,0.10850097984075546,0.0374
ft_unsloth__Llama-3.2-3B-Instruct_v1_2025-04-13_17-52-07,282,0.10850097984075546,0.0555
ft_unsloth__Llama-3.2-3B-Instruct_v1_2025-04-13_17-52-07,283,0.10850097984075546,0.0287
ft_unsloth__Llama-3.2-3B-Instruct_v1_2025-04-13_17-52-07,284,0.10850097984075546,0.0582
ft_unsloth__Llama-3.2-3B-Instruct_v1_2025-04-13_17-52-07,285,0.10850097984075546,0.0225
ft_unsloth__Llama-3.2-3B-Instruct_v1_2025-04-13_17-52-07,286,0.10850097984075546,0.0212
ft_unsloth__Llama-3.2-3B-Instruct_v1_2025-04-13_17-52-07,287,0.10850097984075546,0.0612
ft_unsloth__Llama-3.2-3B-Instruct_v1_2025-04-13_17-52-07,288,0.10850097984075546,0.0173
ft_unsloth__Llama-3.2-3B-Instruct_v1_2025-04-13_17-52-07,289,0.10850097984075546,0.0422
ft_unsloth__Llama-3.2-3B-Instruct_v1_2025-04-13_17-52-07,290,0.10850097984075546,0.0301
ft_unsloth__Llama-3.2-3B-Instruct_v1_2025-04-13_17-52-07,290,0.10379979759454727,0.0301
ft_unsloth__Llama-3.2-3B-Instruct_v1_2025-04-13_17-52-07,291,0.10379979759454727,0.0399
ft_unsloth__Llama-3.2-3B-Instruct_v1_2025-04-13_17-52-07,292,0.10379979759454727,0.0402
ft_unsloth__Llama-3.2-3B-Instruct_v1_2025-04-13_17-52-07,293,0.10379979759454727,0.033
ft_unsloth__Llama-3.2-3B-Instruct_v1_2025-04-13_17-52-07,294,0.10379979759454727,0.0409
ft_unsloth__Llama-3.2-3B-Instruct_v1_2025-04-13_17-52-07,295,0.10379979759454727,0.0717
ft_unsloth__Llama-3.2-3B-Instruct_v1_2025-04-13_17-52-07,296,0.10379979759454727,0.074
ft_unsloth__Llama-3.2-3B-Instruct_v1_2025-04-13_17-52-07,297,0.10379979759454727,0.0175
ft_unsloth__Llama-3.2-3B-Instruct_v1_2025-04-13_17-52-07,298,0.10379979759454727,0.0824
ft_unsloth__Llama-3.2-3B-Instruct_v1_2025-04-13_17-52-07,299,0.10379979759454727,0.0605
ft_unsloth__Llama-3.2-3B-Instruct_v1_2025-04-13_17-52-07,300,0.10379979759454727,0.0653
ft_unsloth__Llama-3.2-3B-Instruct_v1_2025-04-13_17-52-07,300,0.10173318535089493,0.0653
ft_unsloth__Llama-3.2-3B-Instruct_v1_2025-04-13_17-52-07,301,0.10173318535089493,0.3416
ft_unsloth__Llama-3.2-3B-Instruct_v1_2025-04-13_17-52-07,302,0.10173318535089493,0.0331
ft_unsloth__Llama-3.2-3B-Instruct_v1_2025-04-13_17-52-07,303,0.10173318535089493,0.0165
ft_unsloth__Llama-3.2-3B-Instruct_v1_2025-04-13_17-52-07,304,0.10173318535089493,0.0512
ft_unsloth__Llama-3.2-3B-Instruct_v1_2025-04-13_17-52-07,305,0.10173318535089493,0.027
ft_unsloth__Llama-3.2-3B-Instruct_v1_2025-04-13_17-52-07,306,0.10173318535089493,0.0555
ft_unsloth__Llama-3.2-3B-Instruct_v1_2025-04-13_17-52-07,307,0.10173318535089493,0.0406
ft_unsloth__Llama-3.2-3B-Instruct_v1_2025-04-13_17-52-07,308,0.10173318535089493,0.0298
ft_unsloth__Llama-3.2-3B-Instruct_v1_2025-04-13_17-52-07,309,0.10173318535089493,0.0406
ft_unsloth__Llama-3.2-3B-Instruct_v1_2025-04-13_17-52-07,310,0.10173318535089493,0.0208
ft_unsloth__Llama-3.2-3B-Instruct_v1_2025-04-13_17-52-07,310,0.09688036888837814,0.0208
ft_unsloth__Llama-3.2-3B-Instruct_v1_2025-04-13_17-52-07,311,0.09688036888837814,0.037
ft_unsloth__Llama-3.2-3B-Instruct_v1_2025-04-13_17-52-07,312,0.09688036888837814,0.0412
ft_unsloth__Llama-3.2-3B-Instruct_v1_2025-04-13_17-52-07,313,0.09688036888837814,0.0388
ft_unsloth__Llama-3.2-3B-Instruct_v1_2025-04-13_17-52-07,314,0.09688036888837814,0.0385
ft_unsloth__Llama-3.2-3B-Instruct_v1_2025-04-13_17-52-07,315,0.09688036888837814,0.0302
ft_unsloth__Llama-3.2-3B-Instruct_v1_2025-04-13_17-52-07,316,0.09688036888837814,0.039
ft_unsloth__Llama-3.2-3B-Instruct_v1_2025-04-13_17-52-07,317,0.09688036888837814,0.0696
ft_unsloth__Llama-3.2-3B-Instruct_v1_2025-04-13_17-52-07,318,0.09688036888837814,0.0389
ft_unsloth__Llama-3.2-3B-Instruct_v1_2025-04-13_17-52-07,319,0.09688036888837814,0.0485
ft_unsloth__Llama-3.2-3B-Instruct_v1_2025-04-13_17-52-07,320,0.09688036888837814,0.0261
ft_unsloth__Llama-3.2-3B-Instruct_v1_2025-04-13_17-52-07,320,0.09493262320756912,0.0261
ft_unsloth__Llama-3.2-3B-Instruct_v1_2025-04-13_17-52-07,321,0.09493262320756912,0.0204
ft_unsloth__Llama-3.2-3B-Instruct_v1_2025-04-13_17-52-07,322,0.09493262320756912,0.0544
ft_unsloth__Llama-3.2-3B-Instruct_v1_2025-04-13_17-52-07,323,0.09493262320756912,0.0229
ft_unsloth__Llama-3.2-3B-Instruct_v1_2025-04-13_17-52-07,324,0.09493262320756912,0.0425
ft_unsloth__Llama-3.2-3B-Instruct_v1_2025-04-13_17-52-07,325,0.09493262320756912,0.0422
ft_unsloth__Llama-3.2-3B-Instruct_v1_2025-04-13_17-52-07,326,0.09493262320756912,0.0346
ft_unsloth__Llama-3.2-3B-Instruct_v1_2025-04-13_17-52-07,327,0.09493262320756912,0.0576
ft_unsloth__Llama-3.2-3B-Instruct_v1_2025-04-13_17-52-07,328,0.09493262320756912,0.0485
ft_unsloth__Llama-3.2-3B-Instruct_v1_2025-04-13_17-52-07,329,0.09493262320756912,0.0837
ft_unsloth__Llama-3.2-3B-Instruct_v1_2025-04-13_17-52-07,330,0.09493262320756912,0.0287
ft_unsloth__Llama-3.2-3B-Instruct_v1_2025-04-13_17-52-07,330,0.09449887275695801,0.0287
ft_unsloth__Llama-3.2-3B-Instruct_v1_2025-04-13_17-52-07,331,0.09449887275695801,0.0413
ft_unsloth__Llama-3.2-3B-Instruct_v1_2025-04-13_17-52-07,332,0.09449887275695801,0.0191
ft_unsloth__Llama-3.2-3B-Instruct_v1_2025-04-13_17-52-07,333,0.09449887275695801,0.0488
ft_unsloth__Llama-3.2-3B-Instruct_v1_2025-04-13_17-52-07,334,0.09449887275695801,0.0232
ft_unsloth__Llama-3.2-3B-Instruct_v1_2025-04-13_17-52-07,335,0.09449887275695801,0.0314
ft_unsloth__Llama-3.2-3B-Instruct_v1_2025-04-13_17-52-07,336,0.09449887275695801,0.0353
ft_unsloth__Llama-3.2-3B-Instruct_v1_2025-04-13_17-52-07,337,0.09449887275695801,0.0423
ft_unsloth__Llama-3.2-3B-Instruct_v1_2025-04-13_17-52-07,338,0.09449887275695801,0.0281
ft_unsloth__Llama-3.2-3B-Instruct_v1_2025-04-13_17-52-07,339,0.09449887275695801,0.0322
ft_unsloth__Llama-3.2-3B-Instruct_v1_2025-04-13_17-52-07,340,0.09449887275695801,0.0633
ft_unsloth__Llama-3.2-3B-Instruct_v1_2025-04-13_17-52-07,340,0.09393424540758133,0.0633
ft_unsloth__Llama-3.2-3B-Instruct_v1_2025-04-13_17-52-07,341,0.09393424540758133,0.0386
ft_unsloth__Llama-3.2-3B-Instruct_v1_2025-04-13_17-52-07,342,0.09393424540758133,0.044
ft_unsloth__Llama-3.2-3B-Instruct_v1_2025-04-13_17-52-07,343,0.09393424540758133,0.0314
ft_unsloth__Llama-3.2-3B-Instruct_v1_2025-04-13_17-52-07,344,0.09393424540758133,0.0325
ft_unsloth__Llama-3.2-3B-Instruct_v1_2025-04-13_17-52-07,345,0.09393424540758133,0.0452
ft_unsloth__Llama-3.2-3B-Instruct_v1_2025-04-13_17-52-07,346,0.09393424540758133,0.0394
ft_unsloth__Llama-3.2-3B-Instruct_v1_2025-04-13_17-52-07,347,0.09393424540758133,0.0494
ft_unsloth__Llama-3.2-3B-Instruct_v1_2025-04-13_17-52-07,348,0.09393424540758133,0.0421
ft_unsloth__Llama-3.2-3B-Instruct_v1_2025-04-13_17-52-07,349,0.09393424540758133,0.0291
ft_unsloth__Llama-3.2-3B-Instruct_v1_2025-04-13_17-52-07,350,0.09393424540758133,0.0584
ft_unsloth__Llama-3.2-3B-Instruct_v1_2025-04-13_17-52-07,350,0.09376432746648788,0.0584
ft_unsloth__Llama-3.2-3B-Instruct_v1_2025-04-13_17-52-07,351,0.09376432746648788,0.0218
ft_unsloth__Llama-3.2-3B-Instruct_v1_2025-04-13_17-52-07,352,0.09376432746648788,0.0886
ft_unsloth__Llama-3.2-3B-Instruct_v1_2025-04-13_17-52-07,353,0.09376432746648788,0.0345
ft_unsloth__Llama-3.2-3B-Instruct_v1_2025-04-13_17-52-07,354,0.09376432746648788,0.0464
ft_unsloth__Llama-3.2-3B-Instruct_v1_2025-04-13_17-52-07,355,0.09376432746648788,0.036
ft_unsloth__Llama-3.2-3B-Instruct_v1_2025-04-13_17-52-07,356,0.09376432746648788,0.0258
ft_unsloth__Llama-3.2-3B-Instruct_v1_2025-04-13_17-52-07,357,0.09376432746648788,0.0655
ft_unsloth__Llama-3.2-3B-Instruct_v1_2025-04-13_17-52-07,358,0.09376432746648788,0.0368
ft_unsloth__Llama-3.2-3B-Instruct_v1_2025-04-13_17-52-07,359,0.09376432746648788,0.0385
ft_unsloth__Llama-3.2-3B-Instruct_v1_2025-04-13_17-52-07,360,0.09376432746648788,0.0412
ft_unsloth__Llama-3.2-3B-Instruct_v1_2025-04-13_17-52-07,360,0.09355038404464722,0.0412
ft_unsloth__Llama-3.2-3B-Instruct_v1_2025-04-13_17-52-07,361,0.09355038404464722,0.0738
ft_unsloth__Llama-3.2-3B-Instruct_v1_2025-04-13_17-52-07,362,0.09355038404464722,0.047
ft_unsloth__Llama-3.2-3B-Instruct_v1_2025-04-13_17-52-07,363,0.09355038404464722,0.0491
ft_unsloth__Llama-3.2-3B-Instruct_v1_2025-04-13_17-52-07,364,0.09355038404464722,0.0248
ft_unsloth__Llama-3.2-3B-Instruct_v1_2025-04-13_17-52-07,365,0.09355038404464722,0.0146
ft_unsloth__Llama-3.2-3B-Instruct_v1_2025-04-13_17-52-07,366,0.09355038404464722,0.0223
ft_unsloth__Llama-3.2-3B-Instruct_v1_2025-04-13_17-52-07,367,0.09355038404464722,0.0194
ft_unsloth__Llama-3.2-3B-Instruct_v1_2025-04-13_17-52-07,368,0.09355038404464722,0.0601
ft_unsloth__Llama-3.2-3B-Instruct_v1_2025-04-13_17-52-07,369,0.09355038404464722,0.2812
ft_unsloth__Llama-3.2-3B-Instruct_v1_2025-04-13_17-52-07,370,0.09355038404464722,0.0218
ft_unsloth__Llama-3.2-3B-Instruct_v1_2025-04-13_17-52-07,370,0.0921563133597374,0.0218
ft_unsloth__Llama-3.2-3B-Instruct_v1_2025-04-13_17-52-07,371,0.0921563133597374,0.0499
ft_unsloth__Llama-3.2-3B-Instruct_v1_2025-04-13_17-52-07,372,0.0921563133597374,0.0198
ft_unsloth__Llama-3.2-3B-Instruct_v1_2025-04-13_17-52-07,373,0.0921563133597374,0.0306
ft_unsloth__Llama-3.2-3B-Instruct_v1_2025-04-13_17-52-07,374,0.0921563133597374,0.0504
ft_unsloth__Llama-3.2-3B-Instruct_v1_2025-04-13_17-52-07,375,0.0921563133597374,0.0475
ft_unsloth__Llama-3.2-3B-Instruct_v1_2025-04-13_17-52-07,376,0.0921563133597374,0.0187
ft_unsloth__Llama-3.2-3B-Instruct_v1_2025-04-13_17-52-07,377,0.0921563133597374,0.0253
ft_unsloth__Llama-3.2-3B-Instruct_v1_2025-04-13_17-52-07,378,0.0921563133597374,0.0232
ft_unsloth__Llama-3.2-3B-Instruct_v1_2025-04-13_17-52-07,379,0.0921563133597374,0.1039
ft_unsloth__Llama-3.2-3B-Instruct_v1_2025-04-13_17-52-07,380,0.0921563133597374,0.0375
ft_unsloth__Llama-3.2-3B-Instruct_v1_2025-04-13_17-52-07,380,0.09026999026536942,0.0375
ft_unsloth__Llama-3.2-3B-Instruct_v1_2025-04-13_17-52-07,381,0.09026999026536942,0.0477
ft_unsloth__Llama-3.2-3B-Instruct_v1_2025-04-13_17-52-07,382,0.09026999026536942,0.0478
ft_unsloth__Llama-3.2-3B-Instruct_v1_2025-04-13_17-52-07,383,0.09026999026536942,0.0264
ft_unsloth__Llama-3.2-3B-Instruct_v1_2025-04-13_17-52-07,384,0.09026999026536942,0.0214
ft_unsloth__Llama-3.2-3B-Instruct_v1_2025-04-13_17-52-07,385,0.09026999026536942,0.0134
ft_unsloth__Llama-3.2-3B-Instruct_v1_2025-04-13_17-52-07,386,0.09026999026536942,0.0486
ft_unsloth__Llama-3.2-3B-Instruct_v1_2025-04-13_17-52-07,387,0.09026999026536942,0.0222
ft_unsloth__Llama-3.2-3B-Instruct_v1_2025-04-13_17-52-07,388,0.09026999026536942,0.049
ft_unsloth__Llama-3.2-3B-Instruct_v1_2025-04-13_17-52-07,389,0.09026999026536942,0.0328
ft_unsloth__Llama-3.2-3B-Instruct_v1_2025-04-13_17-52-07,390,0.09026999026536942,0.0698
ft_unsloth__Llama-3.2-3B-Instruct_v1_2025-04-13_17-52-07,390,0.08977097272872925,0.0698
ft_unsloth__Llama-3.2-3B-Instruct_v1_2025-04-13_17-52-07,391,0.08977097272872925,0.0464
ft_unsloth__Llama-3.2-3B-Instruct_v1_2025-04-13_17-52-07,392,0.08977097272872925,0.0515
ft_unsloth__Llama-3.2-3B-Instruct_v1_2025-04-13_17-52-07,393,0.08977097272872925,0.0235
ft_unsloth__Llama-3.2-3B-Instruct_v1_2025-04-13_17-52-07,394,0.08977097272872925,0.0666
ft_unsloth__Llama-3.2-3B-Instruct_v1_2025-04-13_17-52-07,395,0.08977097272872925,0.0143
ft_unsloth__Llama-3.2-3B-Instruct_v1_2025-04-13_17-52-07,396,0.08977097272872925,0.0255
ft_unsloth__Llama-3.2-3B-Instruct_v1_2025-04-13_17-52-07,397,0.08977097272872925,0.0197
ft_unsloth__Llama-3.2-3B-Instruct_v1_2025-04-13_17-52-07,398,0.08977097272872925,0.0326
ft_unsloth__Llama-3.2-3B-Instruct_v1_2025-04-13_17-52-07,399,0.08977097272872925,0.0339
ft_unsloth__Llama-3.2-3B-Instruct_v1_2025-04-13_17-52-07,400,0.08977097272872925,0.0426
ft_unsloth__Llama-3.2-3B-Instruct_v1_2025-04-13_17-52-07,400,0.08946119248867035,0.0426
ft_unsloth__Llama-3.2-3B-Instruct_v1_2025-04-13_17-52-07,401,0.08946119248867035,0.0325
ft_unsloth__Llama-3.2-3B-Instruct_v1_2025-04-13_17-52-07,402,0.08946119248867035,0.0591
ft_unsloth__Llama-3.2-3B-Instruct_v1_2025-04-13_17-52-07,403,0.08946119248867035,0.0516
ft_unsloth__Llama-3.2-3B-Instruct_v1_2025-04-13_17-52-07,404,0.08946119248867035,0.0376
ft_unsloth__Llama-3.2-3B-Instruct_v1_2025-04-13_17-52-07,405,0.08946119248867035,0.0286
ft_unsloth__Llama-3.2-3B-Instruct_v1_2025-04-13_17-52-07,406,0.08946119248867035,0.0346
ft_unsloth__Llama-3.2-3B-Instruct_v1_2025-04-13_17-52-07,407,0.08946119248867035,0.0361
ft_unsloth__Llama-3.2-3B-Instruct_v1_2025-04-13_17-52-07,408,0.08946119248867035,0.0254
ft_unsloth__Llama-3.2-3B-Instruct_v1_2025-04-13_17-52-07,409,0.08946119248867035,0.2688
ft_unsloth__Llama-3.2-3B-Instruct_v1_2025-04-13_17-52-07,410,0.08946119248867035,0.0445
ft_unsloth__Llama-3.2-3B-Instruct_v1_2025-04-13_17-52-07,410,0.08903662115335464,0.0445
ft_unsloth__Llama-3.2-3B-Instruct_v1_2025-04-13_17-52-07,411,0.08903662115335464,0.01
ft_unsloth__Llama-3.2-3B-Instruct_v1_2025-04-13_17-52-07,412,0.08903662115335464,0.0544
ft_unsloth__Llama-3.2-3B-Instruct_v1_2025-04-13_17-52-07,413,0.08903662115335464,0.0155
ft_unsloth__Llama-3.2-3B-Instruct_v1_2025-04-13_17-52-07,414,0.08903662115335464,0.027
ft_unsloth__Llama-3.2-3B-Instruct_v1_2025-04-13_17-52-07,415,0.08903662115335464,0.0345
ft_unsloth__Llama-3.2-3B-Instruct_v1_2025-04-13_17-52-07,416,0.08903662115335464,0.0265
ft_unsloth__Llama-3.2-3B-Instruct_v1_2025-04-13_17-52-07,417,0.08903662115335464,0.0274
ft_unsloth__Llama-3.2-3B-Instruct_v1_2025-04-13_17-52-07,418,0.08903662115335464,0.0372
ft_unsloth__Llama-3.2-3B-Instruct_v1_2025-04-13_17-52-07,419,0.08903662115335464,0.0493
ft_unsloth__Llama-3.2-3B-Instruct_v1_2025-04-13_17-52-07,420,0.08903662115335464,0.0303
ft_unsloth__Llama-3.2-3B-Instruct_v1_2025-04-13_17-52-07,420,0.0881676897406578,0.0303
ft_unsloth__Llama-3.2-3B-Instruct_v1_2025-04-13_17-52-07,421,0.0881676897406578,0.0333
ft_unsloth__Llama-3.2-3B-Instruct_v1_2025-04-13_17-52-07,422,0.0881676897406578,0.0407
ft_unsloth__Llama-3.2-3B-Instruct_v1_2025-04-13_17-52-07,423,0.0881676897406578,0.053
ft_unsloth__Llama-3.2-3B-Instruct_v1_2025-04-13_17-52-07,424,0.0881676897406578,0.0309
ft_unsloth__Llama-3.2-3B-Instruct_v1_2025-04-13_17-52-07,425,0.0881676897406578,0.072
ft_unsloth__Llama-3.2-3B-Instruct_v1_2025-04-13_17-52-07,426,0.0881676897406578,0.0391
ft_unsloth__Llama-3.2-3B-Instruct_v1_2025-04-13_17-52-07,427,0.0881676897406578,0.0202
ft_unsloth__Llama-3.2-3B-Instruct_v1_2025-04-13_17-52-07,428,0.0881676897406578,0.0308
ft_unsloth__Llama-3.2-3B-Instruct_v1_2025-04-13_17-52-07,429,0.0881676897406578,0.052
ft_unsloth__Llama-3.2-3B-Instruct_v1_2025-04-13_17-52-07,430,0.0881676897406578,0.0413
ft_unsloth__Llama-3.2-3B-Instruct_v1_2025-04-13_17-52-07,430,0.08792382478713989,0.0413
ft_unsloth__Llama-3.2-3B-Instruct_v1_2025-04-13_17-52-07,431,0.08792382478713989,0.0469
ft_unsloth__Llama-3.2-3B-Instruct_v1_2025-04-13_17-52-07,432,0.08792382478713989,0.0391
ft_unsloth__Llama-3.2-3B-Instruct_v1_2025-04-13_17-52-07,433,0.08792382478713989,0.0378
ft_unsloth__Llama-3.2-3B-Instruct_v1_2025-04-13_17-52-07,434,0.08792382478713989,0.0336
ft_unsloth__Llama-3.2-3B-Instruct_v1_2025-04-13_17-52-07,435,0.08792382478713989,0.0194
ft_unsloth__Llama-3.2-3B-Instruct_v1_2025-04-13_17-52-07,436,0.08792382478713989,0.0506
ft_unsloth__Llama-3.2-3B-Instruct_v1_2025-04-13_17-52-07,437,0.08792382478713989,0.0239
ft_unsloth__Llama-3.2-3B-Instruct_v1_2025-04-13_17-52-07,438,0.08792382478713989,0.0305
ft_unsloth__Llama-3.2-3B-Instruct_v1_2025-04-13_17-52-07,439,0.08792382478713989,0.1112
ft_unsloth__Llama-3.2-3B-Instruct_v1_2025-04-13_17-52-07,440,0.08792382478713989,0.0192
ft_unsloth__Llama-3.2-3B-Instruct_v1_2025-04-13_17-52-07,440,0.08767922222614288,0.0192
ft_unsloth__Llama-3.2-3B-Instruct_v1_2025-04-13_17-52-07,441,0.08767922222614288,0.0256
ft_unsloth__Llama-3.2-3B-Instruct_v1_2025-04-13_17-52-07,442,0.08767922222614288,0.0213
ft_unsloth__Llama-3.2-3B-Instruct_v1_2025-04-13_17-52-07,443,0.08767922222614288,0.0299
ft_unsloth__Llama-3.2-3B-Instruct_v1_2025-04-13_17-52-07,444,0.08767922222614288,0.0215
ft_unsloth__Llama-3.2-3B-Instruct_v1_2025-04-13_17-52-07,445,0.08767922222614288,0.0318
ft_unsloth__Llama-3.2-3B-Instruct_v1_2025-04-13_17-52-07,446,0.08767922222614288,0.0442
ft_unsloth__Llama-3.2-3B-Instruct_v1_2025-04-13_17-52-07,447,0.08767922222614288,0.0631
ft_unsloth__Llama-3.2-3B-Instruct_v1_2025-04-13_17-52-07,448,0.08767922222614288,0.0272
ft_unsloth__Llama-3.2-3B-Instruct_v1_2025-04-13_17-52-07,449,0.08767922222614288,0.0208
ft_unsloth__Llama-3.2-3B-Instruct_v1_2025-04-13_17-52-07,450,0.08767922222614288,0.0364
ft_unsloth__Llama-3.2-3B-Instruct_v1_2025-04-13_17-52-07,450,0.08775056153535843,0.0364
ft_unsloth__Llama-3.2-3B-Instruct_v1_2025-04-13_17-52-07,451,0.08775056153535843,0.0368
ft_unsloth__Llama-3.2-3B-Instruct_v1_2025-04-13_17-52-07,452,0.08775056153535843,0.2552
ft_unsloth__Llama-3.2-3B-Instruct_v1_2025-04-13_17-52-07,453,0.08775056153535843,0.0322
ft_unsloth__Llama-3.2-3B-Instruct_v1_2025-04-13_17-52-07,454,0.08775056153535843,0.0503
ft_unsloth__Llama-3.2-3B-Instruct_v1_2025-04-13_17-52-07,455,0.08775056153535843,0.0445
ft_unsloth__Llama-3.2-3B-Instruct_v1_2025-04-13_17-52-07,456,0.08775056153535843,0.0346
ft_unsloth__Llama-3.2-3B-Instruct_v1_2025-04-13_17-52-07,457,0.08775056153535843,0.0292
ft_unsloth__Llama-3.2-3B-Instruct_v1_2025-04-13_17-52-07,458,0.08775056153535843,0.0261
ft_unsloth__Llama-3.2-3B-Instruct_v1_2025-04-13_17-52-07,459,0.08775056153535843,0.0348
ft_unsloth__Llama-3.2-3B-Instruct_v1_2025-04-13_17-52-07,460,0.08775056153535843,0.0183
ft_unsloth__Llama-3.2-3B-Instruct_v1_2025-04-13_17-52-07,460,0.08780191093683243,0.0183
ft_unsloth__Llama-3.2-3B-Instruct_v1_2025-04-13_17-52-07,460,0.08780191093683243,0.0183
GPT 4o-mini,549,0.0744034958746847,0.0001167518275906
GPT 4o-mini,548,,0.0230531245470047
GPT 4o-mini,547,,0.0128969876095652
GPT 4o-mini,546,,0.0394846275448799
GPT 4o-mini,545,,0.008185165002942
GPT 4o-mini,544,,4.381758481031284e-05
GPT 4o-mini,543,,0.0003571623237803
GPT 4o-mini,542,,0.0003382119175512
GPT 4o-mini,541,,0.0181556064635515
GPT 4o-mini,540,0.0360369671644513,0.0102105159312486
GPT 4o-mini,539,,0.0084237297996878
GPT 4o-mini,538,,0.0335814990103244
GPT 4o-mini,537,,0.0036242564674466
GPT 4o-mini,536,,0.0112348878756165
GPT 4o-mini,535,,0.0062365047633647
GPT 4o-mini,534,,0.0122728031128644
GPT 4o-mini,533,,0.0224180463701486
GPT 4o-mini,532,,0.0012568745296448
GPT 4o-mini,531,,0.0040762894786894
GPT 4o-mini,530,0.0917141327972746,0.0280245468020439
GPT 4o-mini,529,,8.220290328608826e-05
GPT 4o-mini,528,,0.0001585994468769
GPT 4o-mini,527,,0.0633319169282913
GPT 4o-mini,526,,0.0001977639476535
GPT 4o-mini,525,,0.0383481234312057
GPT 4o-mini,524,,0.000123939680634
GPT 4o-mini,523,,0.0235759336501359
GPT 4o-mini,522,,0.0001277624251088
GPT 4o-mini,521,,0.0405368618667125
GPT 4o-mini,520,0.0120412774754865,5.315368980518542e-05
GPT 4o-mini,519,,7.379480666713789e-05
GPT 4o-mini,518,,0.0003332194173708
GPT 4o-mini,517,,3.3276421163463965e-05
GPT 4o-mini,516,,0.0005963934236206
GPT 4o-mini,515,,6.54586692689918e-05
GPT 4o-mini,514,,0.0156014841049909
GPT 4o-mini,513,,0.0112179359421134
GPT 4o-mini,512,,0.0200365763157606
GPT 4o-mini,511,,8.427829743595794e-05
GPT 4o-mini,510,0.024820259333726,0.0040864502079784
GPT 4o-mini,509,,0.0153244556859135
GPT 4o-mini,508,,0.0001598647068021
GPT 4o-mini,507,,0.0035148602910339
GPT 4o-mini,506,,7.823573832865804e-05
GPT 4o-mini,505,,0.0462561100721359
GPT 4o-mini,504,,0.0092110754922032
GPT 4o-mini,503,,0.0061504202894866
GPT 4o-mini,502,,0.0472537875175476
GPT 4o-mini,501,,0.0001047673213179
GPT 4o-mini,500,0.048796085877852,0.0467785224318504
GPT 4o-mini,499,,4.0487226215191185e-05
GPT 4o-mini,498,,0.0001053969390341
GPT 4o-mini,497,,0.0001020282143144
GPT 4o-mini,496,,0.0398844145238399
GPT 4o-mini,495,,0.0222243387252092
GPT 4o-mini,494,,0.0006189621053636
GPT 4o-mini,493,,0.0450770705938339
GPT 4o-mini,492,,0.0259676314890384
GPT 4o-mini,491,,0.0429393723607063
GPT 4o-mini,490,0.0002494582108088,0.1449240148067474
GPT 4o-mini,489,,0.0153406169265508
GPT 4o-mini,488,,5.1565781177487224e-05
GPT 4o-mini,487,,0.04487931355834
GPT 4o-mini,486,,0.0005099677364341
GPT 4o-mini,485,,0.0006064554327167
GPT 4o-mini,484,,0.0025203973054885
GPT 4o-mini,483,,0.030269106850028
GPT 4o-mini,482,,0.0024278755299746
GPT 4o-mini,481,,0.0660945773124694
GPT 4o-mini,480,0.0175704230664827,0.028731819242239
GPT 4o-mini,479,,0.0166655872017145
GPT 4o-mini,478,,0.0103870937600731
GPT 4o-mini,477,,0.0320204831659793
GPT 4o-mini,476,,0.0001626664889045
GPT 4o-mini,475,,0.0659836530685424
GPT 4o-mini,474,,5.32304220541846e-05
GPT 4o-mini,473,,0.001601877505891
GPT 4o-mini,472,,0.0001102456153603
GPT 4o-mini,471,,0.000863833061885
GPT 4o-mini,470,0.0232556249414171,0.00983467977494
GPT 4o-mini,469,,0.0013076449977234
GPT 4o-mini,468,,0.0001282345183426
GPT 4o-mini,467,,0.0062049301341176
GPT 4o-mini,466,,0.0086966790258884
GPT 4o-mini,465,,0.0009620952769182
GPT 4o-mini,464,,0.0002193059917772
GPT 4o-mini,463,,0.0011034266790375
GPT 4o-mini,462,,0.01215704344213
GPT 4o-mini,461,,0.0023394261952489
GPT 4o-mini,460,0.026974432687098,0.0008338257321156
GPT 4o-mini,459,,0.0164962355047464
GPT 4o-mini,458,,0.029978509992361
GPT 4o-mini,457,,0.0395092405378818
GPT 4o-mini,456,,0.0120676336809992
GPT 4o-mini,455,,8.108143083518371e-05
GPT 4o-mini,454,,0.0011954318033531
GPT 4o-mini,453,,0.0240039993077516
GPT 4o-mini,452,,0.0257837008684873
GPT 4o-mini,451,,5.465497088152915e-05
GPT 4o-mini,450,0.1231227968840321,0.0216402187943458
GPT 4o-mini,449,,0.0023633600212633
GPT 4o-mini,448,,0.0783093050122261
GPT 4o-mini,447,,0.0059992242604494
GPT 4o-mini,446,,0.0161952469497919
GPT 4o-mini,445,,0.0440833680331707
GPT 4o-mini,444,,0.0111262202262878
GPT 4o-mini,443,,0.0085083479061722
GPT 4o-mini,442,,0.0010424456559121
GPT 4o-mini,441,,0.0105706565082073
GPT 4o-mini,440,0.00744173451924,0.0414682738482952
GPT 4o-mini,439,,0.000834971666336
GPT 4o-mini,438,,0.0019450975814834
GPT 4o-mini,437,,0.0243862494826316
GPT 4o-mini,436,,0.0303685683757066
GPT 4o-mini,435,,6.80458324495703e-05
GPT 4o-mini,434,,0.0093567362055182
GPT 4o-mini,433,,6.679987563984469e-05
GPT 4o-mini,432,,0.0001331785751972
GPT 4o-mini,431,,0.0001218069373862
GPT 4o-mini,430,0.0033271599248423,0.025687500834465
GPT 4o-mini,429,,0.0001034399028867
GPT 4o-mini,428,,0.0072034732438623
GPT 4o-mini,427,,9.59253666223958e-05
GPT 4o-mini,426,,0.0002519342233426
GPT 4o-mini,425,,9.816685633268209e-05
GPT 4o-mini,424,,7.676758104935288e-05
GPT 4o-mini,423,,0.0237692929804325
GPT 4o-mini,422,,0.0103770913556218
GPT 4o-mini,421,,0.0004575733619276
GPT 4o-mini,420,0.0475446638170179,0.0004490899736993
GPT 4o-mini,419,,0.0001623625284992
GPT 4o-mini,418,,0.1187503635883331
GPT 4o-mini,417,,0.0148194273933768
GPT 4o-mini,416,,0.053668163716793
GPT 4o-mini,415,,0.0019793950486928
GPT 4o-mini,414,,0.0022375953849405
GPT 4o-mini,413,,0.0008804889512248
GPT 4o-mini,412,,0.0137071888893842
GPT 4o-mini,411,,0.0427094101905822
GPT 4o-mini,410,0.0201164084897601,0.0347059518098831
GPT 4o-mini,409,,0.0380253195762634
GPT 4o-mini,408,,0.0466996431350708
GPT 4o-mini,407,,0.0142049808055162
GPT 4o-mini,406,,0.0313188731670379
GPT 4o-mini,405,,0.000176483328687
GPT 4o-mini,404,,0.0316813476383686
GPT 4o-mini,403,,0.0011228093644604
GPT 4o-mini,402,,0.0125596430152654
GPT 4o-mini,401,,0.0072670835070312
GPT 4o-mini,400,0.021240310838865,0.0277840308845043
GPT 4o-mini,399,,0.0327691584825515
GPT 4o-mini,398,,0.0013106467667967
GPT 4o-mini,397,,0.000106090970803
GPT 4o-mini,396,,0.0855638533830642
GPT 4o-mini,395,,0.0213652197271585
GPT 4o-mini,394,,0.0037765330635011
GPT 4o-mini,393,,0.0001877127797342
GPT 4o-mini,392,,0.0116869965568184
GPT 4o-mini,391,,0.0002853265032172
GPT 4o-mini,390,0.0266459768852301,0.0120260175317525
GPT 4o-mini,389,,0.0396794565021991
GPT 4o-mini,388,,0.0177339650690555
GPT 4o-mini,387,,0.0045142546296119
GPT 4o-mini,386,,0.0019241048721596
GPT 4o-mini,385,,0.0008616735576651
GPT 4o-mini,384,,0.140572190284729
GPT 4o-mini,383,,0.0001455871533835
GPT 4o-mini,382,,0.0057312645949423
GPT 4o-mini,381,,0.0488837920129299
GPT 4o-mini,380,0.0170133321877293,0.0245491657406091
GPT 4o-mini,379,,0.0447803512215614
GPT 4o-mini,378,,0.006241519935429
GPT 4o-mini,377,,0.0117678418755531
GPT 4o-mini,376,,0.0353240631520748
GPT 4o-mini,375,,0.0120991226285696
GPT 4o-mini,374,,0.0154380369931459
GPT 4o-mini,373,,0.0051012490876019
GPT 4o-mini,372,,0.0010741809383034
GPT 4o-mini,371,,0.0028555679600685
GPT 4o-mini,370,0.0110730748427541,7.924549572635442e-05
GPT 4o-mini,369,,0.0226260665804147
GPT 4o-mini,368,,0.0043816440738737
GPT 4o-mini,367,,0.0271432027220726
GPT 4o-mini,366,,0.0074074631556868
GPT 4o-mini,365,,0.1050199493765831
GPT 4o-mini,364,,0.0011619968572631
GPT 4o-mini,363,,0.0232020895928144
GPT 4o-mini,362,,0.0007401966722682
GPT 4o-mini,361,,0.0256311781704425
GPT 4o-mini,360,0.0003687740711683,0.0040959878824651
GPT 4o-mini,359,,0.000494910578709
GPT 4o-mini,358,,0.0127599025145173
GPT 4o-mini,357,,0.0518789961934089
GPT 4o-mini,356,,0.0340013913810253
GPT 4o-mini,355,,0.0333668366074562
GPT 4o-mini,354,,0.036040399223566
GPT 4o-mini,353,,0.0480401590466499
GPT 4o-mini,352,,0.0069197788834571
GPT 4o-mini,351,,0.0168621055781841
GPT 4o-mini,350,0.028506522168077,0.0516665205359458
GPT 4o-mini,349,,0.0237151905894279
GPT 4o-mini,348,,0.0175352152436971
GPT 4o-mini,347,,0.0272390116006135
GPT 4o-mini,346,,0.0166535284370183
GPT 4o-mini,345,,0.0537072643637657
GPT 4o-mini,344,,0.0008646632777526
GPT 4o-mini,343,,0.0005885976133868
GPT 4o-mini,342,,0.0060829515568912
GPT 4o-mini,341,,0.0205013453960418
GPT 4o-mini,340,0.0651289935603804,0.0007230659830383
GPT 4o-mini,339,,0.1450693607330322
GPT 4o-mini,338,,0.0134928710758686
GPT 4o-mini,337,,0.0015353609342128
GPT 4o-mini,336,,0.0003905594348907
GPT 4o-mini,335,,0.0188574250787496
GPT 4o-mini,334,,0.0273094251751899
GPT 4o-mini,333,,0.0527152903378009
GPT 4o-mini,332,,0.0175850894302129
GPT 4o-mini,331,,0.0001649235055083
GPT 4o-mini,330,0.0358905084268495,0.0148728433996438
GPT 4o-mini,329,,0.0029481251258403
GPT 4o-mini,328,,0.041848536580801
GPT 4o-mini,327,,0.0179053824394941
GPT 4o-mini,326,,0.0001541737728985
GPT 4o-mini,325,,0.0540850348770618
GPT 4o-mini,324,,0.0003351654449943
GPT 4o-mini,323,,0.0045815976336598
GPT 4o-mini,322,,0.0444441884756088
GPT 4o-mini,321,,0.028719799593091
GPT 4o-mini,320,0.0058654084497568,0.0460661128163337
GPT 4o-mini,319,,0.054821241647005
GPT 4o-mini,318,,0.0244737733155488
GPT 4o-mini,317,,0.0517765954136848
GPT 4o-mini,316,,0.0003637008194345
GPT 4o-mini,315,,0.001417577615939
GPT 4o-mini,314,,0.0080082695931196
GPT 4o-mini,313,,0.0310583300888538
GPT 4o-mini,312,,0.0071980594657361
GPT 4o-mini,311,,0.000515708932653
GPT 4o-mini,310,0.0004679518086569,0.0007104130345396
GPT 4o-mini,309,,0.0158078707754611
GPT 4o-mini,308,,0.0306899584829807
GPT 4o-mini,307,,0.0393865257501602
GPT 4o-mini,306,,0.0359979122877121
GPT 4o-mini,305,,0.0154001899063587
GPT 4o-mini,304,,0.0093588698655366
GPT 4o-mini,303,,0.0339345335960388
GPT 4o-mini,302,,0.0056046987883746
GPT 4o-mini,301,,0.0016847307560965
GPT 4o-mini,300,0.1209764908247464,0.0020342918578535
GPT 4o-mini,299,,0.0092251496389508
GPT 4o-mini,298,,0.0006170381093397
GPT 4o-mini,297,,0.0178669076412916
GPT 4o-mini,296,,0.0727936923503875
GPT 4o-mini,295,,0.0479686744511127
GPT 4o-mini,294,,0.0081648575142025
GPT 4o-mini,293,,0.0020648040808737
GPT 4o-mini,292,,0.0353311039507389
GPT 4o-mini,291,,0.014242130331695
GPT 4o-mini,290,0.054461856321855,0.0005569285131059
GPT 4o-mini,289,,0.05109653621912
GPT 4o-mini,288,,0.0225783139467239
GPT 4o-mini,287,,0.0646533891558647
GPT 4o-mini,286,,0.0450836531817913
GPT 4o-mini,285,,0.0386583618819713
GPT 4o-mini,284,,0.0037542793434113
GPT 4o-mini,283,,0.0010075719328597
GPT 4o-mini,282,,0.0148402359336614
GPT 4o-mini,281,,0.0327240116894245
GPT 4o-mini,280,0.0005677383937192,0.0032626627944409
GPT 4o-mini,279,,0.0056588831357657
GPT 4o-mini,278,,0.0098473811522126
GPT 4o-mini,277,,0.0483765639364719
GPT 4o-mini,276,,0.0640566572546958
GPT 4o-mini,275,,0.0399164222180843
GPT 4o-mini,274,,0.0285394974052906
GPT 4o-mini,273,,0.0054647377692162
GPT 4o-mini,272,,0.0034882193431258
GPT 4o-mini,271,,0.0108708115294575
GPT 4o-mini,270,0.036202595004566,0.0189062915742397
GPT 4o-mini,269,,0.0002333137381356
GPT 4o-mini,268,,0.0175597202032804
GPT 4o-mini,267,,0.0238258056342601
GPT 4o-mini,266,,0.0026236253324896
GPT 4o-mini,265,,0.0267640054225921
GPT 4o-mini,264,,0.0892664045095443
GPT 4o-mini,263,,0.0084780063480138
GPT 4o-mini,262,,0.000298197788652
GPT 4o-mini,261,,0.0001564754493301
GPT 4o-mini,260,0.0265069901943206,0.0001507824927102
GPT 4o-mini,259,,0.0619565434753894
GPT 4o-mini,258,,0.0556990057229995
GPT 4o-mini,257,,0.0105862952768802
GPT 4o-mini,256,,0.0552248880267143
GPT 4o-mini,255,,0.0096679907292127
GPT 4o-mini,254,,0.0056410934776067
GPT 4o-mini,253,,0.0377834253013134
GPT 4o-mini,252,,0.049095194786787
GPT 4o-mini,251,,8.063074346864596e-05
GPT 4o-mini,250,0.0244918712300208,0.0004596626095008
GPT 4o-mini,249,,0.0344057716429233
GPT 4o-mini,248,,0.0001604184944881
GPT 4o-mini,247,,0.0511114187538623
GPT 4o-mini,246,,0.0172456596046686
GPT 4o-mini,245,,0.0283064357936382
GPT 4o-mini,244,,8.477996016154066e-05
GPT 4o-mini,243,,0.013249103911221
GPT 4o-mini,242,,0.0248226877301931
GPT 4o-mini,241,,0.0113286171108484
GPT 4o-mini,240,0.0088789901391273,0.0001479050552006
GPT 4o-mini,239,,0.0384630262851715
GPT 4o-mini,238,,0.0900279730558395
GPT 4o-mini,237,,0.0371957309544086
GPT 4o-mini,236,,0.0219521634280681
GPT 4o-mini,235,,0.0012242100201547
GPT 4o-mini,234,,0.0003529236419126
GPT 4o-mini,233,,0.0122834872454404
GPT 4o-mini,232,,0.0031443168409168
GPT 4o-mini,231,,0.001274972804822
GPT 4o-mini,230,0.0007395075078596,0.14775051176548
GPT 4o-mini,229,,0.0002613572869449
GPT 4o-mini,228,,0.003488557646051
GPT 4o-mini,227,,0.0004137446230743
GPT 4o-mini,226,,0.0003897518618032
GPT 4o-mini,225,,0.0005382291274145
GPT 4o-mini,224,,0.0146690485998988
GPT 4o-mini,223,,0.0048527526669204
GPT 4o-mini,222,,0.1620133221149444
GPT 4o-mini,221,,0.0079321349039673
GPT 4o-mini,220,0.0643311256391996,0.00107814790681
GPT 4o-mini,219,,0.0088118901476264
GPT 4o-mini,218,,0.0218301881104707
GPT 4o-mini,217,,0.0504280291497707
GPT 4o-mini,216,,0.0019961968064308
GPT 4o-mini,215,,0.0014832417946308
GPT 4o-mini,214,,0.0072603970766067
GPT 4o-mini,213,,0.0077888667583465
GPT 4o-mini,212,,0.0153348157182335
GPT 4o-mini,211,,0.0322463512420654
GPT 4o-mini,210,0.0475846705415323,0.0186031721532344
GPT 4o-mini,209,,0.0008851966704241
GPT 4o-mini,208,,0.013204569928348
GPT 4o-mini,207,,0.0099848881363868
GPT 4o-mini,206,,0.0075233918614685
GPT 4o-mini,205,,0.0284541212022304
GPT 4o-mini,204,,0.0059934370219707
GPT 4o-mini,203,,0.018957495689392
GPT 4o-mini,202,,0.0053678690455853
GPT 4o-mini,201,,0.0521226301789283
GPT 4o-mini,200,0.02967056598706,0.0004149736487306
GPT 4o-mini,199,,0.0344146378338336
GPT 4o-mini,198,,0.015469416975975
GPT 4o-mini,197,,0.0887160897254943
GPT 4o-mini,196,,0.0026185996830463
GPT 4o-mini,195,,0.0069118426181375
GPT 4o-mini,194,,0.0003629680140875
GPT 4o-mini,193,,0.0016437973827123
GPT 4o-mini,192,,0.0295575242489576
GPT 4o-mini,191,,0.0235680565237998
GPT 4o-mini,190,0.0125291165749588,0.018408466130495
GPT 4o-mini,189,,0.0113055873662233
GPT 4o-mini,188,,0.0085470071062445
GPT 4o-mini,187,,0.0007346902857534
GPT 4o-mini,186,,0.0042221168987452
GPT 4o-mini,185,,0.0003389021439943
GPT 4o-mini,184,,0.0131074991077184
GPT 4o-mini,183,,0.0026013327296823
GPT 4o-mini,182,,0.0296780858188867
GPT 4o-mini,181,,0.1968090236186981
GPT 4o-mini,180,0.043969453717561,0.0170827694237232
GPT 4o-mini,179,,0.0279540885239839
GPT 4o-mini,178,,0.0068050366826355
GPT 4o-mini,177,,0.0066436403430998
GPT 4o-mini,176,,0.014607829041779
GPT 4o-mini,175,,0.0242770835757255
GPT 4o-mini,174,,0.043186530470848
GPT 4o-mini,173,,0.0159211177378892
GPT 4o-mini,172,,0.0076553793624043
GPT 4o-mini,171,,0.0079763177782297
GPT 4o-mini,170,0.0144642201239752,0.0269875880330801
GPT 4o-mini,169,,0.01194170396775
GPT 4o-mini,168,,0.0341400131583213
GPT 4o-mini,167,,0.0360103249549865
GPT 4o-mini,166,,0.0112524572759866
GPT 4o-mini,165,,0.0050685931928455
GPT 4o-mini,164,,0.0082360906526446
GPT 4o-mini,163,,0.0199771244078874
GPT 4o-mini,162,,0.0488833636045455
GPT 4o-mini,161,,0.0233506448566913
GPT 4o-mini,160,0.0024134872743747,0.0062877307645976
GPT 4o-mini,159,,0.0434042960405349
GPT 4o-mini,158,,0.0165175795555114
GPT 4o-mini,157,,0.0207049064338207
GPT 4o-mini,156,,0.017915541306138
GPT 4o-mini,155,,0.0010742341401055
GPT 4o-mini,154,,0.0028706446755677
GPT 4o-mini,153,,0.0009011400979943
GPT 4o-mini,152,,0.0482852421700954
GPT 4o-mini,151,,0.0588919669389724
GPT 4o-mini,150,0.0444454345027957,0.0338961035013198
GPT 4o-mini,149,,0.0103271240368485
GPT 4o-mini,148,,0.0051672016270458
GPT 4o-mini,147,,0.0119749121367931
GPT 4o-mini,146,,0.0277392119169235
GPT 4o-mini,145,,0.0007392144179902
GPT 4o-mini,144,,0.1722880750894546
GPT 4o-mini,143,,0.0812847986817359
GPT 4o-mini,142,,0.008629934862256
GPT 4o-mini,141,,0.0078397989273071
GPT 4o-mini,140,0.0612208364241279,0.0241372622549533
GPT 4o-mini,139,,0.0007013538270257
GPT 4o-mini,138,,0.0191954169422388
GPT 4o-mini,137,,0.0061537199653685
GPT 4o-mini,136,,0.0014904651325196
GPT 4o-mini,135,,0.0468765310943126
GPT 4o-mini,134,,0.0267030671238899
GPT 4o-mini,133,,0.0164172053337097
GPT 4o-mini,132,,0.0014140207786113
GPT 4o-mini,131,,0.0513856448233127
GPT 4o-mini,130,0.0016471024585946,0.0581724233925342
GPT 4o-mini,129,,0.0010971875162795
GPT 4o-mini,128,,0.0271938052028417
GPT 4o-mini,127,,0.047225322574377
GPT 4o-mini,126,,0.0051605156622827
GPT 4o-mini,125,,0.0036500592250376
GPT 4o-mini,124,,0.0018209264380857
GPT 4o-mini,123,,0.0824896022677421
GPT 4o-mini,122,,0.1270396709442138
GPT 4o-mini,121,,0.0133308125659823
GPT 4o-mini,120,0.0280179234018304,0.0138274570927023
GPT 4o-mini,119,,0.0080164829269051
GPT 4o-mini,118,,0.0090194614604115
GPT 4o-mini,117,,0.0153166120871901
GPT 4o-mini,116,,0.0100239524617791
GPT 4o-mini,115,,0.0024944415781646
GPT 4o-mini,114,,0.0196572747081518
GPT 4o-mini,113,,0.1009831726551055
GPT 4o-mini,112,,0.0313304439187049
GPT 4o-mini,111,,0.0379708744585514
GPT 4o-mini,110,0.0237821633958499,0.0125493956729769
GPT 4o-mini,109,,0.0637605935335159
GPT 4o-mini,108,,0.0410594418644905
GPT 4o-mini,107,,0.0158126633614301
GPT 4o-mini,106,,0.003976821899414
GPT 4o-mini,105,,0.0671104192733764
GPT 4o-mini,104,,0.0423415005207061
GPT 4o-mini,103,,0.0593986622989177
GPT 4o-mini,102,,0.0310700125992298
GPT 4o-mini,101,,0.0756561756134033
GPT 4o-mini,100,0.074403852625278,0.0476307421922683
GPT 4o-mini,99,,0.0027197292074561
GPT 4o-mini,98,,0.0140631729736924
GPT 4o-mini,97,,0.0081779463216662
GPT 4o-mini,96,,0.0759998634457588
GPT 4o-mini,95,,0.0298259556293487
GPT 4o-mini,94,,0.0080200778320431
GPT 4o-mini,93,,0.0483802072703838
GPT 4o-mini,92,,0.0007095208857208
GPT 4o-mini,91,,0.0077188317663967
GPT 4o-mini,90,0.0480575476940349,0.0015159547328948
GPT 4o-mini,89,,0.0643067136406898
GPT 4o-mini,88,,0.0101776747033
GPT 4o-mini,87,,0.0282253231853246
GPT 4o-mini,86,,0.0394611582159996
GPT 4o-mini,85,,0.0850013121962547
GPT 4o-mini,84,,0.0434681996703147
GPT 4o-mini,83,,0.0314376428723335
GPT 4o-mini,82,,0.0907020345330238
GPT 4o-mini,81,,0.0375587753951549
GPT 4o-mini,80,0.0060272777781767,0.0610446035861969
GPT 4o-mini,79,,0.0260109957307577
GPT 4o-mini,78,,0.0024494698736816
GPT 4o-mini,77,,0.0216969475150108
GPT 4o-mini,76,,0.005092455074191
GPT 4o-mini,75,,0.0071825105696916
GPT 4o-mini,74,,0.0059199472889304
GPT 4o-mini,73,,0.0240442547947168
GPT 4o-mini,72,,0.0094249723479151
GPT 4o-mini,71,,0.1810584068298339
GPT 4o-mini,70,0.0067250621211421,0.0419631600379943
GPT 4o-mini,69,,0.0272954739630222
GPT 4o-mini,68,,0.0110102482140064
GPT 4o-mini,67,,0.0610593855381011
GPT 4o-mini,66,,0.0099395113065838
GPT 4o-mini,65,,0.0562289394438266
GPT 4o-mini,64,,0.0149827869608998
GPT 4o-mini,63,,0.0651044324040412
GPT 4o-mini,62,,0.0030602533370256
GPT 4o-mini,61,,0.0386683605611324
GPT 4o-mini,60,0.0497784625042925,0.0709334835410118
GPT 4o-mini,59,,0.0172943770885467
GPT 4o-mini,58,,0.012975675985217
GPT 4o-mini,57,,0.0468289963901042
GPT 4o-mini,56,,0.0259988326579332
GPT 4o-mini,55,,0.0054975450038909
GPT 4o-mini,54,,0.0167455095797777
GPT 4o-mini,53,,0.0122899943962693
GPT 4o-mini,52,,0.0086503317579627
GPT 4o-mini,51,,0.0060165552422404
GPT 4o-mini,50,0.0943993589613172,0.030885674059391
GPT 4o-mini,49,,0.0496118776500225
GPT 4o-mini,48,,0.0063762790523469
GPT 4o-mini,47,,0.0059690093621611
GPT 4o-mini,46,,0.0592427626252174
GPT 4o-mini,45,,0.0093091260641813
GPT 4o-mini,44,,0.0089779328554868
GPT 4o-mini,43,,0.0085191680118441
GPT 4o-mini,42,,0.0909611359238624
GPT 4o-mini,41,,0.0060332738794386
GPT 4o-mini,40,0.0425530556362315,0.0525788106024265
GPT 4o-mini,39,,0.0139634292572736
GPT 4o-mini,38,,0.0315766595304012
GPT 4o-mini,37,,0.0366456247866153
GPT 4o-mini,36,,0.0598218329250812
GPT 4o-mini,35,,0.0214609038084745
GPT 4o-mini,34,,0.0105813574045896
GPT 4o-mini,33,,0.0267016272991895
GPT 4o-mini,32,,0.0563745014369487
GPT 4o-mini,31,,0.0556294657289981
GPT 4o-mini,30,0.0438544254174968,0.0275229196995496
GPT 4o-mini,29,,0.0396629609167575
GPT 4o-mini,28,,0.0335058495402336
GPT 4o-mini,27,,0.0477391518652439
GPT 4o-mini,26,,0.1190409362316131
GPT 4o-mini,25,,0.0422690398991107
GPT 4o-mini,24,,0.0751369670033454
GPT 4o-mini,23,,0.0809183493256568
GPT 4o-mini,22,,0.118410438299179
GPT 4o-mini,21,,0.1419978439807891
GPT 4o-mini,20,0.1028571738020439,0.0778004974126815
GPT 4o-mini,19,,0.0950692743062973
GPT 4o-mini,18,,0.0751513615250587
GPT 4o-mini,17,,0.1851181238889694
GPT 4o-mini,16,,0.190197542309761
GPT 4o-mini,15,,0.1329411566257476
GPT 4o-mini,14,,0.1847841441631317
GPT 4o-mini,13,,0.1363153755664825
GPT 4o-mini,12,,0.2199246734380722
GPT 4o-mini,11,,0.1815772205591201
GPT 4o-mini,10,0.2739393534098129,0.1719131469726562
GPT 4o-mini,9,,0.3292176723480224
GPT 4o-mini,8,,0.1765154749155044
GPT 4o-mini,7,,0.4014458656311035
GPT 4o-mini,6,,0.2624512016773224
GPT 4o-mini,5,,0.3000501692295074
GPT 4o-mini,4,,0.3959675133228302
GPT 4o-mini,3,,0.2767220735549927
GPT 4o-mini,2,,0.4470362365245819
GPT 4o-mini,1,,0.2566915452480316
