"Relative Time (Process)","hf_tjsp2024_2025_phi4_14B-ft-inferencee_2025-04-26_00-23-02 - system/gpu.0.powerWatts","hf_tjsp2024_2025_phi4_14B-ft-inferencee_2025-04-26_00-23-02 - system/gpu.0.powerWatts__MIN","hf_tjsp2024_2025_phi4_14B-ft-inferencee_2025-04-26_00-23-02 - system/gpu.0.powerWatts__MAX","hf_tjsp2024_2025_phi4_14B-ft-inferencee_2025-04-26_00-23-02 - system/gpu.1.powerWatts","hf_tjsp2024_2025_phi4_14B-ft-inferencee_2025-04-26_00-23-02 - system/gpu.1.powerWatts__MIN","hf_tjsp2024_2025_phi4_14B-ft-inferencee_2025-04-26_00-23-02 - system/gpu.1.powerWatts__MAX","hf_tjsp2024_2025_phi4_14B-ft-inferencee_2025-04-26_00-23-02 - system/gpu.2.powerWatts","hf_tjsp2024_2025_phi4_14B-ft-inferencee_2025-04-26_00-23-02 - system/gpu.2.powerWatts__MIN","hf_tjsp2024_2025_phi4_14B-ft-inferencee_2025-04-26_00-23-02 - system/gpu.2.powerWatts__MAX","hf_tjsp2024_2025_phi4_14B-ft-inferencee_2025-04-26_00-23-02 - system/gpu.3.powerWatts","hf_tjsp2024_2025_phi4_14B-ft-inferencee_2025-04-26_00-23-02 - system/gpu.3.powerWatts__MIN","hf_tjsp2024_2025_phi4_14B-ft-inferencee_2025-04-26_00-23-02 - system/gpu.3.powerWatts__MAX"
"15.639247641","58.503","58.503","58.503","61.634","61.634","61.634","52.181","52.181","52.181","62.668","62.668","62.668"
"30.892338783","58.518","58.518","58.518","61.732","61.732","61.732","60.177","60.177","60.177","246.207","246.207","246.207"
"45.762601004","57.826","57.826","57.826","61.634","61.634","61.634","60.721","60.721","60.721","125.841","125.841","125.841"
"60.751596872","57.826","57.826","57.826","61.65","61.65","61.65","54.133","54.133","54.133","123.557","123.557","123.557"
"75.650811875","58.503","58.503","58.503","61.634","61.634","61.634","213.063","213.063","213.063","141.807","141.807","141.807"
"90.59979378","57.923","57.923","57.923","61.634","61.634","61.634","238.567","238.567","238.567","69.057","69.057","69.057"
"105.548642175","57.923","57.923","57.923","61.65","61.65","61.65","54.633","54.633","54.633","146.504","146.504","146.504"
"120.586356979","58.517","58.517","58.517","61.634","61.634","61.634","53.067","53.067","53.067","144.925","144.925","144.925"
"135.546219316","58.323","58.323","58.323","61.65","61.65","61.65","54.522","54.522","54.522","132.379","132.379","132.379"
"151.425488458","58.794","58.794","58.794","61.955","61.955","61.955","63.171","63.171","63.171","142.408","142.408","142.408"
"166.327514944","58.772","58.772","58.772","61.829","61.829","61.829","61.304","61.304","61.304","145.153","145.153","145.153"
"181.232191328","58.02","58.02","58.02","62.052","62.052","62.052","61.801","61.801","61.801","128.683","128.683","128.683"
"196.1322001","58.517","58.517","58.517","61.955","61.955","61.955","61.801","61.801","61.801","137.107","137.107","137.107"
"211.011542509","58.517","58.517","58.517","61.846","61.846","61.846","61.704","61.704","61.704","142.647","142.647","142.647"
"225.91532114","57.885","57.885","57.885","61.748","61.748","61.748","76.622","76.622","76.622","98.781","98.781","98.781"
"240.873176404","57.826","57.826","57.826","61.714","61.714","61.714","67.29","67.29","67.29","134.196","134.196","134.196"
"255.910857765","57.885","57.885","57.885","61.748","61.748","61.748","62.56","62.56","62.56","132.904","132.904","132.904"
"270.854391133","58.42","58.42","58.42","61.748","61.748","61.748","61.594","61.594","61.594","140.871","140.871","140.871"
"285.773106262","57.906","57.906","57.906","61.846","61.846","61.846","61.109","61.109","61.109","142.465","142.465","142.465"
"300.713944276","57.923","57.923","57.923","62.035","62.035","62.035","55.587","55.587","55.587","66.431","66.431","66.431"
"315.636258745","58.697","58.697","58.697","62.035","62.035","62.035","55.696","55.696","55.696","132.766","132.766","132.766"
"330.65231734","57.987","57.987","57.987","62.052","62.052","62.052","55.214","55.214","55.214","132.85","132.85","132.85"
"345.720252903","58.713","58.713","58.713","62.132","62.132","62.132","55.505","55.505","55.505","109.984","109.984","109.984"
"360.544094278","58.198","58.198","58.198","62.326","62.326","62.326","55.49","55.49","55.49","80.888","80.888","80.888"
"376.289678688","59.085","59.085","59.085","62.502","62.502","62.502","63.845","63.845","63.845","116.414","116.414","116.414"
"391.076332951","58.81","58.81","58.81","62.496","62.496","62.496","62.48","62.48","62.48","108.303","108.303","108.303"
"405.963848276","58.117","58.117","58.117","62.537","62.537","62.537","100.776","100.776","100.776","111.061","111.061","111.061"
"420.76681668","58.772","58.772","58.772","62.326","62.326","62.326","181.825","181.825","181.825","106.255","106.255","106.255"
"435.590914997","58.81","58.81","58.81","62.132","62.132","62.132","68.964","68.964","68.964","111.365","111.365","111.365"
"451.574300826","59.004","59.004","59.004","54.943","54.943","54.943","104.189","104.189","104.189","86.835","86.835","86.835"
"465.877326602","51.703","51.703","51.703","55.637","55.637","55.637","56.121","56.121","56.121","65.036","65.036","65.036"
"481.383932207","43.836","43.836","43.836","61.914","61.914","61.914","185.482","185.482","185.482","215.854","215.854","215.854"
"496.20528759","50.634","50.634","50.634","61.926","61.926","61.926","99.6","99.6","99.6","77.391","77.391","77.391"
"510.735316426","57.982","57.982","57.982","54.736","54.736","54.736","100.72","100.72","100.72","131.452","131.452","131.452"
"525.812878691","51.6","51.6","51.6","54.336","54.336","54.336","84.747","84.747","84.747","106.507","106.507","106.507"
"541.182356057","71.635","71.635","71.635","79.801","79.801","79.801","128.741","128.741","128.741","179.2","179.2","179.2"
"556.687992294","89.127","89.127","89.127","77.381","77.381","77.381","93.752","93.752","93.752","162.478","162.478","162.478"
"570.791297831","58.675","58.675","58.675","62.114","62.114","62.114","85.213","85.213","85.213","271.968","271.968","271.968"
"585.695164466","47.572","47.572","47.572","54.556","54.556","54.556","92.399","92.399","92.399","262.619","262.619","262.619"
"601.026254369","51.309","51.309","51.309","54.447","54.447","54.447","153.762","153.762","153.762","85.871","85.871","85.871"
"615.986462284","50.215","50.215","50.215","61.708","61.708","61.708","63.62","63.62","63.62","196.943","196.943","196.943"
"630.932866345","58.384","58.384","58.384","54.636","54.636","54.636","216.861","216.861","216.861","252.689","252.689","252.689"
"646.057290825","57.788","57.788","57.788","54.648","54.648","54.648","231.045","231.045","231.045","83.204","83.204","83.204"
"661.686294998","131.914","131.914","131.914","139.524","139.524","139.524","181.899","181.899","181.899","86.937","86.937","86.937"
"676.569379955","59.56","59.56","59.56","63.771","63.771","63.771","141.031","141.031","141.031","236.177","236.177","236.177"
"690.791702569","48.556","48.556","48.556","51.704","51.704","51.704","120.552","120.552","120.552","212.45","212.45","212.45"
"705.563107216","51.411","51.411","51.411","41.276","41.276","41.276","190.89","190.89","190.89","144.905","144.905","144.905"
"720.695865102","50.823","50.823","50.823","54.447","54.447","54.447","78.923","78.923","78.923","183.923","183.923","183.923"
"736.5891305","73.807","73.807","73.807","55.151","55.151","55.151","196.793","196.793","196.793","208.578","208.578","208.578"
"750.558874737","122.289","122.289","122.289","59.048","59.048","59.048","157.573","157.573","157.573","166.029","166.029","166.029"
"766.754762222","170.98","170.98","170.98","146.192","146.192","146.192","178.779","178.779","178.779","183.78","183.78","183.78"
"781.100411035","58.772","58.772","58.772","63.777","63.777","63.777","203.122","203.122","203.122","197.958","197.958","197.958"
"795.547198399","51.12","51.12","51.12","55.54","55.54","55.54","185.104","185.104","185.104","230.729","230.729","230.729"
"810.553223129","51.309","51.309","51.309","56.108","56.108","56.108","91.639","91.639","91.639","155.857","155.857","155.857"
"825.551296559","51.71","51.71","51.71","55.638","55.638","55.638","178.715","178.715","178.715","171.092","171.092","171.092"
"841.434801574","58.503","58.503","58.503","62.52","62.52","62.52","180.666","180.666","180.666","108.425","108.425","108.425"
"855.756360934","65.784","65.784","65.784","54.751","54.751","54.751","117.524","117.524","117.524","156.982","156.982","156.982"
"871.371997751","66.935","66.935","66.935","62.035","62.035","62.035","172.817","172.817","172.817","172.94","172.94","172.94"
"885.898586666","59.561","59.561","59.561","54.556","54.556","54.556","210.65","210.65","210.65","60.563","60.563","60.563"
"900.693947656","62.013","62.013","62.013","45.19","45.19","45.19","108.939","108.939","108.939","196.941","196.941","196.941"
"915.552757974","63.477","63.477","63.477","56.698","56.698","56.698","140.827","140.827","140.827","157.663","157.663","157.663"
"930.545402994","69.27","69.27","69.27","39.294","39.294","39.294","97.381","97.381","97.381","146.566","146.566","146.566"
"946.470861459","58.869","58.869","58.869","61.439","61.439","61.439","106.29","106.29","106.29","110.084","110.084","110.084"
"961.257871389","66.262","66.262","66.262","61.537","61.537","61.537","131.873","131.873","131.873","112.819","112.819","112.819"
"976.039001783","68.488","68.488","68.488","61.611","61.611","61.611","57.985","57.985","57.985","69.063","69.063","69.063"
"990.642376385","63.009","63.009","63.009","54.253","54.253","54.253","123.243","123.243","123.243","137.288","137.288","137.288"
"1006.227420956","51.703","51.703","51.703","61.829","61.829","61.829","183.042","183.042","183.042","159.002","159.002","159.002"
"1020.828416838","66.437","66.437","66.437","54.544","54.544","54.544","117.348","117.348","117.348","117.145","117.145","117.145"
"1035.548304702","67.13","67.13","67.13","55.034","55.034","55.034","176.475","176.475","176.475","144.818","144.818","144.818"
"1051.104993281","51.71","51.71","51.71","56.309","56.309","56.309","121.531","121.531","121.531","107.791","107.791","107.791"
"1065.683147841","67.537","67.537","67.537","54.538","54.538","54.538","136.31","136.31","136.31","196.769","196.769","196.769"
"1081.333052185","70.013","70.013","70.013","61.811","61.811","61.811","157.83","157.83","157.83","143.099","143.099","143.099"
"1095.918587786","51.698","51.698","51.698","54.639","54.639","54.639","118.601","118.601","118.601","149.761","149.761","149.761"
"1111.461629915","68.112","68.112","68.112","61.823","61.823","61.823","73.701","73.701","73.701","260.713","260.713","260.713"
"1126.442345967","71.179","71.179","71.179","61.817","61.817","61.817","148.588","148.588","148.588","153.929","153.929","153.929"
"1141.309249871","68.513","68.513","68.513","61.805","61.805","61.805","218.063","218.063","218.063","145.652","145.652","145.652"
"1155.835125139","51.309","51.309","51.309","54.253","54.253","54.253","78.829","78.829","78.829","224.257","224.257","224.257"
"1170.607930092","70.212","70.212","70.212","54.633","54.633","54.633","67.439","67.439","67.439","121.279","121.279","121.279"
"1186.548278157","68.307","68.307","68.307","39.304","39.304","39.304","155.076","155.076","155.076","95.7","95.7","95.7"
"1201.314813173","66.729","66.729","66.729","61.416","61.416","61.416","107.849","107.849","107.849","103.892","103.892","103.892"
"1215.797694079","50.823","50.823","50.823","54.253","54.253","54.253","91.708","91.708","91.708","216.487","216.487","216.487"
"1231.554978429","71.476","71.476","71.476","42.638","42.638","42.638","99.274","99.274","99.274","101.963","101.963","101.963"
"1246.154103903","51.6","51.6","51.6","61.439","61.439","61.439","96.816","96.816","96.816","121.02","121.02","121.02"
"1260.988981503","84.373","84.373","84.373","53.766","53.766","53.766","79.601","79.601","79.601","141.655","141.655","141.655"
"1275.854389833","111.796","111.796","111.796","54.73","54.73","54.73","215.868","215.868","215.868","232.754","232.754","232.754"
"1290.547446344","85.174","85.174","85.174","54.15","54.15","54.15","84.038","84.038","84.038","147.509","147.509","147.509"
"1305.868658023","51.613","51.613","51.613","54.35","54.35","54.35","236.348","236.348","236.348","66.857","66.857","66.857"
"1320.700728098","51.406","51.406","51.406","53.864","53.864","53.864","223.113","223.113","223.113","255.785","255.785","255.785"
"1335.81951668","51.905","51.905","51.905","54.044","54.044","54.044","150.044","150.044","150.044","90.616","90.616","90.616"
"1350.681354133","51.217","51.217","51.217","54.058","54.058","54.058","207.706","207.706","207.706","202.843","202.843","202.843"
"1366.777932307","58.772","58.772","58.772","61.33","61.33","61.33","245.28","245.28","245.28","251.283","251.283","251.283"
"1381.498513071","57.999","57.999","57.999","61.233","61.233","61.233","143.33","143.33","143.33","91.411","91.411","91.411"
"1396.297416613","55.05","55.05","55.05","53.782","53.782","53.782","56.911","56.911","56.911","64.763","64.763","64.763"
"1411.064759914","50.828","50.828","50.828","54.544","54.544","54.544","94.513","94.513","94.513","95.3","95.3","95.3"
"1426.4180362","57.885","57.885","57.885","61.233","61.233","61.233","113.611","113.611","113.611","141.336","141.336","141.336"
"1441.196519461","50.026","50.026","50.026","61.039","61.039","61.039","126.292","126.292","126.292","186.747","186.747","186.747"
"1456.162708142","50.634","50.634","50.634","61.136","61.136","61.136","142.978","142.978","142.978","190.14","190.14","190.14"
"1471.083645007","50.532","50.532","50.532","55.637","55.637","55.637","91.834","91.834","91.834","235.842","235.842","235.842"
"1486.391375737","52.694","52.694","52.694","61.233","61.233","61.233","90.368","90.368","90.368","234.458","234.458","234.458"
"1500.544126643","50.233","50.233","50.233","54.336","54.336","54.336","87.149","87.149","87.149","85.885","85.885","85.885"
"1515.67234707","50.228","50.228","50.228","53.961","53.961","53.961","90.672","90.672","90.672","175.899","175.899","175.899"
"1531.577619002","46.698","46.698","46.698","41.577","41.577","41.577","64.307","64.307","64.307","259.768","259.768","259.768"
"1546.227435852","41.775","41.775","41.775","39.792","39.792","39.792","142.252","142.252","142.252","103.614","103.614","103.614"
"1560.963629742","43.161","43.161","43.161","53.669","53.669","53.669","76.279","76.279","76.279","218.495","218.495","218.495"
"1575.773832813","50.026","50.026","50.026","38.318","38.318","38.318","146.178","146.178","146.178","99.998","99.998","99.998"
"1590.542723817","40.401","40.401","40.401","51.995","51.995","51.995","74.939","74.939","74.939","171.174","171.174","171.174"
"1605.546940216","50.33","50.33","50.33","38.112","38.112","38.112","80.99","80.99","80.99","171.575","171.575","171.575"
"1620.561065505","49.832","49.832","49.832","38.112","38.112","38.112","168.196","168.196","168.196","146.083","146.083","146.083"
"1636.657302079","46.71","46.71","46.71","41.373","41.373","41.373","81.868","81.868","81.868","197.359","197.359","197.359"
"1651.211445293","40.694","40.694","40.694","40.191","40.191","40.191","127.091","127.091","127.091","168.483","168.483","168.483"
"1666.070968167","43.453","43.453","43.453","41.286","41.286","41.286","79.036","79.036","79.036","204.529","204.529","204.529"
"1680.559751541","43.247","43.247","43.247","38.015","38.015","38.015","88.917","88.917","88.917","173.247","173.247","173.247"
"1695.551754758","49.734","49.734","49.734","53.475","53.475","53.475","121.613","121.613","121.613","144.02","144.02","144.02"
"1710.553162851","43.441","43.441","43.441","38.112","38.112","38.112","170.656","170.656","170.656","135.184","135.184","135.184"
"1725.551471111","32.216","32.216","32.216","50.622","50.622","50.622","178.082","178.082","178.082","131.258","131.258","131.258"
"1741.729862549","38.636","38.636","38.636","38.222","38.222","38.222","80.959","80.959","80.959","205.952","205.952","205.952"
"1756.430520344","37.63","37.63","37.63","38.209","38.209","38.209","131.653","131.653","131.653","88.146","88.146","88.146"
"1771.251975163","43.149","43.149","43.149","40.971","40.971","40.971","92.593","92.593","92.593","140.417","140.417","140.417"
"1785.990544398","43.246","43.246","43.246","44.023","44.023","44.023","194.444","194.444","194.444","236.984","236.984","236.984"
"1800.724116853","49.827","49.827","49.827","50.913","50.913","50.913","154.355","154.355","154.355","140.789","140.789","140.789"
"1815.545195187","50.726","50.726","50.726","53.572","53.572","53.572","228.029","228.029","228.029","227.863","227.863","227.863"
"1830.552264837","50.021","50.021","50.021","53.849","53.849","53.849","166.48","166.48","166.48","190.309","190.309","190.309"
"1845.546472918","41.467","41.467","41.467","41.653","41.653","41.653","265.544","265.544","265.544","60.838","60.838","60.838"
"1860.552420223","49.244","49.244","49.244","47.463","47.463","47.463","91.031","91.031","91.031","111.056","111.056","111.056"
"1875.557377902","32.605","32.605","32.605","44.229","44.229","44.229","99.675","99.675","99.675","93.033","93.033","93.033"
"1891.777676382","43.538","43.538","43.538","41.47","41.47","41.47","86.129","86.129","86.129","198.139","198.139","198.139"
"1906.507968166","38.627","38.627","38.627","41.459","41.459","41.459","120.76","120.76","120.76","244.146","244.146","244.146"
"1921.342498594","43.647","43.647","43.647","42.832","42.832","42.832","82.71","82.71","82.71","245.702","245.702","245.702"
"1936.290897416","43.246","43.246","43.246","41.459","41.459","41.459","81.178","81.178","81.178","137.442","137.442","137.442"
"1950.944308825","49.929","49.929","49.929","53.268","53.268","53.268","56.315","56.315","56.315","64.97","64.97","64.97"
"1965.721323602","41.861","41.861","41.861","38.112","38.112","38.112","90.23","90.23","90.23","136.232","136.232","136.232"
"1980.550017928","43.55","43.55","43.55","43.719","43.719","43.719","136.987","136.987","136.987","195.992","195.992","195.992"
"1995.549945464","43.149","43.149","43.149","38.112","38.112","38.112","121.073","121.073","121.073","208.544","208.544","208.544"
"2010.549956126","44.518","44.518","44.518","53.06","53.06","53.06","116.864","116.864","116.864","129.19","129.19","129.19"
"2025.551056362","43.441","43.441","43.441","53.171","53.171","53.171","78.233","78.233","78.233","142.301","142.301","142.301"
"2040.548449105","40.694","40.694","40.694","38.209","38.209","38.209","93.407","93.407","93.407","122.075","122.075","122.075"
"2055.553238288","32.313","32.313","32.313","53.669","53.669","53.669","53.281","53.281","53.281","349.743","349.743","349.743"
"2070.553357344","32.404","32.404","32.404","47.463","47.463","47.463","77.433","77.433","77.433","196.986","196.986","196.986"
"2086.830717865","42.772","42.772","42.772","41.276","41.276","41.276","171.609","171.609","171.609","204.132","204.132","204.132"
"2101.755769567","41.082","41.082","41.082","41.265","41.265","41.265","210.593","210.593","210.593","76.746","76.746","76.746"
"2116.65853089","40.098","40.098","40.098","41.373","41.373","41.373","75.07","75.07","75.07","254.004","254.004","254.004"
"2131.502074831","47.07","47.07","47.07","38.112","38.112","38.112","106.292","106.292","106.292","96.254","96.254","96.254"
"2146.379240368","43.55","43.55","43.55","38.623","38.623","38.623","163.897","163.897","163.897","260.077","260.077","260.077"
"2161.21091983","42.845","42.845","42.845","39.997","39.997","39.997","109.133","109.133","109.133","241.873","241.873","241.873"
"2175.949463898","43.247","43.247","43.247","53.268","53.268","53.268","115.412","115.412","115.412","181.384","181.384","181.384"
"2190.725460837","42.955","42.955","42.955","42.258","42.258","42.258","90.03","90.03","90.03","97.663","97.663","97.663"
"2205.576268538","43.63","43.63","43.63","52.963","52.963","52.963","169.664","169.664","169.664","197.065","197.065","197.065"
"2220.552482277","72.056","72.056","72.056","53.157","53.157","53.157","280.666","280.666","280.666","59.964","59.964","59.964"
"2235.550558452","104.853","104.853","104.853","38.115","38.115","38.115","200.245","200.245","200.245","219.826","219.826","219.826"
"2250.550008714","87.409","87.409","87.409","43.622","43.622","43.622","160.183","160.183","160.183","181.282","181.282","181.282"
"2266.67104998","47.585","47.585","47.585","44.703","44.703","44.703","166.554","166.554","166.554","101.864","101.864","101.864"
"2281.526620172","45.616","45.616","45.616","41.664","41.664","41.664","84.691","84.691","84.691","218.044","218.044","218.044"
"2296.127059179","43.538","43.538","43.538","38.623","38.623","38.623","55.635","55.635","55.635","64.362","64.362","64.362"
"2310.85163263","43.052","43.052","43.052","42.042","42.042","42.042","122.667","122.667","122.667","203.979","203.979","203.979"
"2325.74211633","50.228","50.228","50.228","42.528","42.528","42.528","56.739","56.739","56.739","224.044","224.044","224.044"
"2340.608359716","43.927","43.927","43.927","53.171","53.171","53.171","184.731","184.731","184.731","237.868","237.868","237.868"
"2355.546260612","50.026","50.026","50.026","38.209","38.209","38.209","69.105","69.105","69.105","81.476","81.476","81.476"
"2370.547741151","43.63","43.63","43.63","53.572","53.572","53.572","164.875","164.875","164.875","221.892","221.892","221.892"
"2385.545222761","33.298","33.298","33.298","53.669","53.669","53.669","109.099","109.099","109.099","239.529","239.529","239.529"
"2400.552278364","32.605","32.605","32.605","54.058","54.058","54.058","189.036","189.036","189.036","92.537","92.537","92.537"
"2416.734435994","48.459","48.459","48.459","41.664","41.664","41.664","195.072","195.072","195.072","132.543","132.543","132.543"
"2431.483959961","46.978","46.978","46.978","39.002","39.002","39.002","159.116","159.116","159.116","217.79","217.79","217.79"
"2445.969323813","43.246","43.246","43.246","54.621","54.621","54.621","132.174","132.174","132.174","178.193","178.193","178.193"
"2460.693326964","42.147","42.147","42.147","53.946","53.946","53.946","87.111","87.111","87.111","197.036","197.036","197.036"
"2475.545872714","44.025","44.025","44.025","51.12","51.12","51.12","79.008","79.008","79.008","100.289","100.289","100.289"
"2490.551947919","46.588","46.588","46.588","38.221","38.221","38.221","168.937","168.937","168.937","197.704","197.704","197.704"
"2505.547342125","43.241","43.241","43.241","45.992","45.992","45.992","75.64","75.64","75.64","188.899","188.899","188.899"
"2520.554470163","32.41","32.41","32.41","51.314","51.314","51.314","82.159","82.159","82.159","140.345","140.345","140.345"
"2536.646104637","45.033","45.033","45.033","39.012","39.012","39.012","119.307","119.307","119.307","132.923","132.923","132.923"
"2551.379477478","40.596","40.596","40.596","38.905","38.905","38.905","119.016","119.016","119.016","215.554","215.554","215.554"
"2566.043451043","43.453","43.453","43.453","39.705","39.705","39.705","82.327","82.327","82.327","94.816","94.816","94.816"
"2580.745099846","43.149","43.149","43.149","45.093","45.093","45.093","111.384","111.384","111.384","109.849","109.849","109.849"
"2595.684440833","43.732","43.732","43.732","39.303","39.303","39.303","63.724","63.724","63.724","88.838","88.838","88.838"
"2610.605020128","42.261","42.261","42.261","50.719","50.719","50.719","249.588","249.588","249.588","97.132","97.132","97.132"
"2625.547466567","43.533","43.533","43.533","38.112","38.112","38.112","64.977","64.977","64.977","89.561","89.561","89.561"
"2640.545908678","45.896","45.896","45.896","53.475","53.475","53.475","234.303","234.303","234.303","127.296","127.296","127.296"
"2655.549131524","43.538","43.538","43.538","38.209","38.209","38.209","76.743","76.743","76.743","141.626","141.626","141.626"
"2670.55899915","43.355","43.355","43.355","37.917","37.917","37.917","144.065","144.065","144.065","132.439","132.439","132.439"
"2685.554216575","50.33","50.33","50.33","51.898","51.898","51.898","102.823","102.823","102.823","152.124","152.124","152.124"
"2700.554702749","32.119","32.119","32.119","38.513","38.513","38.513","89.11","89.11","89.11","193.71","193.71","193.71"
"2716.471473313","35.973","35.973","35.973","36.446","36.446","36.446","93.047","93.047","93.047","211.997","211.997","211.997"
"2731.112980189","49.735","49.735","49.735","38.818","38.818","38.818","186.768","186.768","186.768","112.348","112.348","112.348"
"2745.800130375","50.228","50.228","50.228","51.911","51.911","51.911","187.466","187.466","187.466","140.781","140.781","140.781"
"2760.596561671","41.179","41.179","41.179","39.012","39.012","39.012","56.115","56.115","56.115","65.067","65.067","65.067"
"2775.545181457","43.149","43.149","43.149","38.112","38.112","38.112","83.805","83.805","83.805","136.564","136.564","136.564"
"2790.546533975","41.386","41.386","41.386","41.373","41.373","41.373","175.082","175.082","175.082","88.152","88.152","88.152"
"2805.54811893","50.039","50.039","50.039","52.798","52.798","52.798","89.872","89.872","89.872","221.074","221.074","221.074"
"2820.560069","45.02","45.02","45.02","50.622","50.622","50.622","136.794","136.794","136.794","178.021","178.021","178.021"
"2835.554678866","32.508","32.508","32.508","41.87","41.87","41.87","166.627","166.627","166.627","90.421","90.421","90.421"
"2851.358634703","36.752","36.752","36.752","41.189","41.189","41.189","226.836","226.836","226.836","110.345","110.345","110.345"
"2866.347649766","49.832","49.832","49.832","38.525","38.525","38.525","89.755","89.755","89.755","96.216","96.216","96.216"
"2881.145920482","43.344","43.344","43.344","34.465","34.465","34.465","139.152","139.152","139.152","169.829","169.829","169.829"
"2895.906551667","49.14","49.14","49.14","41.069","41.069","41.069","155.267","155.267","155.267","198.994","198.994","198.994"
"2910.603050403","43.063","43.063","43.063","44.045","44.045","44.045","55.829","55.829","55.829","60.619","60.619","60.619"
"2925.542591063","43.063","43.063","43.063","49.929","49.929","49.929","69.279","69.279","69.279","246.874","246.874","246.874"
"2940.549427826","43.647","43.647","43.647","47.074","47.074","47.074","227.165","227.165","227.165","124.181","124.181","124.181"
"2955.547622002","41.484","41.484","41.484","38.015","38.015","38.015","162.729","162.729","162.729","94.195","94.195","94.195"
"2970.549305141","43.344","43.344","43.344","39.596","39.596","39.596","91.059","91.059","91.059","93.034","93.034","93.034"
"2985.54426932","48.94","48.94","48.94","38.221","38.221","38.221","90.659","90.659","90.659","92.936","92.936","92.936"
"3000.55019276","43.252","43.252","43.252","53.365","53.365","53.365","218.254","218.254","218.254","221.295","221.295","221.295"
"3015.558779674","32.508","32.508","32.508","49.735","49.735","49.735","82.521","82.521","82.521","140.122","140.122","140.122"
"3031.779021919","47.871","47.871","47.871","39.695","39.695","39.695","165.607","165.607","165.607","189.741","189.741","189.741"
"3046.699969696","46.686","46.686","46.686","39.987","39.987","39.987","87.179","87.179","87.179","87.028","87.028","87.028"
"3061.463841748","43.647","43.647","43.647","49.541","49.541","49.541","238.378","238.378","238.378","214.507","214.507","214.507"
"3076.423237871","40.688","40.688","40.688","40.786","40.786","40.786","95.545","95.545","95.545","242.184","242.184","242.184"
"3091.534779172","39.113","39.113","39.113","40.485","40.485","40.485","189.059","189.059","189.059","223.663","223.663","223.663"
"3106.653088926","38.918","38.918","38.918","40.874","40.874","40.874","135.717","135.717","135.717","218.924","218.924","218.924"
"3121.668417572","36.362","36.362","36.362","42.659","42.659","42.659","57.687","57.687","57.687","68.097","68.097","68.097"
"3136.690634134","38.724","38.724","38.724","40.884","40.884","40.884","88.007","88.007","88.007","171.044","171.044","171.044"
"3150.554590541","30.636","30.636","30.636","38.61","38.61","38.61","78.414","78.414","78.414","126.633","126.633","126.633"
"3165.548337918","30.636","30.636","30.636","41.87","41.87","41.87","99.082","99.082","99.082","88.941","88.941","88.941"
"3180.557994108","35.56","35.56","35.56","38.209","38.209","38.209","108.472","108.472","108.472","175.114","175.114","175.114"
"3195.548077585","49.827","49.827","49.827","40.181","40.181","40.181","96.029","96.029","96.029","261.069","261.069","261.069"
"3210.547920984","35.661","35.661","35.661","46.09","46.09","46.09","73.701","73.701","73.701","133.42","133.42","133.42"
"3225.547718126","47.458","47.458","47.458","49.444","49.444","49.444","183.761","183.761","183.761","159.921","159.921","159.921"
"3240.546697164","35.56","35.56","35.56","44.995","44.995","44.995","142.354","142.354","142.354","144.951","144.951","144.951"
"3255.550162013","35.661","35.661","35.661","47.366","47.366","47.366","95.643","95.643","95.643","216.143","216.143","216.143"
"3270.72696944","40.791","40.791","40.791","38.015","38.015","38.015","73.624","73.624","73.624","107.3","107.3","107.3"
"3285.821351064","39.006","39.006","39.006","38.015","38.015","38.015","223.023","223.023","223.023","101.846","101.846","101.846"
"3300.946172178","42.657","42.657","42.657","38.006","38.006","38.006","228.168","228.168","228.168","249.167","249.167","249.167"
"3316.111678413","49.438","49.438","49.438","41.189","41.189","41.189","87.231","87.231","87.231","236.994","236.994","236.994"
"3331.230224529","49.249","49.249","49.249","41.189","41.189","41.189","89.567","89.567","89.567","133.188","133.188","133.188"
"3346.148282807","43.732","43.732","43.732","41.286","41.286","41.286","88.065","88.065","88.065","185.67","185.67","185.67"
"3361.20823523","36.459","36.459","36.459","41.286","41.286","41.286","186.918","186.918","186.918","117.977","117.977","117.977"
"3376.281330639","35.463","35.463","35.463","36.252","36.252","36.252","185.33","185.33","185.33","103.635","103.635","103.635"
"3391.39699394","35.463","35.463","35.463","36.544","36.544","36.544","111.19","111.19","111.19","109.806","109.806","109.806"
"3406.548316067","38.822","38.822","38.822","41.179","41.179","41.179","191.223","191.223","191.223","196.221","196.221","196.221"
"3421.66491368","38.919","38.919","38.919","41.383","41.383","41.383","81.449","81.449","81.449","219.055","219.055","219.055"
"3436.774926395","38.919","38.919","38.919","41.276","41.276","41.276","177.645","177.645","177.645","148.248","148.248","148.248"
"3450.549931793","30.429","30.429","30.429","53.378","53.378","53.378","165.444","165.444","165.444","201.341","201.341","201.341"
"3466.846821676","36.354","36.354","36.354","41.276","41.276","41.276","191.692","191.692","191.692","135.576","135.576","135.576"
"3480.55681228","30.343","30.343","30.343","39.109","39.109","39.109","85.768","85.768","85.768","125.513","125.513","125.513"
"3495.5533765","30.745","30.745","30.745","53.365","53.365","53.365","214.339","214.339","214.339","210.909","210.909","210.909"
"3510.55644178","30.44","30.44","30.44","38.112","38.112","38.112","83.477","83.477","83.477","86.769","86.769","86.769"
"3525.553960921","30.44","30.44","30.44","38.209","38.209","38.209","200.34","200.34","200.34","178.737","178.737","178.737"
"3540.556837798","30.842","30.842","30.842","38.306","38.306","38.306","117.636","117.636","117.636","88.125","88.125","88.125"
"3555.548572311","37.034","37.034","37.034","38.309","38.309","38.309","189.813","189.813","189.813","206.286","206.286","206.286"
"3570.561818072","32.703","32.703","32.703","38.209","38.209","38.209","185.636","185.636","185.636","245.135","245.135","245.135"
"3585.550300927","30.538","30.538","30.538","38.318","38.318","38.318","130.411","130.411","130.411","172.466","172.466","172.466"
"3600.551908875","50.021","50.021","50.021","53.863","53.863","53.863","221.291","221.291","221.291","243.84","243.84","243.84"
"3615.551433175","50.325","50.325","50.325","53.171","53.171","53.171","82.424","82.424","82.424","146.07","146.07","146.07"
"3630.54506164","47.458","47.458","47.458","53.254","53.254","53.254","88.795","88.795","88.795","241.302","241.302","241.302"
"3645.545832237","49.341","49.341","49.341","53.669","53.669","53.669","159.191","159.191","159.191","91.761","91.761","91.761"
"3660.549162164","47.361","47.361","47.361","53.863","53.863","53.863","81.067","81.067","81.067","245.995","245.995","245.995"
"3675.582788962","38.821","38.821","38.821","39.499","39.499","39.499","203.859","203.859","203.859","168.31","168.31","168.31"
"3690.698890625","35.863","35.863","35.863","38.015","38.015","38.015","121.267","121.267","121.267","93.257","93.257","93.257"
"3705.682097778","49.244","49.244","49.244","53.38","53.38","53.38","116.067","116.067","116.067","145.68","145.68","145.68"
"3720.762702358","42.857","42.857","42.857","41.47","41.47","41.47","107.757","107.757","107.757","154.779","154.779","154.779"
"3735.835778611","35.766","35.766","35.766","38.209","38.209","38.209","139.147","139.147","139.147","133.914","133.914","133.914"
"3750.962962024","35.766","35.766","35.766","38.015","38.015","38.015","197.241","197.241","197.241","104.112","104.112","104.112"
"3766.003784626","45.794","45.794","45.794","46.673","46.673","46.673","178.33","178.33","178.33","191.127","191.127","191.127"
"3780.895441737","49.638","49.638","49.638","48.945","48.945","48.945","56.814","56.814","56.814","62.309","62.309","62.309"
"3795.89806557","36.159","36.159","36.159","38.209","38.209","38.209","90.066","90.066","90.066","136.95","136.95","136.95"
"3811.025060158","35.669","35.669","35.669","38.698","38.698","38.698","165.318","165.318","165.318","185.793","185.793","185.793"
"3825.931657615","35.669","35.669","35.669","38.015","38.015","38.015","86.167","86.167","86.167","148.93","148.93","148.93"
"3841.037397929","35.56","35.56","35.56","38.221","38.221","38.221","167.629","167.629","167.629","142.236","142.236","142.236"
"3856.158497483","35.669","35.669","35.669","41.079","41.079","41.079","196.395","196.395","196.395","128.758","128.758","128.758"
"3871.150955173","50.026","50.026","50.026","38.015","38.015","38.015","101.959","101.959","101.959","97.635","97.635","97.635"
"3886.397687641","35.669","35.669","35.669","41.069","41.069","41.069","138.707","138.707","138.707","223.855","223.855","223.855"
"3901.577256646","36.256","36.256","36.256","38.623","38.623","38.623","191.536","191.536","191.536","220.696","220.696","220.696"
"3916.626584566","38.821","38.821","38.821","41.179","41.179","41.179","147.992","147.992","147.992","204.233","204.233","204.233"
"3931.74255342","38.821","38.821","38.821","41.276","41.276","41.276","207.447","207.447","207.447","190.704","190.704","190.704"
"3946.7685991930002","35.974","35.974","35.974","36.835","36.835","36.835","123.964","123.964","123.964","144.675","144.675","144.675"
"3961.78764503","38.724","38.724","38.724","41.189","41.189","41.189","190.889","190.889","190.889","231.87","231.87","231.87"
"3976.802613831","35.876","35.876","35.876","36.945","36.945","36.945","204.959","204.959","204.959","237.75","237.75","237.75"
"3990.561527044","30.234","30.234","30.234","45.506","45.506","45.506","118.366","118.366","118.366","246.98","246.98","246.98"
"4005.55872415","30.538","30.538","30.538","38.015","38.015","38.015","138.946","138.946","138.946","248.636","248.636","248.636"
"4021.830013908","38.821","38.821","38.821","41.176","41.176","41.176","77.833","77.833","77.833","240.2","240.2","240.2"
"4036.867947653","35.974","35.974","35.974","36.349","36.349","36.349","181.294","181.294","181.294","136.268","136.268","136.268"
"4050.553315555","30.343","30.343","30.343","38.014","38.014","38.014","176.997","176.997","176.997","219.909","219.909","219.909"
"4065.555541832","30.331","30.331","30.331","38.014","38.014","38.014","129.955","129.955","129.955","183.443","183.443","183.443"
"4080.551357298","30.331","30.331","30.331","52.895","52.895","52.895","194.752","194.752","194.752","217.038","217.038","217.038"
"4095.555884099","42.857","42.857","42.857","50.622","50.622","50.622","178.508","178.508","178.508","233.807","233.807","233.807"
"4110.554478406","30.939","30.939","30.939","52.992","52.992","52.992","180.458","180.458","180.458","240.196","240.196","240.196"
"4125.555272978","30.331","30.331","30.331","43.525","43.525","43.525","185.271","185.271","185.271","111.43","111.43","111.43"
"4140.55557687","30.538","30.538","30.538","38.112","38.112","38.112","83.682","83.682","83.682","174.945","174.945","174.945"
"4155.554108239","30.636","30.636","30.636","50.719","50.719","50.719","182.809","182.809","182.809","210.76","210.76","210.76"
"4170.552670906","48.551","48.551","48.551","53.365","53.365","53.365","171.219","171.219","171.219","216.792","216.792","216.792"
"4185.556432973","30.538","30.538","30.538","38.209","38.209","38.209","145.044","145.044","145.044","82.938","82.938","82.938"
"4200.561447508","36.646","36.646","36.646","53.766","53.766","53.766","117.203","117.203","117.203","100.847","100.847","100.847"
"4215.551210104","33.699","33.699","33.699","49.638","49.638","49.638","223.091","223.091","223.091","101.852","101.852","101.852"
"4230.555615918","50.233","50.233","50.233","38.112","38.112","38.112","97.313","97.313","97.313","194.878","194.878","194.878"
"4245.5538824","38.53","38.53","38.53","43.136","43.136","43.136","221.758","221.758","221.758","94.777","94.777","94.777"
"4260.552599386","47.864","47.864","47.864","47.767","47.767","47.767","97.285","97.285","97.285","221.673","221.673","221.673"
"4275.558540449","32.119","32.119","32.119","53.961","53.961","53.961","128.979","128.979","128.979","155.443","155.443","155.443"
"4290.556484607","39.405","39.405","39.405","53.38","53.38","53.38","69.491","69.491","69.491","265.651","265.651","265.651"
"4305.549002479","35.551","35.551","35.551","51.009","51.009","51.009","245.346","245.346","245.346","175.349","175.349","175.349"
"4320.552227048","35.752","35.752","35.752","52.297","52.297","52.297","64.767","64.767","64.767","72.325","72.325","72.325"
"4335.545716472","35.766","35.766","35.766","51.217","51.217","51.217","125.241","125.241","125.241","247.538","247.538","247.538"
"4350.545364825","39.21","39.21","39.21","53.171","53.171","53.171","230.561","230.561","230.561","109.353","109.353","109.353"
"4365.548030426","50.629","50.629","50.629","39.705","39.705","39.705","77.336","77.336","77.336","210.543","210.543","210.543"
"4380.589387069","36.362","36.362","36.362","53.268","53.268","53.268","217.673","217.673","217.673","111.629","111.629","111.629"
"4395.549502591","40.791","40.791","40.791","45.603","45.603","45.603","160.166","160.166","160.166","116.093","116.093","116.093"
"4410.550708635","35.648","35.648","35.648","53.587","53.587","53.587","189.706","189.706","189.706","92.673","92.673","92.673"
"4425.548648424","35.758","35.758","35.758","53.186","53.186","53.186","150.524","150.524","150.524","165.156","165.156","165.156"
"4440.655463022","35.454","35.454","35.454","50.622","50.622","50.622","110.707","110.707","110.707","124.509","124.509","124.509"
"4455.712854704","35.758","35.758","35.758","53.475","53.475","53.475","118.52","118.52","118.52","171.131","171.131","171.131"
"4470.760387869","49.334","49.334","49.334","38.209","38.209","38.209","166.695","166.695","166.695","219.908","219.908","219.908"
"4485.941024767","39.113","39.113","39.113","53.074","53.074","53.074","186.439","186.439","186.439","187.403","187.403","187.403"
"4501.091266839","35.758","35.758","35.758","52.992","52.992","52.992","173.395","173.395","173.395","189.416","189.416","189.416"
"4516.209737273","35.463","35.463","35.463","38.015","38.015","38.015","104.879","104.879","104.879","177.036","177.036","177.036"
"4531.219959655","49.14","49.14","49.14","41.069","41.069","41.069","80.68","80.68","80.68","126.644","126.644","126.644"
"4546.285381955","35.56","35.56","35.56","45.797","45.797","45.797","197.735","197.735","197.735","87.727","87.727","87.727"
"4561.383501569","35.669","35.669","35.669","36.836","36.836","36.836","87.149","87.149","87.149","146.642","146.642","146.642"
"4576.38450927","38.821","38.821","38.821","37.528","37.528","37.528","56.814","56.814","56.814","68.312","68.312","68.312"
"4591.461956129","36.557","36.557","36.557","41.179","41.179","41.179","143.074","143.074","143.074","153.149","153.149","153.149"
"4606.434844873","42.65","42.65","42.65","40.581","40.581","40.581","209.97","209.97","209.97","130.772","130.772","130.772"
"4621.682263177","38.724","38.724","38.724","41.091","41.091","41.091","93.186","93.186","93.186","188.052","188.052","188.052"
"4636.627813497","36.451","36.451","36.451","41.179","41.179","41.179","204.16","204.16","204.16","110.061","110.061","110.061"
"4651.707510184","38.919","38.919","38.919","41.276","41.276","41.276","151.855","151.855","151.855","161.175","161.175","161.175"
"4666.7255102","34.089","34.089","34.089","39.012","39.012","39.012","84.58","84.58","84.58","106.111","106.111","106.111"
"4681.66427732","36.265","36.265","36.265","42.161","42.161","42.161","56.717","56.717","56.717","67.631","67.631","67.631"
"4696.803461897","38.919","38.919","38.919","36.836","36.836","36.836","180.242","180.242","180.242","197.776","197.776","197.776"
"4711.822658667","35.876","35.876","35.876","41.176","41.176","41.176","103.016","103.016","103.016","162.971","162.971","162.971"
"4726.82167743","39.016","39.016","39.016","37.528","37.528","37.528","187.508","187.508","187.508","102.058","102.058","102.058"
"4740.551759419","30.331","30.331","30.331","38.209","38.209","38.209","90.175","90.175","90.175","154.103","154.103","154.103"
"4755.555291585","30.647","30.647","30.647","48.653","48.653","48.653","157.493","157.493","157.493","131.06","131.06","131.06"
"4770.55543737","50.233","50.233","50.233","39.012","39.012","39.012","193.95","193.95","193.95","146.191","146.191","146.191"
"4785.554496629","49.638","49.638","49.638","38.415","38.415","38.415","152.771","152.771","152.771","182.287","182.287","182.287"
"4800.5510295","49.924","49.924","49.924","45.104","45.104","45.104","240.167","240.167","240.167","59.882","59.882","59.882"
"4815.557268391","43.144","43.144","43.144","53.171","53.171","53.171","219.413","219.413","219.413","87.931","87.931","87.931"
"4830.547638406","50.435","50.435","50.435","47.171","47.171","47.171","136.516","136.516","136.516","254.692","254.692","254.692"
"4845.546852475","35.551","35.551","35.551","46.382","46.382","46.382","124.529","124.529","124.529","137.944","137.944","137.944"
"4860.545353376","47.761","47.761","47.761","49.249","49.249","49.249","81.09","81.09","81.09","248.56","248.56","248.56"
"4875.54665015","47.864","47.864","47.864","39.304","39.304","39.304","87.523","87.523","87.523","189.11","189.11","189.11"
"4890.550689958","40.389","40.389","40.389","38.318","38.318","38.318","266.611","266.611","266.611","62.152","62.152","62.152"
"4905.552502479","35.965","35.965","35.965","38.209","38.209","38.209","108.106","108.106","108.106","105.632","105.632","105.632"
"4920.545103247","49.924","49.924","49.924","49.735","49.735","49.735","102.216","102.216","102.216","129.886","129.886","129.886"
"4935.592696745","37.727","37.727","37.727","47.657","47.657","47.657","110.116","110.116","110.116","103.695","103.695","103.695"
"4950.591812038","47.884","47.884","47.884","39.498","39.498","39.498","72.865","72.865","72.865","138.903","138.903","138.903"
"4965.672325718","35.767","35.767","35.767","39.012","39.012","39.012","174.179","174.179","174.179","227.499","227.499","227.499"
"4980.802835618","35.56","35.56","35.56","38.103","38.103","38.103","191.595","191.595","191.595","166.097","166.097","166.097"
"4995.775471078","49.827","49.827","49.827","52.188","52.188","52.188","173.495","173.495","173.495","102.939","102.939","102.939"
"5010.82187724","50.026","50.026","50.026","53.587","53.587","53.587","56.905","56.905","56.905","67.902","67.902","67.902"
"5025.963549382","43.927","43.927","43.927","38.015","38.015","38.015","142.042","142.042","142.042","198.394","198.394","198.394"
"5040.914882445","49.73","49.73","49.73","43.428","43.428","43.428","125.255","125.255","125.255","169.987","169.987","169.987"
"5056.032848203","49.638","49.638","49.638","42.054","42.054","42.054","189.191","189.191","189.191","139.625","139.625","139.625"
"5071.174391794","49.346","49.346","49.346","39.705","39.705","39.705","98.668","98.668","98.668","186.93","186.93","186.93"
"5086.34259707","37.736","37.736","37.736","37.528","37.528","37.528","132.082","132.082","132.082","103.04","103.04","103.04"
"5101.478500224","43.258","43.258","43.258","44.898","44.898","44.898","98.849","98.849","98.849","204.462","204.462","204.462"
"5116.441744543","35.961","35.961","35.961","40.689","40.689","40.689","109.265","109.265","109.265","188.749","188.749","188.749"
"5131.459502205","45.519","45.519","45.519","37.528","37.528","37.528","143.295","143.295","143.295","171.096","171.096","171.096"
"5146.489720482","36.459","36.459","36.459","41.079","41.079","41.079","87.245","87.245","87.245","104.228","104.228","104.228"
"5161.775272102","38.724","38.724","38.724","40.884","40.884","40.884","221.046","221.046","221.046","105.268","105.268","105.268"
"5176.762613918","35.965","35.965","35.965","38.818","38.818","38.818","86.723","86.723","86.723","210.641","210.641","210.641"
"5191.82803142","38.724","38.724","38.724","40.689","40.689","40.689","214.597","214.597","214.597","85.302","85.302","85.302"
"5205.551912221","30.44","30.44","30.44","46.284","46.284","46.284","165.268","165.268","165.268","238.112","238.112","238.112"
"5220.561836793","30.538","30.538","30.538","52.895","52.895","52.895","228.523","228.523","228.523","134.564","134.564","134.564"
"5235.548180778","38.627","38.627","38.627","37.918","37.918","37.918","93.71","93.71","93.71","187.744","187.744","187.744"
"5250.553020706","38.42","38.42","38.42","37.917","37.917","37.917","179.952","179.952","179.952","198.592","198.592","198.592"
"5265.55467473","38.822","38.822","38.822","38.112","38.112","38.112","99.08","99.08","99.08","231.755","231.755","231.755"
"5280.558858117","35.475","35.475","35.475","38.015","38.015","38.015","214.777","214.777","214.777","233.369","233.369","233.369"
"5295.553356784","47.779","47.779","47.779","40.972","40.972","40.972","199.253","199.253","199.253","210.741","210.741","210.741"
"5310.551029833","35.463","35.463","35.463","37.917","37.917","37.917","135.913","135.913","135.913","137.021","137.021","137.021"
"5325.553331571","37.639","37.639","37.639","39.109","39.109","39.109","106.871","106.871","106.871","93.033","93.033","93.033"
"5340.553086845","35.56","35.56","35.56","38.112","38.112","38.112","191.214","191.214","191.214","89.425","89.425","89.425"
"5355.5508962","35.661","35.661","35.661","37.82","37.82","37.82","239.865","239.865","239.865","75.467","75.467","75.467"
"5370.559040243","35.855","35.855","35.855","38.415","38.415","38.415","145.73","145.73","145.73","82.732","82.732","82.732"
"5385.674652589","35.545","35.545","35.545","38.112","38.112","38.112","163.107","163.107","163.107","266.328","266.328","266.328"
"5400.670751185","49.638","49.638","49.638","53.171","53.171","53.171","76.368","76.368","76.368","236.382","236.382","236.382"
"5415.711807014","36.84","36.84","36.84","41.577","41.577","41.577","96.785","96.785","96.785","235.412","235.412","235.412"
"5430.835227942","49.929","49.929","49.929","44.023","44.023","44.023","75.772","75.772","75.772","183.025","183.025","183.025"
"5445.840244101","46.486","46.486","46.486","46.187","46.187","46.187","139.74","139.74","139.74","232.195","232.195","232.195"
"5460.952038216","49.929","49.929","49.929","49.14","49.14","49.14","185.728","185.728","185.728","96.848","96.848","96.848"
"5476.004139588","50.123","50.123","50.123","53.655","53.655","53.655","104.622","104.622","104.622","209.847","209.847","209.847"
"5491.064611545","35.752","35.752","35.752","37.722","37.722","37.722","146.533","146.533","146.533","226.317","226.317","226.317"
"5506.124165782","44.225","44.225","44.225","36.544","36.544","36.544","200.502","200.502","200.502","183.421","183.421","183.421"
"5521.231042276","42.444","42.444","42.444","36.543","36.543","36.543","187.776","187.776","187.776","231.606","231.606","231.606"
"5536.349584175","44.133","44.133","44.133","36.544","36.544","36.544","89.581","89.581","89.581","108.681","108.681","108.681"
"5551.265279141","50.123","50.123","50.123","53.477","53.477","53.477","57.99","57.99","57.99","68.097","68.097","68.097"
"5566.314758786","49.929","49.929","49.929","39.588","39.588","39.588","170.409","170.409","170.409","153.674","153.674","153.674"
"5581.365915827","39.806","39.806","39.806","41.48","41.48","41.48","120.311","120.311","120.311","135.417","135.417","135.417"
"5596.354697623","48.557","48.557","48.557","41.361","41.361","41.361","135.071","135.071","135.071","91","91","91"
"5611.42207516","45.216","45.216","45.216","38.72","38.72","38.72","115.328","115.328","115.328","195.765","195.765","195.765"
"5626.350550101","49.924","49.924","49.924","38.915","38.915","38.915","200.054","200.054","200.054","243.95","243.95","243.95"
"5641.477545692","36.354","36.354","36.354","38.711","38.711","38.711","228.732","228.732","228.732","150.849","150.849","150.849"
"5656.547589027","37.436","37.436","37.436","40.581","40.581","40.581","170.58","170.58","170.58","211.175","211.175","211.175"
"5671.609748068","37.824","37.824","37.824","39.012","39.012","39.012","182.539","182.539","182.539","208.934","208.934","208.934"
"5686.77207937","38.627","38.627","38.627","41.383","41.383","41.383","108.204","108.204","108.204","121.234","121.234","121.234"
"5701.774291951","51.703","51.703","51.703","45.104","45.104","45.104","168.744","168.744","168.744","128.313","128.313","128.313"
"5716.833404009","36.451","36.451","36.451","38.623","38.623","38.623","101.205","101.205","101.205","164.459","164.459","164.459"
"5731.83911996","50.634","50.634","50.634","41.47","41.47","41.47","101.248","101.248","101.248","139.567","139.567","139.567"
"5745.552633841","30.636","30.636","30.636","51.023","51.023","51.023","264.363","264.363","264.363","59.882","59.882","59.882"
"5760.55229094","31.62","31.62","31.62","53.074","53.074","53.074","185.25","185.25","185.25","91.968","91.968","91.968"
"5775.547023535","35.849","35.849","35.849","41.567","41.567","41.567","69.363","69.363","69.363","115.152","115.152","115.152"
"5790.5537601","31.037","31.037","31.037","41.859","41.859","41.859","236.472","236.472","236.472","90.602","90.602","90.602"
"5805.544298641","39.988","39.988","39.988","44.218","44.218","44.218","97.047","97.047","97.047","156.582","156.582","156.582"
"5820.557490831","49.554","49.554","49.554","50.926","50.926","50.926","73.32","73.32","73.32","96.167","96.167","96.167"
"5835.551875293","50.026","50.026","50.026","52.977","52.977","52.977","140.042","140.042","140.042","161.585","161.585","161.585"
"5850.552454612","43.149","43.149","43.149","37.917","37.917","37.917","196.982","196.982","196.982","197.116","197.116","197.116"
"5865.546342393","35.365","35.365","35.365","41.674","41.674","41.674","73.356","73.356","73.356","121.391","121.391","121.391"
"5880.550128274","35.56","35.56","35.56","39.207","39.207","39.207","79.008","79.008","79.008","107.443","107.443","107.443"
"5895.551529124","37.533","37.533","37.533","37.917","37.917","37.917","79.602","79.602","79.602","136.37","136.37","136.37"
"5910.548619209","35.855","35.855","35.855","43.342","43.342","43.342","76.465","76.465","76.465","98.908","98.908","98.908"
"5925.550684444","38.323","38.323","38.323","43.841","43.841","43.841","219.704","219.704","219.704","239.947","239.947","239.947"
"5940.551115485","35.572","35.572","35.572","38.513","38.513","38.513","201.925","201.925","201.925","220.993","220.993","220.993"
"5955.543054392","49.942","49.942","49.942","52.105","52.105","52.105","379.753","379.753","379.753","61.248","61.248","61.248"
"5970.544079577","41.473","41.473","41.473","47.074","47.074","47.074","205.097","205.097","205.097","226.202","226.202","226.202"
"5985.546528111","49.632","49.632","49.632","42.844","42.844","42.844","243.471","243.471","243.471","60.385","60.385","60.385"
"6000.546669167","49.633","49.633","49.633","53.268","53.268","53.268","132.523","132.523","132.523","102.252","102.252","102.252"
"6015.551081083","49.924","49.924","49.924","46.479","46.479","46.479","84.722","84.722","84.722","99.911","99.911","99.911"
"6030.550947585","35.766","35.766","35.766","42.442","42.442","42.442","82.753","82.753","82.753","84.599","84.599","84.599"
"6045.549065037","49.633","49.633","49.633","53.365","53.365","53.365","223.32","223.32","223.32","254.133","254.133","254.133"
"6060.553196126","46.085","46.085","46.085","53.461","53.461","53.461","213.793","213.793","213.793","91.968","91.968","91.968"
"6075.549754445","43.533","43.533","43.533","38.209","38.209","38.209","66.372","66.372","66.372","71.163","71.163","71.163"
"6090.554608149","49.633","49.633","49.633","38.318","38.318","38.318","104.912","104.912","104.912","262.738","262.738","262.738"
"6105.568803059","41.065","41.065","41.065","51.898","51.898","51.898","232.145","232.145","232.145","223.743","223.743","223.743"
"6120.546396195","50.026","50.026","50.026","44.995","44.995","44.995","79.02","79.02","79.02","128.281","128.281","128.281"
"6135.550149976","38.621","38.621","38.621","53.587","53.587","53.587","156.069","156.069","156.069","168.937","168.937","168.937"
"6150.548233515","35.669","35.669","35.669","50.027","50.027","50.027","191.887","191.887","191.887","182.3","182.3","182.3"
"6165.552950443","49.633","49.633","49.633","51.009","51.009","51.009","91.833","91.833","91.833","182.197","182.197","182.197"
"6180.638981237","48.946","48.946","48.946","38.112","38.112","38.112","79.008","79.008","79.008","145.839","145.839","145.839"
"6195.551333976","49.73","49.73","49.73","38.006","38.006","38.006","127.476","127.476","127.476","183.273","183.273","183.273"
"6210.597009838","47.463","47.463","47.463","40.182","40.182","40.182","199.32","199.32","199.32","129.326","129.326","129.326"
"6225.715429919","42.45","42.45","42.45","40.182","40.182","40.182","111.494","111.494","111.494","91.955","91.955","91.955"
"6240.852706749","49.54","49.54","49.54","38.015","38.015","38.015","195.847","195.847","195.847","183.745","183.745","183.745"
"6256.132613645","36.071","36.071","36.071","41.665","41.665","41.665","226.81","226.81","226.81","80.191","80.191","80.191"
"6271.333856702","49.638","49.638","49.638","37.626","37.626","37.626","243.78","243.78","243.78","96.752","96.752","96.752"
"6286.599754639","38.627","38.627","38.627","47.462","47.462","47.462","108.651","108.651","108.651","245.155","245.155","245.155"
"6301.651692964","38.031","38.031","38.031","48.847","48.847","48.847","138.469","138.469","138.469","162.609","162.609","162.609"
"6316.767767967","37.532","37.532","37.532","49.236","49.236","49.236","123.63","123.63","123.63","131.635","131.635","131.635"
"6331.688740379","37.533","37.533","37.533","38.015","38.015","38.015","182.39","182.39","182.39","139.226","139.226","139.226"
"6346.737152072","42.067","42.067","42.067","41.286","41.286","41.286","113.44","113.44","113.44","111.429","111.429","111.429"
"6361.697063992","37.347","37.347","37.347","38.623","38.623","38.623","191.117","191.117","191.117","226.653","226.653","226.653"
"6376.811191924","38.614","38.614","38.614","38.623","38.623","38.623","177.986","177.986","177.986","140.353","140.353","140.353"
"6391.764019911","38.028","38.028","38.028","44.315","44.315","44.315","129.833","129.833","129.833","102.451","102.451","102.451"
"6406.763573676","35.863","35.863","35.863","43.352","43.352","43.352","56.218","56.218","56.218","62.004","62.004","62.004"
"6421.85554459","37.249","37.249","37.249","40.787","40.787","40.787","173.969","173.969","173.969","149.523","149.523","149.523"
"6435.5516086","30.234","30.234","30.234","52.783","52.783","52.783","86.824","86.824","86.824","145.853","145.853","145.853"
"6450.563610338","30.137","30.137","30.137","48.653","48.653","48.653","83.049","83.049","83.049","155.168","155.168","155.168"
"6465.555817527","30.538","30.538","30.538","44.618","44.618","44.618","201.158","201.158","201.158","138.083","138.083","138.083"
"6480.553978922","39.415","39.415","39.415","37.917","37.917","37.917","170.221","170.221","170.221","107.283","107.283","107.283"
"6495.555723646","30.643","30.643","30.643","52.895","52.895","52.895","167.191","167.191","167.191","111.975","111.975","111.975"
"6510.549759735","48.848","48.848","48.848","37.723","37.723","37.723","81.371","81.371","81.371","201.619","201.619","201.619"
"6525.556814456","46.296","46.296","46.296","43.342","43.342","43.342","160.805","160.805","160.805","101.367","101.367","101.367"
"6540.554345519","49.832","49.832","49.832","39.499","39.499","39.499","215.931","215.931","215.931","211.778","211.778","211.778"
"6555.552862971","35.56","35.56","35.56","53.462","53.462","53.462","213.417","213.417","213.417","146.988","146.988","146.988"
"6570.55465811","37.241","37.241","37.241","54.365","54.365","54.365","163.319","163.319","163.319","235.028","235.028","235.028"
"6585.551237849","51.892","51.892","51.892","48.75","48.75","48.75","93.407","93.407","93.407","132.495","132.495","132.495"
"6600.551469235","40.785","40.785","40.785","53.374","53.374","53.374","205.821","205.821","205.821","205.162","205.162","205.162"
"6615.548005873","42.95","42.95","42.95","52.284","52.284","52.284","186.326","186.326","186.326","150.952","150.952","150.952"
"6630.550378264","39.696","39.696","39.696","53.157","53.157","53.157","206.064","206.064","206.064","180.164","180.164","180.164"
"6645.546639045","47.56","47.56","47.56","38.112","38.112","38.112","107.576","107.576","107.576","85.096","85.096","85.096"
"6660.549938575","39.016","39.016","39.016","38.221","38.221","38.221","91.75","91.75","91.75","129.769","129.769","129.769"
"6675.545132074","36.354","36.354","36.354","38.221","38.221","38.221","174.165","174.165","174.165","227.122","227.122","227.122"
"6690.548014622","43.052","43.052","43.052","38.318","38.318","38.318","222.046","222.046","222.046","110.346","110.346","110.346"
"6705.630582744","49.73","49.73","49.73","43.525","43.525","43.525","180.757","180.757","180.757","117.485","117.485","117.485"
"6720.722122178","40.888","40.888","40.888","38.112","38.112","38.112","222.073","222.073","222.073","229.28","229.28","229.28"
"6735.910597554","43.231","43.231","43.231","53.864","53.864","53.864","149.695","149.695","149.695","105.753","105.753","105.753"
"6750.904160406","35.669","35.669","35.669","39.693","39.693","39.693","96.817","96.817","96.817","154.795","154.795","154.795"
"6766.061141134","35.669","35.669","35.669","41.276","41.276","41.276","134.544","134.544","134.544","104.318","104.318","104.318"
"6781.26516752","40.389","40.389","40.389","38.905","38.905","38.905","141.423","141.423","141.423","180.95","180.95","180.95"
"6796.334512877","47.463","47.463","47.463","41.189","41.189","41.189","211.834","211.834","211.834","201.728","201.728","201.728"
"6811.500955819","34.588","34.588","34.588","38.623","38.623","38.623","131.653","131.653","131.653","98.824","98.824","98.824"
"6826.656981797","31.134","31.134","31.134","36.349","36.349","36.349","80.776","80.776","80.776","126.584","126.584","126.584"
"6841.656312213","36.168","36.168","36.168","41.373","41.373","41.373","197.625","197.625","197.625","109.224","109.224","109.224"
"6856.720890872","35.268","35.268","35.268","39.511","39.511","39.511","56.607","56.607","56.607","67.902","67.902","67.902"
"6871.729430567","34.782","34.782","34.782","38.818","38.818","38.818","136.899","136.899","136.899","171.712","171.712","171.712"
"6886.74691142","39.016","39.016","39.016","40.981","40.981","40.981","159.781","159.781","159.781","160.443","160.443","160.443"
"6900.55274713","30.44","30.44","30.44","53.089","53.089","53.089","188.407","188.407","188.407","204.076","204.076","204.076"
"6915.550663115","30.733","30.733","30.733","49.043","49.043","49.043","124.906","124.906","124.906","122.725","122.725","122.725"
"6930.556384656","30.331","30.331","30.331","37.917","37.917","37.917","80.79","80.79","80.79","89.91","89.91","89.91"
"6945.552237031","33.091","33.091","33.091","38.014","38.014","38.014","89.353","89.353","89.353","175.406","175.406","175.406"
"6960.554283511","32.313","32.313","32.313","49.638","49.638","49.638","115.618","115.618","115.618","118.209","118.209","118.209"
"6975.555782714","42.066","42.066","42.066","37.82","37.82","37.82","95.182","95.182","95.182","92.094","92.094","92.094"
"6990.555271879","32.508","32.508","32.508","42.161","42.161","42.161","184.198","184.198","184.198","113.633","113.633","113.633"
"7005.548210891","49.832","49.832","49.832","43.925","43.925","43.925","184.606","184.606","184.606","130.772","130.772","130.772"
"7020.550131124","49.735","49.735","49.735","49.638","49.638","49.638","54.971","54.971","54.971","255.576","255.576","255.576"
"7035.547535469","42.049","42.049","42.049","52.88","52.88","52.88","96.525","96.525","96.525","161.952","161.952","161.952"
"7050.550364236","41.082","41.082","41.082","52.992","52.992","52.992","163.398","163.398","163.398","99.695","99.695","99.695"
"7065.545041868","35.462","35.462","35.462","38.015","38.015","38.015","118.581","118.581","118.581","211.864","211.864","211.864"
"7080.547342775","39.113","39.113","39.113","38.209","38.209","38.209","199.452","199.452","199.452","97","97","97"
"7095.600532177","50.034","50.034","50.034","49.735","49.735","49.735","82.92","82.92","82.92","96.539","96.539","96.539"
"7110.866110163","35.855","35.855","35.855","38.112","38.112","38.112","148.731","148.731","148.731","166.802","166.802","166.802"
"7125.97903576","35.448","35.448","35.448","38.112","38.112","38.112","185.56","185.56","185.56","134.538","134.538","134.538"
"7141.046373593","36.353","36.353","36.353","46.782","46.782","46.782","84.095","84.095","84.095","224.016","224.016","224.016"
"7156.059543711","50.123","50.123","50.123","40.376","40.376","40.376","200.663","200.663","200.663","98.504","98.504","98.504"
"7171.345671282","35.766","35.766","35.766","40.972","40.972","40.972","145.652","145.652","145.652","226.201","226.201","226.201"
"7186.501771389","36.265","36.265","36.265","40.777","40.777","40.777","89.775","89.775","89.775","187.066","187.066","187.066"
"7201.559930239","38.919","38.919","38.919","41.166","41.166","41.166","103.371","103.371","103.371","97.435","97.435","97.435"
"7216.705962837","39.113","39.113","39.113","41.179","41.179","41.179","113.246","113.246","113.246","247.076","247.076","247.076"
"7231.799627166","39.016","39.016","39.016","41.276","41.276","41.276","113.165","113.165","113.165","160.049","160.049","160.049"
"7246.895753151","39.113","39.113","39.113","41.276","41.276","41.276","152.19","152.19","152.19","141.427","141.427","141.427"
"7260.556742159","30.44","30.44","30.44","45.604","45.604","45.604","96.629","96.629","96.629","160.414","160.414","160.414"
"7275.5531361","30.647","30.647","30.647","43.645","43.645","43.645","119.712","119.712","119.712","154.399","154.399","154.399"
"7290.559327893","30.234","30.234","30.234","38.623","38.623","38.623","148.508","148.508","148.508","131.947","131.947","131.947"
"7305.563573016","30.137","30.137","30.137","38.015","38.015","38.015","85.167","85.167","85.167","234.436","234.436","234.436"
"7320.553171634","30.538","30.538","30.538","38.015","38.015","38.015","189.757","189.757","189.757","93.032","93.032","93.032"
"7335.549863383","37.63","37.63","37.63","41.869","41.869","41.869","167.094","167.094","167.094","209.507","209.507","209.507"
"7350.55077256","49.827","49.827","49.827","53.462","53.462","53.462","99.965","99.965","99.965","173.658","173.658","173.658"
"7365.550665492","49.633","49.633","49.633","49.638","49.638","49.638","160.166","160.166","160.166","113.454","113.454","113.454"
"7380.549265068","50.233","50.233","50.233","53.171","53.171","53.171","224.47","224.47","224.47","157.365","157.365","157.365"
"7395.552335308","49.038","49.038","49.038","53.171","53.171","53.171","139.656","139.656","139.656","248.249","248.249","248.249"
"7410.544353934","42.772","42.772","42.772","42.953","42.953","42.953","211.058","211.058","211.058","102.36","102.36","102.36"
"7425.54655841","49.638","49.638","49.638","53.49","53.49","53.49","152.449","152.449","152.449","156.559","156.559","156.559"
"7440.549214723","35.766","35.766","35.766","39.109","39.109","39.109","84.58","84.58","84.58","200.25","200.25","200.25"
"7455.544920844","35.669","35.669","35.669","38.006","38.006","38.006","209.925","209.925","209.925","89.294","89.294","89.294"
"7470.550119835","36.362","36.362","36.362","38.015","38.015","38.015","101.732","101.732","101.732","243.36","243.36","243.36"
"7485.543079626","49.341","49.341","49.341","53.268","53.268","53.268","162.138","162.138","162.138","221.293","221.293","221.293"
"7500.554113389","46.474","46.474","46.474","48.847","48.847","48.847","218.847","218.847","218.847","88.182","88.182","88.182"
"7515.552168444","37.727","37.727","37.727","37.82","37.82","37.82","134.051","134.051","134.051","215.434","215.434","215.434"
"7530.549694417","49.438","49.438","49.438","53.089","53.089","53.089","72.223","72.223","72.223","137.89","137.89","137.89"
"7545.547919011","42.955","42.955","42.955","45.311","45.311","45.311","136.105","136.105","136.105","235.54","235.54","235.54"
"7560.550856541","35.463","35.463","35.463","38.112","38.112","38.112","127.132","127.132","127.132","149.616","149.616","149.616"
"7575.551770097","37.63","37.63","37.63","46.88","46.88","46.88","63.511","63.511","63.511","75.079","75.079","75.079"
"7590.693084778","35.758","35.758","35.758","39.304","39.304","39.304","99.08","99.08","99.08","88.222","88.222","88.222"
"7605.759854706","43.344","43.344","43.344","38.015","38.015","38.015","82.133","82.133","82.133","165.181","165.181","165.181"
"7620.949072514","35.463","35.463","35.463","45.701","45.701","45.701","97.118","97.118","97.118","246.09","246.09","246.09"
"7636.126350192","43.538","43.538","43.538","53.074","53.074","53.074","82.594","82.594","82.594","166.673","166.673","166.673"
"7651.378936087","36.645","36.645","36.645","41.847","41.847","41.847","233.839","233.839","233.839","256.145","256.145","256.145"
"7666.31477168","43.356","43.356","43.356","40.981","40.981","40.981","117.348","117.348","117.348","139.951","139.951","139.951"
"7681.400712075","36.256","36.256","36.256","41.48","41.48","41.48","127.695","127.695","127.695","103.205","103.205","103.205"
"7696.483731733","43.636","43.636","43.636","39.987","39.987","39.987","90.465","90.465","90.465","109.951","109.951","109.951"
"7711.570267645","36.071","36.071","36.071","43.926","43.926","43.926","208.313","208.313","208.313","110.17","110.17","110.17"
"7726.629824267","36.548","36.548","36.548","38.112","38.112","38.112","151.697","151.697","151.697","224.579","224.579","224.579"
"7741.528177063","36.459","36.459","36.459","38.721","38.721","38.721","220.384","220.384","220.384","232.683","232.683","232.683"
"7756.636274297","36.84","36.84","36.84","38.818","38.818","38.818","175.401","175.401","175.401","177.993","177.993","177.993"
"7771.554377068","36.256","36.256","36.256","38.112","38.112","38.112","82.436","82.436","82.436","95.964","95.964","95.964"
"7786.609809916","39.016","39.016","39.016","41.276","41.276","41.276","80.098","80.098","80.098","107.631","107.631","107.631"
"7801.739682402","38.724","38.724","38.724","41.373","41.373","41.373","173.326","173.326","173.326","220.908","220.908","220.908"
"7816.834804294","38.821","38.821","38.821","40.873","40.873","40.873","142.029","142.029","142.029","107.598","107.598","107.598"
"7830.548609411","30.636","30.636","30.636","54.253","54.253","54.253","203.714","203.714","203.714","226.084","226.084","226.084"
"7845.554179669","30.538","30.538","30.538","39.012","39.012","39.012","104.705","104.705","104.705","127.033","127.033","127.033"
"7860.550537652","36.937","36.937","36.937","43.926","43.926","43.926","57.915","57.915","57.915","249.928","249.928","249.928"
"7875.554516495","30.546","30.546","30.546","38.112","38.112","38.112","156.295","156.295","156.295","112.056","112.056","112.056"
"7890.556969668","49.929","49.929","49.929","53.268","53.268","53.268","94.856","94.856","94.856","91.232","91.232","91.232"
"7905.550169679","45.988","45.988","45.988","53.572","53.572","53.572","120.781","120.781","120.781","174.887","174.887","174.887"
"7920.54642005","41.969","41.969","41.969","37.918","37.918","37.918","199.909","199.909","199.909","239.108","239.108","239.108"
"7935.548134107","49.827","49.827","49.827","47.171","47.171","47.171","134.835","134.835","134.835","231.678","231.678","231.678"
"7950.547151386","49.924","49.924","49.924","53.171","53.171","53.171","160.503","160.503","160.503","210.841","210.841","210.841"
"7965.556362051","37.63","37.63","37.63","43.634","43.634","43.634","123.2","123.2","123.2","89.922","89.922","89.922"
"7980.558484964","30.429","30.429","30.429","42.247","42.247","42.247","137.041","137.041","137.041","91.495","91.495","91.495"
"7995.555333577","50.215","50.215","50.215","53.186","53.186","53.186","94.228","94.228","94.228","129.149","129.149","129.149"
"8010.558402213","30.538","30.538","30.538","53.38","53.38","53.38","53.979","53.979","53.979","243.754","243.754","243.754"
"8025.555093732","35.961","35.961","35.961","44.995","44.995","44.995","93.251","93.251","93.251","211.92","211.92","211.92"
"8040.55839262","30.44","30.44","30.44","39.011","39.011","39.011","157.431","157.431","157.431","174.287","174.287","174.287"
"8055.559072267","30.647","30.647","30.647","52.977","52.977","52.977","151.602","151.602","151.602","163.536","163.536","163.536"
"8070.551634973","48.941","48.941","48.941","42.856","42.856","42.856","95.078","95.078","95.078","221.884","221.884","221.884"
"8085.554158478","30.538","30.538","30.538","53.283","53.283","53.283","80.887","80.887","80.887","232.201","232.201","232.201"
"8100.558869414","39.307","39.307","39.307","49.043","49.043","49.043","148.265","148.265","148.265","155.267","155.267","155.267"
"8115.558997958","30.647","30.647","30.647","48.07","48.07","48.07","74.338","74.338","74.338","157.485","157.485","157.485"
"8130.559689767","30.429","30.429","30.429","41.577","41.577","41.577","80.699","80.699","80.699","141.835","141.835","141.835"
"8145.552883938","49.54","49.54","49.54","49.334","49.334","49.334","100.061","100.061","100.061","234.624","234.624","234.624"
"8160.548028285","49.832","49.832","49.832","39.986","39.986","39.986","217.714","217.714","217.714","135.625","135.625","135.625"
"8175.553511088","40.877","40.877","40.877","51.704","51.704","51.704","154.005","154.005","154.005","156.162","156.162","156.162"
"8190.556339865","30.343","30.343","30.343","39.401","39.401","39.401","76.329","76.329","76.329","117.726","117.726","117.726"
"8205.55257588","49.637","49.637","49.637","53.089","53.089","53.089","123.335","123.335","123.335","200.789","200.789","200.789"
"8220.555834913","30.647","30.647","30.647","38.112","38.112","38.112","84.096","84.096","84.096","154.192","154.192","154.192"
"8235.555094357","50.026","50.026","50.026","40.181","40.181","40.181","192.588","192.588","192.588","94.416","94.416","94.416"
"8250.552067293","49.924","49.924","49.924","40.084","40.084","40.084","204.672","204.672","204.672","147.572","147.572","147.572"
"8265.551324112","50.228","50.228","50.228","47.365","47.365","47.365","189.729","189.729","189.729","102.675","102.675","102.675"
"8280.551438158","33.091","33.091","33.091","39.401","39.401","39.401","57.818","57.818","57.818","254.222","254.222","254.222"
"8295.549914353","36.557","36.557","36.557","42.345","42.345","42.345","164.284","164.284","164.284","184.192","184.192","184.192"
"8310.551467368","47.961","47.961","47.961","38.112","38.112","38.112","170.836","170.836","170.836","166.709","166.709","166.709"
"8325.552447749","49.638","49.638","49.638","41.945","41.945","41.945","93.476","93.476","93.476","205.023","205.023","205.023"
"8340.545533145","47.669","47.669","47.669","53.669","53.669","53.669","137.18","137.18","137.18","225.628","225.628","225.628"
"8355.548264329","36.07","36.07","36.07","52.409","52.409","52.409","100.074","100.074","100.074","231.161","231.161","231.161"
"8370.547216346","50.026","50.026","50.026","38.209","38.209","38.209","125.351","125.351","125.351","228.008","228.008","228.008"
"8385.552934251","40.985","40.985","40.985","53.365","53.365","53.365","178.082","178.082","178.082","90.904","90.904","90.904"
"8400.546520216","35.863","35.863","35.863","52.105","52.105","52.105","82.921","82.921","82.921","180.93","180.93","180.93"
"8415.544447051","48.751","48.751","48.751","45.798","45.798","45.798","91.321","91.321","91.321","99.096","99.096","99.096"
"8430.549050004","35.669","35.669","35.669","52.396","52.396","52.396","104.622","104.622","104.622","137.943","137.943","137.943"
"8445.54875322","41.958","41.958","41.958","38.015","38.015","38.015","246.01","246.01","246.01","59.979","59.979","59.979"
"8460.551088021","50.136","50.136","50.136","48.945","48.945","48.945","154.802","154.802","154.802","174.018","174.018","174.018"
"8475.551751117","35.463","35.463","35.463","53.283","53.283","53.283","164.774","164.774","164.774","117.86","117.86","117.86"
"8490.552686764","46.491","46.491","46.491","38.015","38.015","38.015","156.261","156.261","156.261","232.703","232.703","232.703"
"8505.551423687","39.891","39.891","39.891","40.191","40.191","40.191","162.685","162.685","162.685","119.556","119.556","119.556"
"8520.546262151","35.766","35.766","35.766","49.431","49.431","49.431","98.391","98.391","98.391","151.782","151.782","151.782"
"8535.555789519","40.985","40.985","40.985","39.109","39.109","39.109","210.564","210.564","210.564","160.068","160.068","160.068"
"8550.612351315","49.735","49.735","49.735","39.595","39.595","39.595","249.524","249.524","249.524","60.563","60.563","60.563"
"8565.554038901","35.855","35.855","35.855","53.587","53.587","53.587","187.055","187.055","187.055","120.246","120.246","120.246"
"8580.551495614","35.661","35.661","35.661","52.992","52.992","52.992","235.361","235.361","235.361","109.599","109.599","109.599"
"8595.548427734","35.669","35.669","35.669","53.186","53.186","53.186","216.09","216.09","216.09","84.999","84.999","84.999"
"8610.655709338","35.357","35.357","35.357","54.171","54.171","54.171","158.872","158.872","158.872","83.229","83.229","83.229"
"8625.718974864","35.572","35.572","35.572","50.622","50.622","50.622","145.056","145.056","145.056","129.686","129.686","129.686"
"8640.83606469","46.491","46.491","46.491","38.817","38.817","38.817","76.936","76.936","76.936","226.173","226.173","226.173"
"8655.944645149","40.985","40.985","40.985","41.079","41.079","41.079","136.792","136.792","136.792","105.994","105.994","105.994"
"8670.95764015","42.359","42.359","42.359","43.244","43.244","43.244","90.795","90.795","90.795","99.998","99.998","99.998"
"8686.007653545","35.463","35.463","35.463","50.428","50.428","50.428","141.496","141.496","141.496","102.828","102.828","102.828"
"8700.952132346","35.463","35.463","35.463","53.378","53.378","53.378","115.376","115.376","115.376","207.722","207.722","207.722"
"8716.031147275","35.669","35.669","35.669","38.623","38.623","38.623","192.491","192.491","192.491","185.728","185.728","185.728"
"8731.102577121","49.929","49.929","49.929","41.179","41.179","41.179","122.644","122.644","122.644","161.34","161.34","161.34"
"8746.179060212","48.946","48.946","48.946","41.373","41.373","41.373","84.522","84.522","84.522","162.793","162.793","162.793"
"8761.248070471","41.289","41.289","41.289","37.03","37.03","37.03","170.726","170.726","170.726","122.609","122.609","122.609"
"8776.284245247","37.736","37.736","37.736","41.383","41.383","41.383","95.382","95.382","95.382","181.627","181.627","181.627"
"8791.435605525","39.016","39.016","39.016","38.721","38.721","38.721","200.084","200.084","200.084","231.536","231.536","231.536"
"8806.541608982","39.016","39.016","39.016","38.721","38.721","38.721","182.31","182.31","182.31","200.525","200.525","200.525"
"8821.444162226","39.016","39.016","39.016","38.818","38.818","38.818","105.505","105.505","105.505","239.643","239.643","239.643"
"8836.572397391","39.016","39.016","39.016","38.209","38.209","38.209","172.759","172.759","172.759","133.771","133.771","133.771"
"8851.673941366","38.323","38.323","38.323","38.915","38.915","38.915","89.871","89.871","89.871","119.749","119.749","119.749"
"8866.832340534","39.21","39.21","39.21","37.127","37.127","37.127","138.808","138.808","138.808","92.177","92.177","92.177"
"8880.555716528","30.647","30.647","30.647","38.416","38.416","38.416","100.365","100.365","100.365","88.927","88.927","88.927"
"8895.54863971","30.44","30.44","30.44","45.299","45.299","45.299","174.02","174.02","174.02","132.551","132.551","132.551"
"8910.557017342","30.83","30.83","30.83","39.109","39.109","39.109","77.549","77.549","77.549","174.758","174.758","174.758"
"8925.556606604","30.538","30.538","30.538","38.015","38.015","38.015","151.645","151.645","151.645","122.401","122.401","122.401"
"8940.553618614","30.44","30.44","30.44","43.331","43.331","43.331","78.329","78.329","78.329","233.767","233.767","233.767"
"8955.551770501","33.091","33.091","33.091","44.023","44.023","44.023","197.468","197.468","197.468","170.518","170.518","170.518"
"8970.557256761","35.564","35.564","35.564","46.381","46.381","46.381","97.056","97.056","97.056","134.814","134.814","134.814"
"8985.554613526","35.766","35.766","35.766","50.622","50.622","50.622","56.836","56.836","56.836","258.23","258.23","258.23"
"9000.554420828","35.657","35.657","35.657","43.44","43.44","43.44","92.624","92.624","92.624","109.102","109.102","109.102"
"9015.550371166","35.56","35.56","35.56","49.541","49.541","49.541","77.343","77.343","77.343","96.573","96.573","96.573"
"9030.550619063","37.043","37.043","37.043","53.462","53.462","53.462","119.804","119.804","119.804","149.123","149.123","149.123"
"9045.549300223","47.67","47.67","47.67","38.112","38.112","38.112","169.226","169.226","169.226","143.637","143.637","143.637"
"9060.544995563","35.758","35.758","35.758","43.428","43.428","43.428","105.699","105.699","105.699","118.865","118.865","118.865"
"9075.545748107","35.56","35.56","35.56","46.964","46.964","46.964","214.268","214.268","214.268","166.451","166.451","166.451"
"9090.550498407","37.043","37.043","37.043","39.206","39.206","39.206","230.462","230.462","230.462","196.696","196.696","196.696"
"9105.554673649","43.927","43.927","43.927","45.603","45.603","45.603","95.12","95.12","95.12","134.501","134.501","134.501"
"9120.767687939","35.56","35.56","35.56","42.757","42.757","42.757","147.687","147.687","147.687","120.875","120.875","120.875"
"9135.859594883","36.548","36.548","36.548","52.992","52.992","52.992","145.827","145.827","145.827","98.367","98.367","98.367"
"9151.123021936","38.724","38.724","38.724","39.109","39.109","39.109","179.171","179.171","179.171","220.476","220.476","220.476"
"9166.178228119","49.147","49.147","49.147","40.777","40.777","40.777","119.646","119.646","119.646","124.372","124.372","124.372"
"9181.12784252","49.924","49.924","49.924","40.668","40.668","40.668","175.73","175.73","175.73","166.148","166.148","166.148"
"9196.182505275","38.226","38.226","38.226","40.787","40.787","40.787","118.765","118.765","118.765","216.666","216.666","216.666"
"9211.351953692","49.249","49.249","49.249","40.884","40.884","40.884","149.211","149.211","149.211","110.083","110.083","110.083"
"9226.454597048","36.556","36.556","36.556","40.777","40.777","40.777","186.819","186.819","186.819","203.018","203.018","203.018"
"9241.575992217","36.354","36.354","36.354","41.189","41.189","41.189","109.327","109.327","109.327","231.605","231.605","231.605"
"9256.682248368","37.144","37.144","37.144","41.081","41.081","41.081","153.888","153.888","153.888","204.489","204.489","204.489"
"9271.738251466","38.627","38.627","38.627","36.933","36.933","36.933","135.567","135.567","135.567","224.232","224.232","224.232"
"9286.831327792","38.919","38.919","38.919","36.933","36.933","36.933","166.059","166.059","166.059","226.533","226.533","226.533"
"9300.557150074","30.429","30.429","30.429","53.587","53.587","53.587","154.164","154.164","154.164","93.794","93.794","93.794"
"9315.556904315","30.849","30.849","30.849","38.415","38.415","38.415","194.764","194.764","194.764","82.299","82.299","82.299"
"9330.55344414","30.647","30.647","30.647","53.38","53.38","53.38","197.846","197.846","197.846","216.628","216.628","216.628"
"9345.548911903","30.538","30.538","30.538","50.926","50.926","50.926","171.057","171.057","171.057","226.515","226.515","226.515"
"9360.548771412","30.331","30.331","30.331","53.462","53.462","53.462","212.032","212.032","212.032","105.596","105.596","105.596"
"9375.55306202","39.113","39.113","39.113","53.378","53.378","53.378","152.513","152.513","152.513","182.662","182.662","182.662"
"9390.551974213","37.249","37.249","37.249","38.112","38.112","38.112","143.474","143.474","143.474","136.65","136.65","136.65"
"9405.557059651","48.168","48.168","48.168","38.112","38.112","38.112","220.73","220.73","220.73","112.759","112.759","112.759"
"9420.556463937","37.63","37.63","37.63","38.209","38.209","38.209","85.077","85.077","85.077","227.227","227.227","227.227"
"9435.554899766","39.113","39.113","39.113","38.209","38.209","38.209","146.709","146.709","146.709","212.164","212.164","212.164"
"9450.553851893","30.44","30.44","30.44","38.318","38.318","38.318","189.67","189.67","189.67","194.667","194.667","194.667"
"9465.549735006","50.228","50.228","50.228","52.395","52.395","52.395","109.988","109.988","109.988","165.941","165.941","165.941"
"9480.551896872","45.811","45.811","45.811","38.015","38.015","38.015","131.404","131.404","131.404","162.82","162.82","162.82"
"9495.545939213","40.694","40.694","40.694","38.112","38.112","38.112","211.728","211.728","211.728","202.206","202.206","202.206"
"9510.560690507","46.588","46.588","46.588","39.401","39.401","39.401","137.677","137.677","137.677","155.588","155.588","155.588"
"9525.549959076","35.758","35.758","35.758","37.917","37.917","37.917","154.113","154.113","154.113","204.803","204.803","204.803"
"9540.552062452","35.669","35.669","35.669","38.015","38.015","38.015","83.442","83.442","83.442","109.31","109.31","109.31"
"9555.547999286","36.556","36.556","36.556","39.206","39.206","39.206","194.632","194.632","194.632","193.185","193.185","193.185"
"9570.543596362","35.661","35.661","35.661","38.209","38.209","38.209","192.714","192.714","192.714","206.853","206.853","206.853"
"9585.553206585","37.143","37.143","37.143","38.112","38.112","38.112","163.399","163.399","163.399","171.803","171.803","171.803"
"9600.657652001","35.669","35.669","35.669","37.917","37.917","37.917","202.421","202.421","202.421","211.841","211.841","211.841"
"9615.779343996","35.454","35.454","35.454","37.917","37.917","37.917","93.517","93.517","93.517","134.02","134.02","134.02"
"9630.612409508","45.799","45.799","45.799","51.993","51.993","51.993","220.872","220.872","220.872","127.773","127.773","127.773"
"9645.648434854","49.632","49.632","49.632","50.913","50.913","50.913","175.67","175.67","175.67","231.376","231.376","231.376"
"9660.779950962","49.929","49.929","49.929","53.268","53.268","53.268","149.743","149.743","149.743","94.125","94.125","94.125"
"9675.932919877","49.535","49.535","49.535","52.977","52.977","52.977","125.021","125.021","125.021","94.897","94.897","94.897"
"9690.956954478","35.551","35.551","35.551","37.918","37.918","37.918","108.652","108.652","108.652","170.073","170.073","170.073"
"9706.027813153","37.137","37.137","37.137","39.206","39.206","39.206","172.018","172.018","172.018","168.924","168.924","168.924"
"9721.030777895","48.648","48.648","48.648","47.366","47.366","47.366","200.999","200.999","200.999","109.019","109.019","109.019"
"9736.083294685","35.454","35.454","35.454","38.525","38.525","38.525","159.578","159.578","159.578","95.021","95.021","95.021"
"9751.203046573","35.462","35.462","35.462","39.996","39.996","39.996","80.487","80.487","80.487","102.542","102.542","102.542"
"9766.195705349","49.632","49.632","49.632","39.012","39.012","39.012","132.383","132.383","132.383","187.048","187.048","187.048"
"9781.433891151","35.766","35.766","35.766","40.884","40.884","40.884","166.032","166.032","166.032","115.057","115.057","115.057"
"9796.561945537","38.822","38.822","38.822","40.485","40.485","40.485","100.26","100.26","100.26","226.238","226.238","226.238"
"9811.56360951","36.265","36.265","36.265","38.72","38.72","38.72","100.448","100.448","100.448","200.254","200.254","200.254"
"9826.638670835","36.168","36.168","36.168","39.012","39.012","39.012","124.275","124.275","124.275","147.754","147.754","147.754"
"9841.506636871","37.144","37.144","37.144","41.383","41.383","41.383","174.941","174.941","174.941","116.094","116.094","116.094"
"9856.610296273","38.627","38.627","38.627","40.884","40.884","40.884","182.729","182.729","182.729","126.989","126.989","126.989"
"9871.61727974","35.268","35.268","35.268","37.723","37.723","37.723","160.7","160.7","160.7","127.663","127.663","127.663"
"9886.726352132","36.071","36.071","36.071","38.209","38.209","38.209","116.03","116.03","116.03","147.031","147.031","147.031"
"9901.828578747","36.362","36.362","36.362","38.808","38.808","38.808","126.21","126.21","126.21","228.84","228.84","228.84"
"9915.55564457","30.538","30.538","30.538","38.415","38.415","38.415","75.264","75.264","75.264","229.471","229.471","229.471"
"9930.545728989","43.727","43.727","43.727","43.038","43.038","43.038","157.635","157.635","157.635","82.926","82.926","82.926"
"9945.549486287","50.422","50.422","50.422","50.913","50.913","50.913","106.324","106.324","106.324","183.419","183.419","183.419"
"9960.555655518","49.73","49.73","49.73","53.559","53.559","53.559","75.264","75.264","75.264","246.662","246.662","246.662"
"9975.545471524","49.438","49.438","49.438","53.752","53.752","53.752","170.905","170.905","170.905","156.589","156.589","156.589"
"9990.548689079","37.727","37.727","37.727","45.604","45.604","45.604","95.739","95.739","95.739","233.65","233.65","233.65"
"10005.547637169","37.922","37.922","37.922","41.967","41.967","41.967","57.612","57.612","57.612","253.521","253.521","253.521"
"10020.544167536","40.195","40.195","40.195","43.719","43.719","43.719","81.348","81.348","81.348","90.304","90.304","90.304"
"10035.603843801","49.827","49.827","49.827","52.187","52.187","52.187","167.753","167.753","167.753","99.502","99.502","99.502"
"10050.814015271","44.036","44.036","44.036","40.376","40.376","40.376","225.771","225.771","225.771","88.89","88.89","88.89"
"10065.797191086","38.517","38.517","38.517","43.428","43.428","43.428","80.679","80.679","80.679","246.358","246.358","246.358"
"10080.860230207","48.066","48.066","48.066","38.015","38.015","38.015","226.338","226.338","226.338","256.343","256.343","256.343"
"10095.86949893","49.244","49.244","49.244","53.268","53.268","53.268","175.197","175.197","175.197","125.35","125.35","125.35"
"10110.917327579","35.657","35.657","35.657","38.209","38.209","38.209","192.875","192.875","192.875","218.738","218.738","218.738"
"10126.022981671","37.339","37.339","37.339","38.015","38.015","38.015","188.864","188.864","188.864","198.771","198.771","198.771"
"10141.048590043","50.325","50.325","50.325","46.976","46.976","46.976","124.385","124.385","124.385","97.333","97.333","97.333"
"10156.046847569","35.56","35.56","35.56","38.112","38.112","38.112","155.425","155.425","155.425","218.935","218.935","218.935"
"10171.079203263","49.827","49.827","49.827","36.945","36.945","36.945","168.624","168.624","168.624","228.749","228.749","228.749"
"10186.10669637","35.56","35.56","35.56","41.383","41.383","41.383","87.62","87.62","87.62","142.065","142.065","142.065"
"10201.095794239","50.629","50.629","50.629","37.625","37.625","37.625","117.846","117.846","117.846","236","236","236"
"10216.203665148","50.123","50.123","50.123","38.015","38.015","38.015","204.29","204.29","204.29","151.381","151.381","151.381"
"10231.028523289","40.694","40.694","40.694","37.722","37.722","37.722","210.561","210.561","210.561","230.976","230.976","230.976"
"10246.116643422","35.572","35.572","35.572","41.286","41.286","41.286","98.1","98.1","98.1","149.056","149.056","149.056"
"10261.225069071","42.954","42.954","42.954","41.179","41.179","41.179","204.098","204.098","204.098","167.654","167.654","167.654"
"10276.312463223","49.638","49.638","49.638","35.06","35.06","35.06","201.649","201.649","201.649","195.791","195.791","195.791"
"10291.168916019","49.043","49.043","49.043","39.692","39.692","39.692","195.51","195.51","195.51","173.473","173.473","173.473"
"10306.220597273","40.195","40.195","40.195","39.608","39.608","39.608","87.122","87.122","87.122","153.843","153.843","153.843"
"10321.29807497","35.56","35.56","35.56","41.276","41.276","41.276","198.088","198.088","198.088","205.801","205.801","205.801"
"10336.377216987","43.927","43.927","43.927","37.528","37.528","37.528","201.764","201.764","201.764","246.697","246.697","246.697"
"10351.339756103","35.669","35.669","35.669","41.189","41.189","41.189","93.281","93.281","93.281","99.489","99.489","99.489"
"10366.502363513","43.744","43.744","43.744","38.72","38.72","38.72","63.513","63.513","63.513","252.869","252.869","252.869"
"10381.583845348","38.019","38.019","38.019","41.761","41.761","41.761","201.669","201.669","201.669","110.442","110.442","110.442"
"10396.703230197","38.919","38.919","38.919","39.608","39.608","39.608","112.36","112.36","112.36","226.181","226.181","226.181"
"10411.844101257","39.016","39.016","39.016","38.623","38.623","38.623","85.104","85.104","85.104","223.16","223.16","223.16"
"10426.721825571","38.919","38.919","38.919","40.581","40.581","40.581","173.094","173.094","173.094","189.221","189.221","189.221"
"10441.814463125","38.323","38.323","38.323","41.859","41.859","41.859","88.008","88.008","88.008","133.036","133.036","133.036"
"10456.897740136","31.134","31.134","31.134","41.189","41.189","41.189","139.546","139.546","139.546","124.471","124.471","124.471"
"10471.78174096","35.974","35.974","35.974","40.678","40.678","40.678","92.923","92.923","92.923","106.934","106.934","106.934"
"10486.828053256","38.323","38.323","38.323","38.319","38.319","38.319","113.356","113.356","113.356","100.398","100.398","100.398"
"10501.85121486","38.913","38.913","38.913","41.577","41.577","41.577","152.721","152.721","152.721","105.824","105.824","105.824"
"10516.718750229","36.071","36.071","36.071","41.362","41.362","41.362","175.579","175.579","175.579","228.551","228.551","228.551"
"10531.856558024","36.256","36.256","36.256","41.069","41.069","41.069","142.205","142.205","142.205","214.426","214.426","214.426"
"10545.55315281","30.538","30.538","30.538","38.209","38.209","38.209","67.518","67.518","67.518","96.151","96.151","96.151"
"10560.553340253","30.939","30.939","30.939","38.209","38.209","38.209","69.221","69.221","69.221","265.648","265.648","265.648"
"10575.550120408","35.663","35.663","35.663","50.039","50.039","50.039","132.462","132.462","132.462","246.778","246.778","246.778"
"10590.545631273","36.451","36.451","36.451","53.879","53.879","53.879","94.953","94.953","94.953","263.596","263.596","263.596"
"10605.554464679","35.758","35.758","35.758","49.431","49.431","49.431","168.646","168.646","168.646","136.53","136.53","136.53"
"10620.547862171","49.827","49.827","49.827","38.112","38.112","38.112","69.093","69.093","69.093","91.259","91.259","91.259"
"10635.666416142","49.924","49.924","49.924","38.209","38.209","38.209","248.967","248.967","248.967","82.059","82.059","82.059"
"10650.670330965","47.761","47.761","47.761","47.56","47.56","47.56","101.937","101.937","101.937","234.525","234.525","234.525"
"10665.684114404","44.146","44.146","44.146","38.015","38.015","38.015","91.35","91.35","91.35","125.934","125.934","125.934"
"10680.77339314","47.864","47.864","47.864","38.015","38.015","38.015","123.643","123.643","123.643","182.623","182.623","182.623"
"10695.762661789","36.849","36.849","36.849","53.186","53.186","53.186","192.394","192.394","192.394","215.611","215.611","215.611"
"10710.774245082","35.454","35.454","35.454","51.314","51.314","51.314","80.292","80.292","80.292","69.482","69.482","69.482"
"10725.783126168","35.551","35.551","35.551","53.378","53.378","53.378","158.228","158.228","158.228","171.675","171.675","171.675"
"10740.813625853","49.929","49.929","49.929","37.917","37.917","37.917","182.753","182.753","182.753","134.41","134.41","134.41"
"10755.964266973","49.735","49.735","49.735","38.014","38.014","38.014","163.095","163.095","163.095","131.839","131.839","131.839"
"10770.918986887","35.463","35.463","35.463","53.976","53.976","53.976","85.006","85.006","85.006","167.992","167.992","167.992"
"10785.893403316","43.938","43.938","43.938","43.548","43.548","43.548","102.828","102.828","102.828","191.005","191.005","191.005"
"10801.035416648","46.692","46.692","46.692","42.151","42.151","42.151","106.821","106.821","106.821","205.303","205.303","205.303"
"10816.12221949","50.039","50.039","50.039","38.015","38.015","38.015","63.531","63.531","63.531","267.773","267.773","267.773"
"10831.187471081","35.56","35.56","35.56","38.623","38.623","38.623","155.283","155.283","155.283","93.932","93.932","93.932"
"10846.332283711","37.824","37.824","37.824","37.528","37.528","37.528","86.361","86.361","86.361","259.25","259.25","259.25"
"10861.155630369","40.195","40.195","40.195","41.091","41.091","41.091","146.155","146.155","146.155","243.176","243.176","243.176"
"10876.237200429","49.249","49.249","49.249","33.589","33.589","33.589","154.061","154.061","154.061","194.289","194.289","194.289"
"10891.36624383","49.443","49.443","49.443","41.179","41.179","41.179","218.025","218.025","218.025","122.801","122.801","122.801"
"10906.484323131","36.646","36.646","36.646","41.286","41.286","41.286","82.121","82.121","82.121","119.277","119.277","119.277"
"10921.55868811","38.919","38.919","38.919","33.597","33.597","33.597","186.574","186.574","186.574","176.48","176.48","176.48"
"10936.763783051","37.824","37.824","37.824","41.276","41.276","41.276","172.213","172.213","172.213","98.424","98.424","98.424"
"10950.561157836","30.331","30.331","30.331","53.186","53.186","53.186","174.299","174.299","174.299","107.346","107.346","107.346"
"10965.553174508","30.429","30.429","30.429","53.268","53.268","53.268","102.874","102.874","102.874","120.366","120.366","120.366"
"10980.553759217","34.186","34.186","34.186","54.642","54.642","54.642","113.452","113.452","113.452","252.103","252.103","252.103"
"10995.555378245","50.131","50.131","50.131","38.2","38.2","38.2","174.85","174.85","174.85","86.079","86.079","86.079"
"11010.551860962","49.54","49.54","49.54","38.014","38.014","38.014","83.443","83.443","83.443","234.547","234.547","234.547"
"11025.549459191","46.474","46.474","46.474","45.798","45.798","45.798","56.436","56.436","56.436","254.508","254.508","254.508"
"11040.549679667","35.551","35.551","35.551","51.12","51.12","51.12","164.505","164.505","164.505","172.781","172.781","172.781"
"11055.548462907","49.54","49.54","49.54","38.415","38.415","38.415","94.498","94.498","94.498","213.796","213.796","213.796"
"11070.642226403","37.727","37.727","37.727","53.268","53.268","53.268","240.427","240.427","240.427","66.069","66.069","66.069"
"11085.548391969","41.071","41.071","41.071","53.393","53.393","53.393","88.988","88.988","88.988","141.222","141.222","141.222"
"11100.547093367","35.454","35.454","35.454","51.023","51.023","51.023","75.469","75.469","75.469","119.748","119.748","119.748"
"11115.557249714","35.56","35.56","35.56","47.268","47.268","47.268","176.267","176.267","176.267","149.575","149.575","149.575"
"11130.551601996","39.697","39.697","39.697","38.221","38.221","38.221","102.229","102.229","102.229","161.961","161.961","161.961"
"11145.626919351","36.265","36.265","36.265","38.112","38.112","38.112","159.674","159.674","159.674","95.329","95.329","95.329"
"11160.659992311","41.758","41.758","41.758","53.186","53.186","53.186","197.963","197.963","197.963","220.198","220.198","220.198"
"11175.667827185","49.832","49.832","49.832","39.586","39.586","39.586","199.412","199.412","199.412","156.995","156.995","156.995"
"11190.718308529","35.551","35.551","35.551","53.365","53.365","53.365","202.516","202.516","202.516","150.227","150.227","150.227"
"11205.870238175","35.669","35.669","35.669","44.606","44.606","44.606","92.441","92.441","92.441","117.277","117.277","117.277"
"11220.920254597","39.21","39.21","39.21","52.992","52.992","52.992","151.458","151.458","151.458","110.351","110.351","110.351"
"11236.090170691","35.474","35.474","35.474","45.701","45.701","45.701","181.768","181.768","181.768","193.658","193.658","193.658"
"11251.251187117","35.463","35.463","35.463","42.952","42.952","42.952","223.199","223.199","223.199","213.2","213.2","213.2"
"11266.118618521","35.661","35.661","35.661","37.528","37.528","37.528","210.986","210.986","210.986","232.466","232.466","232.466"
"11281.244479534","35.268","35.268","35.268","37.528","37.528","37.528","106.052","106.052","106.052","113.242","113.242","113.242"
"11296.377099792","35.365","35.365","35.365","37.431","37.431","37.431","91.653","91.653","91.653","163.37","163.37","163.37"
"11311.432178697","38.919","38.919","38.919","37.431","37.431","37.431","56.911","56.911","56.911","68.097","68.097","68.097"
"11326.482273145","36.362","36.362","36.362","41.179","41.179","41.179","104.977","104.977","104.977","161.692","161.692","161.692"
"11341.730626162","39.107","39.107","39.107","36.349","36.349","36.349","191.631","191.631","191.631","202.348","202.348","202.348"
"11356.815755706","38.821","38.821","38.821","37.334","37.334","37.334","229.722","229.722","229.722","245.938","245.938","245.938"
"11370.554131318","30.331","30.331","30.331","53.089","53.089","53.089","243.354","243.354","243.354","82.368","82.368","82.368"
"11385.554780207","30.429","30.429","30.429","39.206","39.206","39.206","121.169","121.169","121.169","162.819","162.819","162.819"
"11400.556662729","49.637","49.637","49.637","41.286","41.286","41.286","75.774","75.774","75.774","136.081","136.081","136.081"
"11415.557777943","49.929","49.929","49.929","39.303","39.303","39.303","136.31","136.31","136.31","161.48","161.48","161.48"
"11430.550274656","49.443","49.443","49.443","41.47","41.47","41.47","199.813","199.813","199.813","263.446","263.446","263.446"
"11445.553615392","47.366","47.366","47.366","37.82","37.82","37.82","110.307","110.307","110.307","172.188","172.188","172.188"
"11460.551780514","37.542","37.542","37.542","39.109","39.109","39.109","115.32","115.32","115.32","207.16","207.16","207.16"
"11475.5568753","49.54","49.54","49.54","37.82","37.82","37.82","111.769","111.769","111.769","219.228","219.228","219.228"
"11490.555582568","43.732","43.732","43.732","37.917","37.917","37.917","99.372","99.372","99.372","183.104","183.104","183.104"
"11505.555294801","35.463","35.463","35.463","39.596","39.596","39.596","78.106","78.106","78.106","217.85","217.85","217.85"
"11520.594891244","35.56","35.56","35.56","43.05","43.05","43.05","254.225","254.225","254.225","59.979","59.979","59.979"
"11535.549726565","35.564","35.564","35.564","43.622","43.622","43.622","80.79","80.79","80.79","162.501","162.501","162.501"
"11550.547264931","42.152","42.152","42.152","53.475","53.475","53.475","73.314","73.314","73.314","117.3","117.3","117.3"
"11565.558379305","39.399","39.399","39.399","53.171","53.171","53.171","85.452","85.452","85.452","219.165","219.165","219.165"
"11580.666751253","40.281","40.281","40.281","53.572","53.572","53.572","171.856","171.856","171.856","215.767","215.767","215.767"
"11595.872039286","35.669","35.669","35.669","40.191","40.191","40.191","74.392","74.392","74.392","241.304","241.304","241.304"
"11611.116742769","43.149","43.149","43.149","38.513","38.513","38.513","89.679","89.679","89.679","149.448","149.448","149.448"
"11626.161951616","49.735","49.735","49.735","41.859","41.859","41.859","199.747","199.747","199.747","234.051","234.051","234.051"
"11641.227761343","38.919","38.919","38.919","40.971","40.971","40.971","128.166","128.166","128.166","216.092","216.092","216.092"
"11656.363948509","39.793","39.793","39.793","41.47","41.47","41.47","98.487","98.487","98.487","93.808","93.808","93.808"
"11671.579115036","41.873","41.873","41.873","47.365","47.365","47.365","125.864","125.864","125.864","137.15","137.15","137.15"
"11686.758681426","38.323","38.323","38.323","35.948","35.948","35.948","177.493","177.493","177.493","188.4","188.4","188.4"
"11701.868818885","37.152","37.152","37.152","38.623","38.623","38.623","89.899","89.899","89.899","122.993","122.993","122.993"
"11715.558686345","30.429","30.429","30.429","38.112","38.112","38.112","117.941","117.941","117.941","143.008","143.008","143.008"
"11730.547243861","30.338","30.338","30.338","46.381","46.381","46.381","74.053","74.053","74.053","101.448","101.448","101.448"
"11745.560750701","30.538","30.538","30.538","52.992","52.992","52.992","136.009","136.009","136.009","124.323","124.323","124.323"
"11760.553531135","31.717","31.717","31.717","45.299","45.299","45.299","166.984","166.984","166.984","205.76","205.76","205.76"
"11775.546030162","30.241","30.241","30.241","41.87","41.87","41.87","164.924","164.924","164.924","173.46","173.46","173.46"
"11791.800497716","37.93","37.93","37.93","40.386","40.386","40.386","173.128","173.128","173.128","193.309","193.309","193.309"
"11805.556728699","30.331","30.331","30.331","37.918","37.918","37.918","185.213","185.213","185.213","221.691","221.691","221.691"
"11820.55847228","31.426","31.426","31.426","42.735","42.735","42.735","190.699","190.699","190.699","140.202","140.202","140.202"
"11835.551754456","45.714","45.714","45.714","37.811","37.811","37.811","141.42","141.42","141.42","86.769","86.769","86.769"
"11850.549937311","35.572","35.572","35.572","38.015","38.015","38.015","86.652","86.652","86.652","165.601","165.601","165.601"
"11865.552828625","35.365","35.365","35.365","37.917","37.917","37.917","159.674","159.674","159.674","254.204","254.204","254.204"
"11880.548961756","46.697","46.697","46.697","38.808","38.808","38.808","74.8","74.8","74.8","245.35","245.35","245.35"
"11895.556945059","50.026","50.026","50.026","49.14","49.14","49.14","89.872","89.872","89.872","240.065","240.065","240.065"
"11910.549817155","35.572","35.572","35.572","37.917","37.917","37.917","265.83","265.83","265.83","59.997","59.997","59.997"
"11925.550658716","41.678","41.678","41.678","52.105","52.105","52.105","122.206","122.206","122.206","95.673","95.673","95.673"
"11940.549396531","49.832","49.832","49.832","51.704","51.704","51.704","80.389","80.389","80.389","206.461","206.461","206.461"
"11955.553016862","35.572","35.572","35.572","37.82","37.82","37.82","94.565","94.565","94.565","184.895","184.895","184.895"
"11970.556042498","49.535","49.535","49.535","47.074","47.074","47.074","117.444","117.444","117.444","101.367","101.367","101.367"
"11985.546980057","49.929","49.929","49.929","48.75","48.75","48.75","191.617","191.617","191.617","234.489","234.489","234.489"
"12000.554802238","39.502","39.502","39.502","38.209","38.209","38.209","88.722","88.722","88.722","109.068","109.068","109.068"
"12015.5471177","50.026","50.026","50.026","53.074","53.074","53.074","224.089","224.089","224.089","246.806","246.806","246.806"
"12030.544142373","44.328","44.328","44.328","39.099","39.099","39.099","198.647","198.647","198.647","88.746","88.746","88.746"
"12045.550492183","35.973","35.973","35.973","38.112","38.112","38.112","149.113","149.113","149.113","102.912","102.912","102.912"
"12060.58144102","35.572","35.572","35.572","38.209","38.209","38.209","160.377","160.377","160.377","101.38","101.38","101.38"
"12075.699474104","35.758","35.758","35.758","38.209","38.209","38.209","133.514","133.514","133.514","112.327","112.327","112.327"
"12090.8185691","35.855","35.855","35.855","38.112","38.112","38.112","165.864","165.864","165.864","230.428","230.428","230.428"
"12105.79460713","49.942","49.942","49.942","50.926","50.926","50.926","109.832","109.832","109.832","147.175","147.175","147.175"
"12120.807584316","36.459","36.459","36.459","39.596","39.596","39.596","88.135","88.135","88.135","99.405","99.405","99.405"
"12135.952169371","35.661","35.661","35.661","38.318","38.318","38.318","129.432","129.432","129.432","170.642","170.642","170.642"
"12151.082737911","35.758","35.758","35.758","41.383","41.383","41.383","163.212","163.212","163.212","174.061","174.061","174.061"
"12166.221130654","35.758","35.758","35.758","41.48","41.48","41.48","64.192","64.192","64.192","246.792","246.792","246.792"
"12181.347904489","41.872","41.872","41.872","41.373","41.373","41.373","82.121","82.121","82.121","242.071","242.071","242.071"
"12196.561083909","34.186","34.186","34.186","36.349","36.349","36.349","80.558","80.558","80.558","122.898","122.898","122.898"
"12211.783591671","39.016","39.016","39.016","41.373","41.373","41.373","237.726","237.726","237.726","242.563","242.563","242.563"
"12225.55876801","30.538","30.538","30.538","38.513","38.513","38.513","68.433","68.433","68.433","263.798","263.798","263.798"
"12240.554728909","40.098","40.098","40.098","39.002","39.002","39.002","79.299","79.299","79.299","184.021","184.021","184.021"
"12255.551140442","35.365","35.365","35.365","38.112","38.112","38.112","198.075","198.075","198.075","245.037","245.037","245.037"
"12270.556937996","49.929","49.929","49.929","53.365","53.365","53.365","147.725","147.725","147.725","115.808","115.808","115.808"
"12285.555997755","50.131","50.131","50.131","52.977","52.977","52.977","130.317","130.317","130.317","85.195","85.195","85.195"
"12300.645778993","49.438","49.438","49.438","49.431","49.431","49.431","202.222","202.222","202.222","271.415","271.415","271.415"
"12315.924153425","39.016","39.016","39.016","39.012","39.012","39.012","219.722","219.722","219.722","264.369","264.369","264.369"
"12331.224172444","37.533","37.533","37.533","38.015","38.015","38.015","73.314","73.314","73.314","210.514","210.514","210.514"
"12346.599700285","38.614","38.614","38.614","41.286","41.286","41.286","262.133","262.133","262.133","260.838","260.838","260.838"
"12360.567195916","30.538","30.538","30.538","44.813","44.813","44.813","170.321","170.321","170.321","141.67","141.67","141.67"
"12375.551946684","33.894","33.894","33.894","53.074","53.074","53.074","242.287","242.287","242.287","209.833","209.833","209.833"
"12390.548526533","35.572","35.572","35.572","38.014","38.014","38.014","222.025","222.025","222.025","60.708","60.708","60.708"
"12405.54654529","51.406","51.406","51.406","49.638","49.638","49.638","57.224","57.224","57.224","170.613","170.613","170.613"
"12420.545442905","50.123","50.123","50.123","51.591","51.591","51.591","167.865","167.865","167.865","210.362","210.362","210.362"
"12435.550747234","35.463","35.463","35.463","38.209","38.209","38.209","86.257","86.257","86.257","123.488","123.488","123.488"
"12450.829846054","49.638","49.638","49.638","52.88","52.88","52.88","249.062","249.062","249.062","87.319","87.319","87.319"
"12466.046487296","37.132","37.132","37.132","38.112","38.112","38.112","74.876","74.876","74.876","107.829","107.829","107.829"
"12481.223484589","43.063","43.063","43.063","41.189","41.189","41.189","241.253","241.253","241.253","247.574","247.574","247.574"
"12496.389104737","50.33","50.33","50.33","38.526","38.526","38.526","182.668","182.668","182.668","192.399","192.399","192.399"
"12511.422703764","36.654","36.654","36.654","41.286","41.286","41.286","184.332","184.332","184.332","236.996","236.996","236.996"
"12526.680418816","38.724","38.724","38.724","40.787","40.787","40.787","107.527","107.527","107.527","229.35","229.35","229.35"
"12541.660898434","36.549","36.549","36.549","41.179","41.179","41.179","195.354","195.354","195.354","164.262","164.262","164.262"
"12556.731025046","38.712","38.712","38.712","40.884","40.884","40.884","180.089","180.089","180.089","97.566","97.566","97.566"
"12571.855330612","38.724","38.724","38.724","40.981","40.981","40.981","202.961","202.961","202.961","230.1","230.1","230.1"
"12585.548269632","30.44","30.44","30.44","53.587","53.587","53.587","213.32","213.32","213.32","91.886","91.886","91.886"
"12600.557288286","30.842","30.842","30.842","53.572","53.572","53.572","93.541","93.541","93.541","250.717","250.717","250.717"
"12615.553555469","50.131","50.131","50.131","48.848","48.848","48.848","91.502","91.502","91.502","254.793","254.793","254.793"
"12630.558313253","30.647","30.647","30.647","41.577","41.577","41.577","77.736","77.736","77.736","87.449","87.449","87.449"
"12645.561852572","30.538","30.538","30.538","38.209","38.209","38.209","207.706","207.706","207.706","244.12","244.12","244.12"
"12660.56018093","30.44","30.44","30.44","38.112","38.112","38.112","164.793","164.793","164.793","112.152","112.152","112.152"
"12675.552274447","30.636","30.636","30.636","49.444","49.444","49.444","56.295","56.295","56.295","60.368","60.368","60.368"
"12690.558755452","50.131","50.131","50.131","53.475","53.475","53.475","164.047","164.047","164.047","137.496","137.496","137.496"
"12705.552695661","49.832","49.832","49.832","53.572","53.572","53.572","106.452","106.452","106.452","139.229","139.229","139.229"
"12720.554833723","37.238","37.238","37.238","39.802","39.802","39.802","141.761","141.761","141.761","101.077","101.077","101.077"
"12735.550699673","46.79","46.79","46.79","53.879","53.879","53.879","206.251","206.251","206.251","97.994","97.994","97.994"
"12750.706600697","50.136","50.136","50.136","53.268","53.268","53.268","57.916","57.916","57.916","251.191","251.191","251.191"
"12765.55731355","42.261","42.261","42.261","40.191","40.191","40.191","98.197","98.197","98.197","193.984","193.984","193.984"
"12780.558794139","35.661","35.661","35.661","38.209","38.209","38.209","123.969","123.969","123.969","89.425","89.425","89.425"
"12795.55594561","47.572","47.572","47.572","53.655","53.655","53.655","97.313","97.313","97.313","138.676","138.676","138.676"
"12810.556379586","46.296","46.296","46.296","46.477","46.477","46.477","121.377","121.377","121.377","183.81","183.81","183.81"
"12825.553241013","39.307","39.307","39.307","41.847","41.847","41.847","199.133","199.133","199.133","231.856","231.856","231.856"
"12840.549308932","49.73","49.73","49.73","53.365","53.365","53.365","211.433","211.433","211.433","210.069","210.069","210.069"
"12855.55129549","47.669","47.669","47.669","50.926","50.926","50.926","158.021","158.021","158.021","240.007","240.007","240.007"
"12870.551186408","49.735","49.735","49.735","53.657","53.657","53.657","80.28","80.28","80.28","155.261","155.261","155.261"
"12885.548632201","48.94","48.94","48.94","45.992","45.992","45.992","246.799","246.799","246.799","80.53","80.53","80.53"
"12900.549735181","39.21","39.21","39.21","39.196","39.196","39.196","247.598","247.598","247.598","92.135","92.135","92.135"
"12915.547954635","45.799","45.799","45.799","42.334","42.334","42.334","75.07","75.07","75.07","244.91","244.91","244.91"
"12930.547472543","49.832","49.832","49.832","53.365","53.365","53.365","197.146","197.146","197.146","225.038","225.038","225.038"
"12945.631290428","46.09","46.09","46.09","43.622","43.622","43.622","239.176","239.176","239.176","198.919","198.919","198.919"
"12960.650201973","50.039","50.039","50.039","52.992","52.992","52.992","184.732","184.732","184.732","203.163","203.163","203.163"
"12975.676307278","35.365","35.365","35.365","37.917","37.917","37.917","185.137","185.137","185.137","157.429","157.429","157.429"
"12990.790975302","37.143","37.143","37.143","38.014","38.014","38.014","191.791","191.791","191.791","220.412","220.412","220.412"
"13005.926141965","35.572","35.572","35.572","38.112","38.112","38.112","81.537","81.537","81.537","236.646","236.646","236.646"
"13020.902938357","50.034","50.034","50.034","53.268","53.268","53.268","178.907","178.907","178.907","118.508","118.508","118.508"
"13035.974340861","35.669","35.669","35.669","38.513","38.513","38.513","135.126","135.126","135.126","218.56","218.56","218.56"
"13051.070481363","36.653","36.653","36.653","41.286","41.286","41.286","146.47","146.47","146.47","103.827","103.827","103.827"
"13066.103906995","43.344","43.344","43.344","44.813","44.813","44.813","137.391","137.391","137.391","92.91","92.91","92.91"
"13081.135224032","47.378","47.378","47.378","41.373","41.373","41.373","212.321","212.321","212.321","158.555","158.555","158.555"
"13096.29107969","49.346","49.346","49.346","38.623","38.623","38.623","88.601","88.601","88.601","171.154","171.154","171.154"
"13111.366146416","48.362","48.362","48.362","39.402","39.402","39.402","87.316","87.316","87.316","199.584","199.584","199.584"
"13126.462772078","36.848","36.848","36.848","39.304","39.304","39.304","227.709","227.709","227.709","104.911","104.911","104.911"
"13141.532249242","40.584","40.584","40.584","40.58","40.58","40.58","210.19","210.19","210.19","151.338","151.338","151.338"
"13156.61543406","41.375","41.375","41.375","41.859","41.859","41.859","145.191","145.191","145.191","86.673","86.673","86.673"
"13171.58740871","38.627","38.627","38.627","40.386","40.386","40.386","214.965","214.965","214.965","124.39","124.39","124.39"
"13186.532710073","39.696","39.696","39.696","38.015","38.015","38.015","56.911","56.911","56.911","68.02","68.02","68.02"
"13201.612798996","38.821","38.821","38.821","41.081","41.081","41.081","182.692","182.692","182.692","130.576","130.576","130.576"
"13216.745409315","38.627","38.627","38.627","41.276","41.276","41.276","206.031","206.031","206.031","197.484","197.484","197.484"
"13231.842960603","39.016","39.016","39.016","41.276","41.276","41.276","93.408","93.408","93.408","189.919","189.919","189.919"
"13246.762535535","38.821","38.821","38.821","41.276","41.276","41.276","212.055","212.055","212.055","211.499","211.499","211.499"
"13260.550736217","30.939","30.939","30.939","49.042","49.042","49.042","221.949","221.949","221.949","250.696","250.696","250.696"
"13276.849837826","36.353","36.353","36.353","39.206","39.206","39.206","174.109","174.109","174.109","166.179","166.179","166.179"
"13290.561728363","30.63","30.63","30.63","38.112","38.112","38.112","105.505","105.505","105.505","101.574","101.574","101.574"
"13305.556902316","30.842","30.842","30.842","49.042","49.042","49.042","175.744","175.744","175.744","114.436","114.436","114.436"
"13320.550839871","30.44","30.44","30.44","38.209","38.209","38.209","147.691","147.691","147.691","240.595","240.595","240.595"
"13335.554177431","30.636","30.636","30.636","51.12","51.12","51.12","86.555","86.555","86.555","206.275","206.275","206.275"
"13350.552720302","31.037","31.037","31.037","52.394","52.394","52.394","220.06","220.06","220.06","60.062","60.062","60.062"
"13365.557476022","30.726","30.726","30.726","38.006","38.006","38.006","152.72","152.72","152.72","83.035","83.035","83.035"
"13380.551511029","35.454","35.454","35.454","38.292","38.292","38.292","111.61","111.61","111.61","231.351","231.351","231.351"
"13395.552047086","40.791","40.791","40.791","38.015","38.015","38.015","78.717","78.717","78.717","120.233","120.233","120.233"
"13410.549523827","35.56","35.56","35.56","38.306","38.306","38.306","167.272","167.272","167.272","122.156","122.156","122.156"
"13425.54717755","47.761","47.761","47.761","45.991","45.991","45.991","146.972","146.972","146.972","111.844","111.844","111.844"
"13440.552009243","43.538","43.538","43.538","44.899","44.899","44.899","75.052","75.052","75.052","93.627","93.627","93.627"
"13455.549198374","35.463","35.463","35.463","38.015","38.015","38.015","140.963","140.963","140.963","177.094","177.094","177.094"
"13470.545015112","38.919","38.919","38.919","38.112","38.112","38.112","139.028","139.028","139.028","152.94","152.94","152.94"
"13485.545794516","35.572","35.572","35.572","41.265","41.265","41.265","178.358","178.358","178.358","243.009","243.009","243.009"
"13500.549542016","50.118","50.118","50.118","52.992","52.992","52.992","87.656","87.656","87.656","143.362","143.362","143.362"
"13515.584082798","36.353","36.353","36.353","39.109","39.109","39.109","77.833","77.833","77.833","151.448","151.448","151.448"
"13530.69189654","35.463","35.463","35.463","38.015","38.015","38.015","181.584","181.584","181.584","153.594","153.594","153.594"
"13545.762341148","37.63","37.63","37.63","38.209","38.209","38.209","109.759","109.759","109.759","140.591","140.591","140.591"
"13560.706240131","38.226","38.226","38.226","39.304","39.304","39.304","137.191","137.191","137.191","100.689","100.689","100.689"
"13575.739506765","50.039","50.039","50.039","48.75","48.75","48.75","209.366","209.366","209.366","188.646","188.646","188.646"
"13590.791068223","49.735","49.735","49.735","53.074","53.074","53.074","215.541","215.541","215.541","152.115","152.115","152.115"
"13605.810776121","37.63","37.63","37.63","38.014","38.014","38.014","101.345","101.345","101.345","105.871","105.871","105.871"
"13620.739603904","50.026","50.026","50.026","52.701","52.701","52.701","99.614","99.614","99.614","67.522","67.522","67.522"
"13635.749465919","50.123","50.123","50.123","52.977","52.977","52.977","203.653","203.653","203.653","165.267","165.267","165.267"
"13650.638277404","49.637","49.637","49.637","53.089","53.089","53.089","212.705","212.705","212.705","217.542","217.542","217.542"
"13665.76557434","49.735","49.735","49.735","53.171","53.171","53.171","146.135","146.135","146.135","205.446","205.446","205.446"
"13680.905424626","49.832","49.832","49.832","53.378","53.378","53.378","128.456","128.456","128.456","199.935","199.935","199.935"
"13695.940540967","35.56","35.56","35.56","39.012","39.012","39.012","175.897","175.897","175.897","233.25","233.25","233.25"
"13710.873841357","39.696","39.696","39.696","42.844","42.844","42.844","91.763","91.763","91.763","177.859","177.859","177.859"
"13725.781224096","41.867","41.867","41.867","41.859","41.859","41.859","215.476","215.476","215.476","238.288","238.288","238.288"
"13740.859844806","35.56","35.56","35.56","38.221","38.221","38.221","87.813","87.813","87.813","230.11","230.11","230.11"
"13755.882779915","50.034","50.034","50.034","53.074","53.074","53.074","145.349","145.349","145.349","208.814","208.814","208.814"
"13770.974558708","49.633","49.633","49.633","53.378","53.378","53.378","191.175","191.175","191.175","184.059","184.059","184.059"
"13786.21653111","35.56","35.56","35.56","40.182","40.182","40.182","72.914","72.914","72.914","77.443","77.443","77.443"
"13801.489199623","49.444","49.444","49.444","44.995","44.995","44.995","210.999","210.999","210.999","78.62","78.62","78.62"
"13816.607912993","35.463","35.463","35.463","49.443","49.443","49.443","169.813","169.813","169.813","100.883","100.883","100.883"
"13831.780510906","39.015","39.015","39.015","40.787","40.787","40.787","210.945","210.945","210.945","144.484","144.484","144.484"
"13845.563796591","30.733","30.733","30.733","39.996","39.996","39.996","99.393","99.393","99.393","207.676","207.676","207.676"
"13860.551364532","30.331","30.331","30.331","51.023","51.023","51.023","128.319","128.319","128.319","138.818","138.818","138.818"
"13876.9065563","30.745","30.745","30.745","41.069","41.069","41.069","103.832","103.832","103.832","112.023","112.023","112.023"
"13890.556910967","30.636","30.636","30.636","45.507","45.507","45.507","190.684","190.684","190.684","149.734","149.734","149.734"
"13906.879317407","30.842","30.842","30.842","45.797","45.797","45.797","108.525","108.525","108.525","102.554","102.554","102.554"
"13920.549884235","30.429","30.429","30.429","38.112","38.112","38.112","85.504","85.504","85.504","98.908","98.908","98.908"
"13935.558963062","30.939","30.939","30.939","45.604","45.604","45.604","200.867","200.867","200.867","148.796","148.796","148.796"
"13950.551891745","30.842","30.842","30.842","53.685","53.685","53.685","56.642","56.642","56.642","253.215","253.215","253.215"
"13965.553232","30.331","30.331","30.331","41.772","41.772","41.772","85.186","85.186","85.186","144.235","144.235","144.235"
"13981.89726247","41.483","41.483","41.483","41.176","41.176","41.176","92.142","92.142","92.142","142.429","142.429","142.429"
"13995.549456285","30.44","30.44","30.44","38.513","38.513","38.513","94.485","94.485","94.485","205.867","205.867","205.867"
"14010.548587579","30.44","30.44","30.44","51.12","51.12","51.12","87.937","87.937","87.937","221.911","221.911","221.911"
"14025.557863786","30.744","30.744","30.744","53.089","53.089","53.089","196.621","196.621","196.621","124.033","124.033","124.033"
"14040.54959889","47.378","47.378","47.378","48.653","48.653","48.653","128.747","128.747","128.747","109.005","109.005","109.005"
"14055.549521176","30.538","30.538","30.538","53.283","53.283","53.283","96.234","96.234","96.234","89.522","89.522","89.522"
"14070.556276286","30.343","30.343","30.343","43.244","43.244","43.244","108.78","108.78","108.78","100.689","100.689","100.689"
"14085.557577058","30.647","30.647","30.647","52.299","52.299","52.299","105.829","105.829","105.829","174.334","174.334","174.334"
"14100.562630266","30.234","30.234","30.234","38.319","38.319","38.319","113.518","113.518","113.518","83.143","83.143","83.143"
"14115.550926351","43.732","43.732","43.732","39.401","39.401","39.401","215.79","215.79","215.79","235.44","235.44","235.44"
"14130.55059374","30.429","30.429","30.429","39.498","39.498","39.498","154.74","154.74","154.74","170.698","170.698","170.698"
"14145.549943153","49.832","49.832","49.832","53.283","53.283","53.283","119.691","119.691","119.691","181.547","181.547","181.547"
"14160.552429207","50.021","50.021","50.021","52.992","52.992","52.992","104.285","104.285","104.285","192.162","192.162","192.162"
"14175.551246611","40.292","40.292","40.292","42.757","42.757","42.757","184.12","184.12","184.12","105.693","105.693","105.693"
"14190.554803935","35.356","35.356","35.356","38.015","38.015","38.015","185.446","185.446","185.446","90.904","90.904","90.904"
"14205.557913578","35.463","35.463","35.463","38.112","38.112","38.112","213.358","213.358","213.358","172.002","172.002","172.002"
"14220.558371439","35.462","35.462","35.462","38.112","38.112","38.112","167.739","167.739","167.739","144.474","144.474","144.474"
"14235.551794639","46.577","46.577","46.577","43.331","43.331","43.331","102.615","102.615","102.615","210.623","210.623","210.623"
"14250.554389026","49.54","49.54","49.54","52.992","52.992","52.992","196.781","196.781","196.781","171.022","171.022","171.022"
"14265.562526558","35.365","35.365","35.365","38.914","38.914","38.914","204.862","204.862","204.862","174.701","174.701","174.701"
"14280.55137021","35.366","35.366","35.366","40.58","40.58","40.58","196.776","196.776","196.776","87.06","87.06","87.06"
"14295.553669755","37.241","37.241","37.241","37.82","37.82","37.82","147.108","147.108","147.108","227.081","227.081","227.081"
"14310.551089429","44.231","44.231","44.231","37.917","37.917","37.917","176.898","176.898","176.898","139.75","139.75","139.75"
"14325.553207032","43.344","43.344","43.344","49.334","49.334","49.334","126.73","126.73","126.73","211.344","211.344","211.344"
"14340.545788994","49.638","49.638","49.638","53.283","53.283","53.283","171.003","171.003","171.003","239.128","239.128","239.128"
"14355.554064675","47.669","47.669","47.669","39.498","39.498","39.498","205.973","205.973","205.973","141.331","141.331","141.331"
"14370.549658235","46.102","46.102","46.102","49.237","49.237","49.237","78.681","78.681","78.681","198.424","198.424","198.424"
"14385.546420967","35.572","35.572","35.572","42.941","42.941","42.941","230.818","230.818","230.818","78.716","78.716","78.716"
"14400.546691787","35.56","35.56","35.56","38.415","38.415","38.415","185.746","185.746","185.746","165.363","165.363","165.363"
"14415.548165012","50.034","50.034","50.034","53.669","53.669","53.669","196.709","196.709","196.709","234.454","234.454","234.454"
"14430.622509673","50.136","50.136","50.136","41.945","41.945","41.945","93.021","93.021","93.021","189.263","189.263","189.263"
"14445.611944835","35.758","35.758","35.758","43.537","43.537","43.537","81.08","81.08","81.08","213.356","213.356","213.356"
"14460.547997936","40.888","40.888","40.888","38.221","38.221","38.221","80.39","80.39","80.39","217.067","217.067","217.067"
"14475.546020781","49.929","49.929","49.929","39.792","39.792","39.792","206.234","206.234","206.234","101.864","101.864","101.864"
"14490.584828023","48.653","48.653","48.653","53.843","53.843","53.843","210.092","210.092","210.092","121.722","121.722","121.722"
"14505.61670503","41.084","41.084","41.084","38.015","38.015","38.015","160.004","160.004","160.004","234.373","234.373","234.373"
"14520.666585858","49.443","49.443","49.443","53.268","53.268","53.268","188.576","188.576","188.576","253.196","253.196","253.196"
"14535.602663555","50.026","50.026","50.026","50.913","50.913","50.913","176.979","176.979","176.979","176.821","176.821","176.821"
"14550.611039925","38.507","38.507","38.507","45.3","45.3","45.3","190.991","190.991","190.991","123.484","123.484","123.484"
"14565.818330082","50.026","50.026","50.026","50.719","50.719","50.719","191.853","191.853","191.853","122.756","122.756","122.756"
"14580.91933215","50.616","50.616","50.616","53.378","53.378","53.378","93.073","93.073","93.073","155.569","155.569","155.569"
"14595.953120852","35.463","35.463","35.463","41.956","41.956","41.956","155.364","155.364","155.364","147.856","147.856","147.856"
"14611.067176919","35.56","35.56","35.56","38.623","38.623","38.623","153.027","153.027","153.027","228.567","228.567","228.567"
"14625.96463636","35.463","35.463","35.463","39.304","39.304","39.304","117.457","117.457","117.457","123.688","123.688","123.688"
"14640.943878308","47.567","47.567","47.567","51.689","51.689","51.689","173.402","173.402","173.402","216.337","216.337","216.337"
"14656.035291486","40.596","40.596","40.596","41.383","41.383","41.383","188.828","188.828","188.828","159.479","159.479","159.479"
"14671.120254779","35.463","35.463","35.463","41.286","41.286","41.286","115.233","115.233","115.233","221.691","221.691","221.691"
"14686.090103473","49.237","49.237","49.237","38.613","38.613","38.613","77.736","77.736","77.736","120.827","120.827","120.827"
"14701.374007704","37.152","37.152","37.152","41.189","41.189","41.189","166.531","166.531","166.531","155.268","155.268","155.268"
"14716.494986482","39.113","39.113","39.113","41.189","41.189","41.189","237.514","237.514","237.514","81.774","81.774","81.774"
"14731.584878798","38.919","38.919","38.919","41.079","41.079","41.079","120.346","120.346","120.346","92.355","92.355","92.355"
"14746.698589277","38.919","38.919","38.919","41.383","41.383","41.383","96.513","96.513","96.513","255.336","255.336","255.336"
"14761.633989825","38.919","38.919","38.919","41.276","41.276","41.276","141.512","141.512","141.512","162.476","162.476","162.476"
"14776.678706719","35.268","35.268","35.268","41.276","41.276","41.276","193.485","193.485","193.485","226.762","226.762","226.762"
"14791.6220286","33.505","33.505","33.505","41.373","41.373","41.373","88.104","88.104","88.104","101.991","101.991","101.991"
"14806.572584576","37.339","37.339","37.339","38.721","38.721","38.721","113.125","113.125","113.125","68.195","68.195","68.195"
"14821.662754132","39.113","39.113","39.113","41.286","41.286","41.286","160.822","160.822","160.822","183.978","183.978","183.978"
"14836.750048156","35.268","35.268","35.268","41.189","41.189","41.189","192.385","192.385","192.385","202.925","202.925","202.925"
"14851.738371723","38.226","38.226","38.226","38.623","38.623","38.623","87.439","87.439","87.439","95.894","95.894","95.894"