entity,project,run_id,run_name,created_at,state,tags,url,param_bf16,param_fp16,param_fsdp,param_seed,param_tf32,param_debug,param_optim,param_top_k,param_top_p,param_prefix,param_do_eval,param_no_cuda,param_packing,param_tp_size,param_use_cpu,param_do_train,param_id2label,param_label2id,param_run_name,param_use_ipex,param_adafactor,param_data_seed,param_deepspeed,param_do_sample,param_hub_token,param_log_level,param_max_steps,param_num_beams,param_ray_scope,param_report_to,param_typical_p,param_use_liger,param_adam_beta1,param_adam_beta2,param_do_predict,param_eval_delay,param_eval_steps,param_is_decoder,param_local_rank,param_max_length,param_min_length,param_model_type,param_optim_args,param_output_dir,param_past_index,param_save_steps,param_ddp_backend,param_ddp_timeout,param_fsdp_config,param_label_names,param_logging_dir,param_push_to_hub,param_return_dict,param_temperature,param_text_config,param_torch_dtype,param_torchdynamo,param_torchscript,param_adam_epsilon,param_bos_token_id,param_disable_tqdm,param_eos_token_id,param_eval_packing,param_fp16_backend,param_hub_model_id,param_hub_strategy,param_pad_token_id,param_problem_type,param_sep_token_id,param_use_bfloat16,param_warmup_ratio,param_warmup_steps,param_weight_decay,param_architectures,param_bad_words_ids,param_eval_on_start,param_eval_strategy,param_jit_mode_eval,param_learning_rate,param_logging_steps,param_max_grad_norm,param_mp_parameters,param_output_scores,param_save_strategy,param_torch_compile,param_tpu_num_cores,param_unsloth_fixed,param_vision_config,param_bf16_full_eval,param_dataset_kwargs,param_early_stopping,param_fp16_full_eval,param_fp16_opt_level,param_length_penalty,param_max_seq_length,param_tf_legacy_loss,param_use_mps_device,param_boi_token_index,param_chars_per_token,param_eoi_token_index,param_finetuning_task,param_group_by_length,param_hub_always_push,param_num_beam_groups,param_save_only_model,param_suppress_tokens,param_tokenizer_class,param_unsloth_version,param_dataset_num_proc,param_full_determinism,param_hub_private_repo,param_ignore_data_skip,param_log_on_each_node,param_logging_strategy,param_num_of_sequences,param_num_train_epochs,param_save_safetensors,param_save_total_limit,param_use_liger_kernel,param_ddp_bucket_cap_mb,param_diversity_penalty,param_greater_is_better,param_image_token_index,param_initializer_range,param_log_level_replica,param_lr_scheduler_type,param_model_init_kwargs,param_output_attentions,param_push_to_hub_token,param_save_on_each_node,param_tpu_metrics_debug,param_accelerator_config,param_batch_eval_metrics,param_dataset_batch_size,param_dataset_text_field,param_is_encoder_decoder,param_length_column_name,param_logging_first_step,param_repetition_penalty,param_torch_compile_mode,param_unsloth_num_chunks,param_add_cross_attention,param_forced_bos_token_id,param_forced_eos_token_id,param_fsdp_min_num_params,param_include_for_metrics,param_mm_tokens_per_image,param_neftune_noise_alpha,param_skip_memory_metrics,param_tie_encoder_decoder,param_tie_word_embeddings,param_auto_find_batch_size,param_dataloader_drop_last,param_model/num_parameters,param_no_repeat_ngram_size,param_num_return_sequences,param_optim_target_modules,param_output_hidden_states,param_overwrite_output_dir,param_prediction_loss_only,param_push_to_hub_model_id,param_task_specific_params,param_transformers_version,param_vllm_sampling_params,param_begin_suppress_tokens,param_dataloader_pin_memory,param_ddp_broadcast_buffers,param_metric_for_best_model,param_remove_invalid_values,param_remove_unused_columns,param_torch_compile_backend,param_dataloader_num_workers,param_decoder_start_token_id,param_eval_do_concat_batches,param_eval_use_gather_object,param_gradient_checkpointing,param_half_precision_backend,param_label_smoothing_factor,param_load_best_model_at_end,param_logging_nan_inf_filter,param_resume_from_checkpoint,param_chunk_size_feed_forward,param_eval_accumulation_steps,param_per_gpu_eval_batch_size,param_return_dict_in_generate,param_torch_empty_cache_steps,param_per_gpu_train_batch_size,param_push_to_hub_organization,param_include_tokens_per_second,param_dataloader_prefetch_factor,param_ddp_find_unused_parameters,param_include_inputs_for_metrics,param_per_device_eval_batch_size,param_use_legacy_prediction_loop,param_cross_attention_hidden_size,param_gradient_accumulation_steps,param_per_device_train_batch_size,param_encoder_no_repeat_ngram_size,param_average_tokens_across_devices,param_dataloader_persistent_workers,param_gradient_checkpointing_kwargs,param_include_num_input_tokens_seen,param_exponential_decay_length_penalty,param_fsdp_transformer_layer_cls_to_wrap,param_restore_callback_states_from_checkpoint,metric__wandb,param_split_batches,param_dispatch_batches,param_evaluation_strategy,metric__runtime,metric__step,metric__timestamp,metric_train/epoch,metric_train/global_step,metric_train/grad_norm,metric_train/learning_rate,metric_train/loss,param_peft_config,param_quantization_config,param_head_dim,param_mlp_bias,param_use_cache,param_hidden_act,param_rope_theta,param_vocab_size,param_hidden_size,param_rms_norm_eps,param_rope_scaling,param_attention_bias,param_pretraining_tp,param_attention_dropout,param_intermediate_size,param_num_hidden_layers,param_num_attention_heads,param_num_key_value_heads,param_max_position_embeddings,metric_eval/loss,metric_eval/runtime,metric_eval/samples_per_second,metric_eval/steps_per_second,param_pad_token,param_padding_free,metric_total_flos,metric_train_loss,metric_train_runtime,metric_train_samples_per_second,metric_train_steps_per_second,param_original_max_position_embeddings,param_sharded_ddp,param_xpu_backend,param_norm_rel_ebd,param_pos_att_type,param_share_att_key,param_layer_norm_eps,param_pooler_dropout,param_eval_batch_size,param_type_vocab_size,param_position_buckets,param_train_batch_size,param_pooler_hidden_act,param_pooler_hidden_size,param_relative_attention,param_hidden_dropout_prob,param_position_biased_input,param_max_relative_positions,param_attention_probs_dropout_prob,metric_eval/accuracy,metric_eval/accuracy_balanced,metric_eval/f1_macro,metric_eval/f1_micro,metric_eval/precision_macro,metric_eval/precision_micro,metric_eval/recall_macro,metric_eval/recall_micro,metric_train/total_flos,metric_train/train_loss,metric_train/train_runtime,metric_train/train_samples_per_second,metric_train/train_steps_per_second,param_sliding_window,param_hidden_activation,param_cache_implementation,param_rope_local_base_freq,param_query_pre_attn_scalar,param_attn_logit_softcapping,param_sliding_window_pattern,param_final_logit_softcapping,param_model,param_device_map,param_max_new_tokens,metric_stratify_by,metric_total_cases,metric_latency_s,metric_example_inferences
rodornelles-hertie-school,master_thesis-gemma3,1u4nhl2k,unsloth-gemma-3-4b-it_v1_2025-04-12_18-01-42_ft,2025-04-12T18:10:44Z,crashed,[],https://wandb.ai/rodornelles-hertie-school/master_thesis-gemma3/runs/1u4nhl2k,False,False,[],3407.0,,[],adamw_8bit,50.0,1.0,,True,False,False,0.0,False,False,"{'0': 'LABEL_0', '1': 'LABEL_1'}","{'LABEL_0': 0, 'LABEL_1': 1}",unsloth-gemma-3-4b-it_v1_2025-04-12_18-01-42,False,False,3407,,False,<HUB_TOKEN>,passive,-1.0,1.0,last,['wandb'],1.0,False,0.9,0.999,False,0.0,10,False,0.0,20.0,0.0,gemma3,,trainer_output,-1.0,100.0,,1800.0,"{'xla': False, 'xla_fsdp_v2': False, 'min_num_params': 0, 'xla_fsdp_grad_ckpt': False}",,trainer_output/runs/Apr12_18-02-01_7783fa843c9d,False,True,1.0,"{'top_k': 50, 'top_p': 1, 'prefix': None, 'head_dim': 256, 'id2label': {'0': 'LABEL_0', '1': 'LABEL_1'}, 'label2id': {'LABEL_0': 0, 'LABEL_1': 1}, 'do_sample': False, 'num_beams': 1, 'typical_p': 1, 'use_cache': True, 'is_decoder': False, 'max_length': 20, 'min_length': 0, 'model_type': 'gemma3_text', 'rope_theta': 1000000.0, 'vocab_size': 262208, 'hidden_size': 2560, 'return_dict': True, 'temperature': 1, 'torch_dtype': 'bfloat16', 'torchscript': False, 'bos_token_id': 2, 'eos_token_id': 1, 'pad_token_id': 0, 'problem_type': None, 'rms_norm_eps': 1e-06, 'rope_scaling': {'factor': 8, 'rope_type': 'linear'}, 'sep_token_id': None, 'use_bfloat16': False, '_name_or_path': '', 'architectures': None, 'bad_words_ids': None, 'output_scores': False, 'attention_bias': False, 'early_stopping': False, 'length_penalty': 1, 'sliding_window': 1024, 'tf_legacy_loss': False, 'finetuning_task': None, 'num_beam_groups': 1, 'suppress_tokens': None, 'tokenizer_class': None, 'attention_dropout': 0, 'diversity_penalty': 0, 'hidden_activation': 'gelu_pytorch_tanh', 'initializer_range': 0.02, 'intermediate_size': 10240, 'num_hidden_layers': 34, 'output_attentions': False, 'is_encoder_decoder': False, 'repetition_penalty': 1, 'add_cross_attention': False, 'forced_bos_token_id': None, 'forced_eos_token_id': None, 'num_attention_heads': 8, 'num_key_value_heads': 4, 'tie_encoder_decoder': False, 'tie_word_embeddings': True, 'cache_implementation': 'hybrid', 'no_repeat_ngram_size': 0, 'num_return_sequences': 1, 'output_hidden_states': False, 'rope_local_base_freq': 10000, 'task_specific_params': None, 'begin_suppress_tokens': None, 'query_pre_attn_scalar': 256, 'remove_invalid_values': False, 'attn_logit_softcapping': None, 'decoder_start_token_id': None, 'sliding_window_pattern': 6, 'chunk_size_feed_forward': 0, 'final_logit_softcapping': None, 'max_position_embeddings': 131072, 'return_dict_in_generate': False, 'cross_attention_hidden_size': None, '_attn_implementation_autoset': False, 'encoder_no_repeat_ngram_size': 0, 'exponential_decay_length_penalty': None}",bfloat16,,False,1e-08,2.0,False,106,,auto,,every_save,0.0,,,False,0.1,5.0,0.01,['Gemma3ForConditionalGeneration'],,False,steps,False,2e-07,1.0,1.0,,False,steps,False,,True,"{'top_k': 50, 'top_p': 1, 'prefix': None, 'id2label': {'0': 'LABEL_0', '1': 'LABEL_1'}, 'label2id': {'LABEL_0': 0, 'LABEL_1': 1}, 'do_sample': False, 'num_beams': 1, 'typical_p': 1, 'hidden_act': 'gelu_pytorch_tanh', 'image_size': 896, 'is_decoder': False, 'max_length': 20, 'min_length': 0, 'model_type': 'siglip_vision_model', 'patch_size': 14, 'hidden_size': 1152, 'return_dict': True, 'temperature': 1, 'torch_dtype': 'bfloat16', 'torchscript': False, 'bos_token_id': None, 'eos_token_id': None, 'num_channels': 3, 'pad_token_id': None, 'problem_type': None, 'sep_token_id': None, 'use_bfloat16': False, '_name_or_path': '', 'architectures': None, 'bad_words_ids': None, 'output_scores': False, 'early_stopping': False, 'layer_norm_eps': 1e-06, 'length_penalty': 1, 'tf_legacy_loss': False, 'finetuning_task': None, 'num_beam_groups': 1, 'suppress_tokens': None, 'tokenizer_class': None, 'vision_use_head': False, 'attention_dropout': 0, 'diversity_penalty': 0, 'intermediate_size': 4304, 'num_hidden_layers': 27, 'output_attentions': False, 'is_encoder_decoder': False, 'repetition_penalty': 1, 'add_cross_attention': False, 'forced_bos_token_id': None, 'forced_eos_token_id': None, 'num_attention_heads': 16, 'tie_encoder_decoder': False, 'tie_word_embeddings': True, 'no_repeat_ngram_size': 0, 'num_return_sequences': 1, 'output_hidden_states': False, 'task_specific_params': None, 'begin_suppress_tokens': None, 'remove_invalid_values': False, 'decoder_start_token_id': None, 'chunk_size_feed_forward': 0, 'return_dict_in_generate': False, 'cross_attention_hidden_size': None, '_attn_implementation_autoset': False, 'encoder_no_repeat_ngram_size': 0, 'exponential_decay_length_penalty': None}",True,,False,False,O1,1.0,16384.0,False,False,255999.0,<CHARS_PER_TOKEN>,256000.0,,False,False,1.0,False,,,2025.3.19,128.0,False,,False,True,steps,,3.0,True,,False,,0.0,False,262144.0,0.02,warning,linear,,False,<PUSH_TO_HUB_TOKEN>,False,False,"{'even_batches': True, 'non_blocking': False, 'split_batches': False, 'dispatch_batches': None, 'use_seedable_sampler': True, 'gradient_accumulation_kwargs': None}",False,,text,False,length,False,1.0,,-1.0,False,,,0.0,[],256.0,,True,False,True,False,False,4300079472.0,0.0,1.0,,False,,False,,,4.51.2,,,True,,train_loss,False,True,,0.0,,True,False,False,auto,0.0,True,False,,0.0,2,,False,250.0,,,False,,,False,4.0,False,,4.0,1.0,0.0,False,False,,False,,,False,{'runtime': 206},,,,,,,,,,,,,,,,,,,,,,,,,,,,,,,,,,,,,,,,,,,,,,,,,,,,,,,,,,,,,,,,,,,,,,,,,,,,,,,,,,,,,,,,
rodornelles-hertie-school,master_thesis-gemma3,safedy10,ft_unsloth_Llama-3.2-3B-Instruct_v1_2025-04-13_14-27-01,2025-04-13T14:36:48Z,crashed,[],https://wandb.ai/rodornelles-hertie-school/master_thesis-gemma3/runs/safedy10,,,,,,,,,,,,,,,,,,,,,,,,,,,,,,,,,,,,,,,,,,,,,,,,,,,,,,,,,,,,,,,,,,,,,,,,,,,,,,,,,,,,,,,,,,,,,,,,,,,,,,,,,,,,,,,,,,,,,,,,,,,,,,,,,,,,,,,,,,,,,,,,,,,,,,,,,,,,,,,,,,,,,,,,,,,,,,,,,,,,,,,,,,,,,,,,,,,,,,,,,,,,,,,,,,,,,,,,,,,,,,,,,,,,,,,,,,,,,,,,,,,,,,,,,,,,,,,,,,,,,,,,,,,,,,,,,,,,,,,,,,,,,,,,,,,,,,
rodornelles-hertie-school,master_thesis-gemma3,23ti9e07,gemma-3-12b-it_v1_2025-04-12_16-24-39_ft,2025-04-12T16:33:40Z,crashed,[],https://wandb.ai/rodornelles-hertie-school/master_thesis-gemma3/runs/23ti9e07,False,False,[],3407.0,,[],adamw_8bit,50.0,1.0,,True,False,False,0.0,False,False,"{'0': 'LABEL_0', '1': 'LABEL_1'}","{'LABEL_0': 0, 'LABEL_1': 1}",gemma-3-12b-it_v1_2025-04-12_16-24-39,False,False,3407,,False,<HUB_TOKEN>,passive,-1.0,1.0,last,['wandb'],1.0,False,0.9,0.999,False,0.0,10,False,0.0,20.0,0.0,gemma3,,trainer_output,-1.0,100.0,,1800.0,"{'xla': False, 'xla_fsdp_v2': False, 'min_num_params': 0, 'xla_fsdp_grad_ckpt': False}",,trainer_output/runs/Apr12_16-25-02_7783fa843c9d,False,True,1.0,"{'top_k': 50, 'top_p': 1, 'prefix': None, 'head_dim': 256, 'id2label': {'0': 'LABEL_0', '1': 'LABEL_1'}, 'label2id': {'LABEL_0': 0, 'LABEL_1': 1}, 'do_sample': False, 'num_beams': 1, 'typical_p': 1, 'use_cache': True, 'is_decoder': False, 'max_length': 20, 'min_length': 0, 'model_type': 'gemma3_text', 'rope_theta': 1000000.0, 'vocab_size': 262208, 'hidden_size': 3840, 'return_dict': True, 'temperature': 1, 'torch_dtype': 'bfloat16', 'torchscript': False, 'bos_token_id': 2, 'eos_token_id': 1, 'pad_token_id': 0, 'problem_type': None, 'rms_norm_eps': 1e-06, 'rope_scaling': {'factor': 8, 'rope_type': 'linear'}, 'sep_token_id': None, 'use_bfloat16': False, '_name_or_path': '', 'architectures': None, 'bad_words_ids': None, 'output_scores': False, 'attention_bias': False, 'early_stopping': False, 'length_penalty': 1, 'sliding_window': 1024, 'tf_legacy_loss': False, 'finetuning_task': None, 'num_beam_groups': 1, 'suppress_tokens': None, 'tokenizer_class': None, 'attention_dropout': 0, 'diversity_penalty': 0, 'hidden_activation': 'gelu_pytorch_tanh', 'initializer_range': 0.02, 'intermediate_size': 15360, 'num_hidden_layers': 48, 'output_attentions': False, 'is_encoder_decoder': False, 'repetition_penalty': 1, 'add_cross_attention': False, 'forced_bos_token_id': None, 'forced_eos_token_id': None, 'num_attention_heads': 16, 'num_key_value_heads': 8, 'tie_encoder_decoder': False, 'tie_word_embeddings': True, 'cache_implementation': 'hybrid', 'no_repeat_ngram_size': 0, 'num_return_sequences': 1, 'output_hidden_states': False, 'rope_local_base_freq': 10000, 'task_specific_params': None, 'begin_suppress_tokens': None, 'query_pre_attn_scalar': 256, 'remove_invalid_values': False, 'attn_logit_softcapping': None, 'decoder_start_token_id': None, 'sliding_window_pattern': 6, 'chunk_size_feed_forward': 0, 'final_logit_softcapping': None, 'max_position_embeddings': 131072, 'return_dict_in_generate': False, 'cross_attention_hidden_size': None, '_attn_implementation_autoset': False, 'encoder_no_repeat_ngram_size': 0, 'exponential_decay_length_penalty': None}",bfloat16,,False,1e-08,2.0,False,106,,auto,,every_save,0.0,,,False,0.1,5.0,0.01,['Gemma3ForConditionalGeneration'],,False,steps,False,2e-07,1.0,1.0,,False,steps,False,,True,"{'top_k': 50, 'top_p': 1, 'prefix': None, 'id2label': {'0': 'LABEL_0', '1': 'LABEL_1'}, 'label2id': {'LABEL_0': 0, 'LABEL_1': 1}, 'do_sample': False, 'num_beams': 1, 'typical_p': 1, 'hidden_act': 'gelu_pytorch_tanh', 'image_size': 896, 'is_decoder': False, 'max_length': 20, 'min_length': 0, 'model_type': 'siglip_vision_model', 'patch_size': 14, 'hidden_size': 1152, 'return_dict': True, 'temperature': 1, 'torch_dtype': 'bfloat16', 'torchscript': False, 'bos_token_id': None, 'eos_token_id': None, 'num_channels': 3, 'pad_token_id': None, 'problem_type': None, 'sep_token_id': None, 'use_bfloat16': False, '_name_or_path': '', 'architectures': None, 'bad_words_ids': None, 'output_scores': False, 'early_stopping': False, 'layer_norm_eps': 1e-06, 'length_penalty': 1, 'tf_legacy_loss': False, 'finetuning_task': None, 'num_beam_groups': 1, 'suppress_tokens': None, 'tokenizer_class': None, 'vision_use_head': False, 'attention_dropout': 0, 'diversity_penalty': 0, 'intermediate_size': 4304, 'num_hidden_layers': 27, 'output_attentions': False, 'is_encoder_decoder': False, 'repetition_penalty': 1, 'add_cross_attention': False, 'forced_bos_token_id': None, 'forced_eos_token_id': None, 'num_attention_heads': 16, 'tie_encoder_decoder': False, 'tie_word_embeddings': True, 'no_repeat_ngram_size': 0, 'num_return_sequences': 1, 'output_hidden_states': False, 'task_specific_params': None, 'begin_suppress_tokens': None, 'remove_invalid_values': False, 'decoder_start_token_id': None, 'chunk_size_feed_forward': 0, 'return_dict_in_generate': False, 'cross_attention_hidden_size': None, '_attn_implementation_autoset': False, 'encoder_no_repeat_ngram_size': 0, 'exponential_decay_length_penalty': None}",True,,False,False,O1,1.0,1024.0,False,False,255999.0,<CHARS_PER_TOKEN>,256000.0,,False,False,1.0,False,,,2025.3.14,128.0,False,,False,True,steps,,3.0,True,,False,,0.0,False,262144.0,0.02,warning,linear,,False,<PUSH_TO_HUB_TOKEN>,False,False,"{'even_batches': True, 'non_blocking': False, 'split_batches': False, 'dispatch_batches': None, 'use_seedable_sampler': True, 'gradient_accumulation_kwargs': None}",False,,text,False,length,False,1.0,,-1.0,False,,,0.0,[],256.0,,True,False,True,False,False,12187325040.0,0.0,1.0,,False,,False,,,4.50.0.dev0,,,True,,train_loss,False,True,,0.0,,True,False,False,auto,0.0,True,False,,0.0,2,,False,250.0,,,False,,,False,4.0,False,,4.0,1.0,0.0,False,False,,False,,,False,{'runtime': 148},,,,148.989760399,9.0,1744475228.7663045,0.21505376344086025,10.0,51.0,1.924812030075188e-07,2.241,,,,,,,,,,,,,,,,,,,,,,,,,,,,,,,,,,,,,,,,,,,,,,,,,,,,,,,,,,,,,,,,,,,,,,,,,,,,,
rodornelles-hertie-school,master_thesis-gemma3,ajjxz0nc,unsloth-gemma-3-4b-it_v1_2025-04-12_18-20-24_ft,2025-04-12T18:29:26Z,crashed,[],https://wandb.ai/rodornelles-hertie-school/master_thesis-gemma3/runs/ajjxz0nc,,,,,,,,,,,,,,,,,,,,,,,,,,,,,,,,,,,,,,,,,,,,,,,,,,,,,,,,,,,,,,,,,,,,,,,,,,,,,,,,,,,,,,,,,,,,,,,,,,,,,,,,,,,,,,,,,,,,,,,,,,,,,,,,,,,,,,,,,,,,,,,,,,,,,,,,,,,,,,,,,,,,,,,,,,,,,,,,,,,,,,,,,,,,,,,,,,,,,,,,,,,,,,,,,,,,,,,,,,,,,,,,,,,,,,,,,,,,,,,,,,,,,,,,,,,,,,,,,,,,,,,,,,,,,,,,,,,,,,,,,,,,,,,,,,,,,,
rodornelles-hertie-school,master_thesis-gemma3,yqvcfjnm,unsloth-gemma-3-4b-it_v1_2025-04-12_17-52-39_ft,2025-04-12T18:01:40Z,crashed,[],https://wandb.ai/rodornelles-hertie-school/master_thesis-gemma3/runs/yqvcfjnm,,,,,,,,,,,,,,,,,,,,,,,,,,,,,,,,,,,,,,,,,,,,,,,,,,,,,,,,,,,,,,,,,,,,,,,,,,,,,,,,,,,,,,,,,,,,,,,,,,,,,,,,,,,,,,,,,,,,,,,,,,,,,,,,,,,,,,,,,,,,,,,,,,,,,,,,,,,,,,,,,,,,,,,,,,,,,,,,,,,,,,,,,,,,,,,,,,,,,,,,,,,,,,,,,,,,,,,,,,,,,,,,,,,,,,,,,,,,,,,,,,,,,,,,,,,,,,,,,,,,,,,,,,,,,,,,,,,,,,,,,,,,,,,,,,,,,,
rodornelles-hertie-school,master_thesis-gemma3,0moie2vi,ft_unsloth_gemma-3-4b-it_v1_2025-04-13_13-59-23,2025-04-13T14:08:57Z,crashed,[],https://wandb.ai/rodornelles-hertie-school/master_thesis-gemma3/runs/0moie2vi,True,False,[],3407.0,,[],adamw_8bit,50.0,1.0,,True,False,False,0.0,False,False,"{'0': 'LABEL_0', '1': 'LABEL_1'}","{'LABEL_0': 0, 'LABEL_1': 1}",ft_unsloth_gemma-3-4b-it_v1_2025-04-13_13-59-23,False,False,3407,,False,<HUB_TOKEN>,passive,-1.0,1.0,last,['wandb'],1.0,False,0.9,0.999,False,0.0,1,False,0.0,20.0,0.0,gemma3,,./ft_unsloth_gemma-3-4b-it_v1_2025-04-13_13-59-23,-1.0,500.0,,1800.0,"{'xla': False, 'xla_fsdp_v2': False, 'min_num_params': 0, 'xla_fsdp_grad_ckpt': False}",,./ft_unsloth_gemma-3-4b-it_v1_2025-04-13_13-59-23/runs/Apr13_13-59-48_7783fa843c9d,False,True,1.0,"{'top_k': 50, 'top_p': 1, 'prefix': None, 'head_dim': 256, 'id2label': {'0': 'LABEL_0', '1': 'LABEL_1'}, 'label2id': {'LABEL_0': 0, 'LABEL_1': 1}, 'do_sample': False, 'num_beams': 1, 'typical_p': 1, 'use_cache': True, 'is_decoder': False, 'max_length': 20, 'min_length': 0, 'model_type': 'gemma3_text', 'rope_theta': 1000000.0, 'vocab_size': 262208, 'hidden_size': 2560, 'return_dict': True, 'temperature': 1, 'torch_dtype': 'bfloat16', 'torchscript': False, 'bos_token_id': 2, 'eos_token_id': 1, 'pad_token_id': 0, 'problem_type': None, 'rms_norm_eps': 1e-06, 'rope_scaling': {'factor': 8, 'rope_type': 'linear'}, 'sep_token_id': None, 'use_bfloat16': False, '_name_or_path': '', 'architectures': None, 'bad_words_ids': None, 'output_scores': False, 'attention_bias': False, 'early_stopping': False, 'length_penalty': 1, 'sliding_window': 1024, 'tf_legacy_loss': False, 'finetuning_task': None, 'num_beam_groups': 1, 'suppress_tokens': None, 'tokenizer_class': None, 'attention_dropout': 0, 'diversity_penalty': 0, 'hidden_activation': 'gelu_pytorch_tanh', 'initializer_range': 0.02, 'intermediate_size': 10240, 'num_hidden_layers': 34, 'output_attentions': False, 'is_encoder_decoder': False, 'repetition_penalty': 1, 'add_cross_attention': False, 'forced_bos_token_id': None, 'forced_eos_token_id': None, 'num_attention_heads': 8, 'num_key_value_heads': 4, 'tie_encoder_decoder': False, 'tie_word_embeddings': True, 'cache_implementation': 'hybrid', 'no_repeat_ngram_size': 0, 'num_return_sequences': 1, 'output_hidden_states': False, 'rope_local_base_freq': 10000, 'task_specific_params': None, 'begin_suppress_tokens': None, 'query_pre_attn_scalar': 256, 'remove_invalid_values': False, 'attn_logit_softcapping': None, 'decoder_start_token_id': None, 'sliding_window_pattern': 6, 'chunk_size_feed_forward': 0, 'final_logit_softcapping': None, 'max_position_embeddings': 131072, 'return_dict_in_generate': False, 'cross_attention_hidden_size': None, '_attn_implementation_autoset': False, 'encoder_no_repeat_ngram_size': 0, 'exponential_decay_length_penalty': None}",bfloat16,,False,1e-08,2.0,False,106,,auto,,every_save,0.0,,,False,0.1,5.0,0.01,['Gemma3ForConditionalGeneration'],,False,steps,False,2e-05,1.0,1.0,,False,steps,False,,True,"{'top_k': 50, 'top_p': 1, 'prefix': None, 'id2label': {'0': 'LABEL_0', '1': 'LABEL_1'}, 'label2id': {'LABEL_0': 0, 'LABEL_1': 1}, 'do_sample': False, 'num_beams': 1, 'typical_p': 1, 'hidden_act': 'gelu_pytorch_tanh', 'image_size': 896, 'is_decoder': False, 'max_length': 20, 'min_length': 0, 'model_type': 'siglip_vision_model', 'patch_size': 14, 'hidden_size': 1152, 'return_dict': True, 'temperature': 1, 'torch_dtype': 'bfloat16', 'torchscript': False, 'bos_token_id': None, 'eos_token_id': None, 'num_channels': 3, 'pad_token_id': None, 'problem_type': None, 'sep_token_id': None, 'use_bfloat16': False, '_name_or_path': '', 'architectures': None, 'bad_words_ids': None, 'output_scores': False, 'early_stopping': False, 'layer_norm_eps': 1e-06, 'length_penalty': 1, 'tf_legacy_loss': False, 'finetuning_task': None, 'num_beam_groups': 1, 'suppress_tokens': None, 'tokenizer_class': None, 'vision_use_head': False, 'attention_dropout': 0, 'diversity_penalty': 0, 'intermediate_size': 4304, 'num_hidden_layers': 27, 'output_attentions': False, 'is_encoder_decoder': False, 'repetition_penalty': 1, 'add_cross_attention': False, 'forced_bos_token_id': None, 'forced_eos_token_id': None, 'num_attention_heads': 16, 'tie_encoder_decoder': False, 'tie_word_embeddings': True, 'no_repeat_ngram_size': 0, 'num_return_sequences': 1, 'output_hidden_states': False, 'task_specific_params': None, 'begin_suppress_tokens': None, 'remove_invalid_values': False, 'decoder_start_token_id': None, 'chunk_size_feed_forward': 0, 'return_dict_in_generate': False, 'cross_attention_hidden_size': None, '_attn_implementation_autoset': False, 'encoder_no_repeat_ngram_size': 0, 'exponential_decay_length_penalty': None}",True,,False,False,O1,1.0,16384.0,False,False,255999.0,<CHARS_PER_TOKEN>,256000.0,,False,False,1.0,False,,,2025.3.19,128.0,False,,False,True,steps,,3.0,True,,False,,0.0,False,262144.0,0.02,warning,linear,,False,<PUSH_TO_HUB_TOKEN>,False,False,"{'even_batches': True, 'non_blocking': False, 'split_batches': False, 'dispatch_batches': None, 'use_seedable_sampler': True, 'gradient_accumulation_kwargs': None}",False,,text,False,length,False,1.0,,-1.0,False,,,0.0,[],256.0,,True,False,True,False,False,4314980720.0,0.0,1.0,,False,,False,,,4.51.2,,,True,,loss,False,True,,0.0,,True,False,False,auto,0.0,True,False,,0.0,2,,False,250.0,,,False,,,False,4.0,False,,4.0,1.0,0.0,False,False,,False,,,False,,,,,,,,,,,,,"{'default': {'r': 8, 'bias': 'none', 'revision': None, 'use_dora': False, 'lora_bias': False, 'peft_type': 'LORA', 'task_type': 'CAUSAL_LM', 'eva_config': None, 'lora_alpha': 8, 'use_rslora': False, 'auto_mapping': None, 'lora_dropout': 0, 'megatron_core': 'megatron.core', 'fan_in_fan_out': False, 'inference_mode': False, 'layers_pattern': None, 'runtime_config': {'ephemeral_gpu_offload': False}, 'target_modules': '(?:.*?(?:language|text).*?(?:self_attn|attention|attn|mlp|feed_forward|ffn|dense).*?(?:k_proj|v_proj|q_proj|out_proj|fc1|fc2|o_proj|gate_proj|up_proj|down_proj).*?)|(?:\\bmodel\\.layers\\.[\\d]{1,}\\.(?:self_attn|attention|attn|mlp|feed_forward|ffn|dense)\\.(?:(?:k_proj|v_proj|q_proj|out_proj|fc1|fc2|o_proj|gate_proj|up_proj|down_proj)))', 'exclude_modules': None, 'megatron_config': None, 'modules_to_save': None, 'init_lora_weights': True, 'layer_replication': None, 'layers_to_transform': None, 'base_model_name_or_path': 'unsloth/gemma-3-4b-it-unsloth-bnb-4bit'}}","{'load_in_4bit': True, 'load_in_8bit': False, 'quant_method': 'bitsandbytes', 'llm_int8_threshold': 6, 'bnb_4bit_quant_type': 'nf4', 'llm_int8_skip_modules': None, 'bnb_4bit_compute_dtype': 'bfloat16', 'llm_int8_has_fp16_weight': False, 'bnb_4bit_use_double_quant': True, 'llm_int8_enable_fp32_cpu_offload': False}",,,,,,,,,,,,,,,,,,,,,,,,,,,,,,,,,,,,,,,,,,,,,,,,,,,,,,,,,,,,,,,,,,,,,,,,,,,
rodornelles-hertie-school,master_thesis-gemma3,8h5v5p52,gemma-3-4b-it_v1_2025-04-13_13-17-09_ft,2025-04-13T13:26:15Z,crashed,[],https://wandb.ai/rodornelles-hertie-school/master_thesis-gemma3/runs/8h5v5p52,False,False,[],3407.0,,[],adamw_8bit,50.0,1.0,,True,False,False,0.0,False,False,"{'0': 'LABEL_0', '1': 'LABEL_1'}","{'LABEL_0': 0, 'LABEL_1': 1}",gemma-3-4b-it_v1_2025-04-13_13-17-09,False,False,3407,,False,<HUB_TOKEN>,passive,-1.0,1.0,last,['wandb'],1.0,False,0.9,0.999,False,0.0,10,False,0.0,20.0,0.0,gemma3,,trainer_output,-1.0,100.0,,1800.0,"{'xla': False, 'xla_fsdp_v2': False, 'min_num_params': 0, 'xla_fsdp_grad_ckpt': False}",,trainer_output/runs/Apr13_13-17-52_7783fa843c9d,False,True,1.0,"{'top_k': 50, 'top_p': 1, 'prefix': None, 'head_dim': 256, 'id2label': {'0': 'LABEL_0', '1': 'LABEL_1'}, 'label2id': {'LABEL_0': 0, 'LABEL_1': 1}, 'do_sample': False, 'num_beams': 1, 'typical_p': 1, 'use_cache': True, 'is_decoder': False, 'max_length': 20, 'min_length': 0, 'model_type': 'gemma3_text', 'rope_theta': 1000000.0, 'vocab_size': 262208, 'hidden_size': 2560, 'return_dict': True, 'temperature': 1, 'torch_dtype': 'bfloat16', 'torchscript': False, 'bos_token_id': 2, 'eos_token_id': 1, 'pad_token_id': 0, 'problem_type': None, 'rms_norm_eps': 1e-06, 'rope_scaling': {'factor': 8, 'rope_type': 'linear'}, 'sep_token_id': None, 'use_bfloat16': False, '_name_or_path': '', 'architectures': None, 'bad_words_ids': None, 'output_scores': False, 'attention_bias': False, 'early_stopping': False, 'length_penalty': 1, 'sliding_window': 1024, 'tf_legacy_loss': False, 'finetuning_task': None, 'num_beam_groups': 1, 'suppress_tokens': None, 'tokenizer_class': None, 'attention_dropout': 0, 'diversity_penalty': 0, 'hidden_activation': 'gelu_pytorch_tanh', 'initializer_range': 0.02, 'intermediate_size': 10240, 'num_hidden_layers': 34, 'output_attentions': False, 'is_encoder_decoder': False, 'repetition_penalty': 1, 'add_cross_attention': False, 'forced_bos_token_id': None, 'forced_eos_token_id': None, 'num_attention_heads': 8, 'num_key_value_heads': 4, 'tie_encoder_decoder': False, 'tie_word_embeddings': True, 'cache_implementation': 'hybrid', 'no_repeat_ngram_size': 0, 'num_return_sequences': 1, 'output_hidden_states': False, 'rope_local_base_freq': 10000, 'task_specific_params': None, 'begin_suppress_tokens': None, 'query_pre_attn_scalar': 256, 'remove_invalid_values': False, 'attn_logit_softcapping': None, 'decoder_start_token_id': None, 'sliding_window_pattern': 6, 'chunk_size_feed_forward': 0, 'final_logit_softcapping': None, 'max_position_embeddings': 131072, 'return_dict_in_generate': False, 'cross_attention_hidden_size': None, '_attn_implementation_autoset': False, 'encoder_no_repeat_ngram_size': 0, 'exponential_decay_length_penalty': None}",bfloat16,,False,1e-08,2.0,False,106,,auto,,every_save,0.0,,,False,0.1,5.0,0.01,['Gemma3ForConditionalGeneration'],,False,steps,False,2e-07,1.0,1.0,,False,steps,False,,True,"{'top_k': 50, 'top_p': 1, 'prefix': None, 'id2label': {'0': 'LABEL_0', '1': 'LABEL_1'}, 'label2id': {'LABEL_0': 0, 'LABEL_1': 1}, 'do_sample': False, 'num_beams': 1, 'typical_p': 1, 'hidden_act': 'gelu_pytorch_tanh', 'image_size': 896, 'is_decoder': False, 'max_length': 20, 'min_length': 0, 'model_type': 'siglip_vision_model', 'patch_size': 14, 'hidden_size': 1152, 'return_dict': True, 'temperature': 1, 'torch_dtype': 'bfloat16', 'torchscript': False, 'bos_token_id': None, 'eos_token_id': None, 'num_channels': 3, 'pad_token_id': None, 'problem_type': None, 'sep_token_id': None, 'use_bfloat16': False, '_name_or_path': '', 'architectures': None, 'bad_words_ids': None, 'output_scores': False, 'early_stopping': False, 'layer_norm_eps': 1e-06, 'length_penalty': 1, 'tf_legacy_loss': False, 'finetuning_task': None, 'num_beam_groups': 1, 'suppress_tokens': None, 'tokenizer_class': None, 'vision_use_head': False, 'attention_dropout': 0, 'diversity_penalty': 0, 'intermediate_size': 4304, 'num_hidden_layers': 27, 'output_attentions': False, 'is_encoder_decoder': False, 'repetition_penalty': 1, 'add_cross_attention': False, 'forced_bos_token_id': None, 'forced_eos_token_id': None, 'num_attention_heads': 16, 'tie_encoder_decoder': False, 'tie_word_embeddings': True, 'no_repeat_ngram_size': 0, 'num_return_sequences': 1, 'output_hidden_states': False, 'task_specific_params': None, 'begin_suppress_tokens': None, 'remove_invalid_values': False, 'decoder_start_token_id': None, 'chunk_size_feed_forward': 0, 'return_dict_in_generate': False, 'cross_attention_hidden_size': None, '_attn_implementation_autoset': False, 'encoder_no_repeat_ngram_size': 0, 'exponential_decay_length_penalty': None}",True,,False,False,O1,1.0,16384.0,False,False,255999.0,<CHARS_PER_TOKEN>,256000.0,,False,False,1.0,False,,,2025.3.19,128.0,False,,False,True,steps,,3.0,True,,False,,0.0,False,262144.0,0.02,warning,linear,,False,<PUSH_TO_HUB_TOKEN>,False,False,"{'even_batches': True, 'non_blocking': False, 'split_batches': False, 'dispatch_batches': None, 'use_seedable_sampler': True, 'gradient_accumulation_kwargs': None}",False,,text,False,length,False,1.0,,-1.0,False,,,0.0,[],256.0,,True,False,True,False,False,4300079472.0,0.0,1.0,,False,,False,,,4.51.2,,,True,,train_loss,False,True,,0.0,,True,False,False,auto,0.0,True,False,,0.0,2,,False,250.0,,,False,,,False,4.0,False,,4.0,1.0,0.0,False,False,,False,,,False,{'runtime': 511},,,,511.734420627,9.0,1744550742.249333,0.21505376344086025,10.0,41.75,1.9398496240601505e-07,1.9457,,,,,,,,,,,,,,,,,,,,,,,,,,,,,,,,,,,,,,,,,,,,,,,,,,,,,,,,,,,,,,,,,,,,,,,,,,,,,
rodornelles-hertie-school,master_thesis-gemma3,2xrelo3f,gemma-3-12b-it,2025-04-12T15:26:06Z,crashed,[],https://wandb.ai/rodornelles-hertie-school/master_thesis-gemma3/runs/2xrelo3f,,,,,,,,,,,,,,,,,,,,,,,,,,,,,,,,,,,,,,,,,,,,,,,,,,,,,,,,,,,,,,,,,,,,,,,,,,,,,,,,,,,,,,,,,,,,,,,,,,,,,,,,,,,,,,,,,,,,,,,,,,,,,,,,,,,,,,,,,,,,,,,,,,,,,,,,,,,,,,,,,,,,,,,,,,,,,,,,,,,,,,,,,,,,,,,,,,,,,,,,,,,,,,,,,,,,,,,,,,,,,,,,,,,,,,,,,,,,,,,,,,,,,,,,,,,,,,,,,,,,,,,,,,,,,,,,,,,,,,,,,,,,,,,,,,,,,,
rodornelles-hertie-school,master_thesis-gemma3,l0yvggi8,ft_unsloth_Llama-3.2-3B-Instruct_v1_2025-04-13_14-29-48,2025-04-13T14:39:56Z,finished,[],https://wandb.ai/rodornelles-hertie-school/master_thesis-gemma3/runs/l0yvggi8,True,False,[],3407.0,,[],adamw_8bit,50.0,1.0,,False,False,False,0.0,False,False,"{'0': 'LABEL_0', '1': 'LABEL_1'}","{'LABEL_0': 0, 'LABEL_1': 1}",ft_unsloth_Llama-3.2-3B-Instruct_v1_2025-04-13_14-29-48,False,False,,,False,<HUB_TOKEN>,passive,-1.0,1.0,last,['wandb'],1.0,False,0.9,0.999,False,0.0,,False,0.0,20.0,0.0,llama,,outputs_ft_unsloth_Llama-3.2-3B-Instruct_v1_2025-04-13_14-29-48,-1.0,500.0,,1800.0,"{'xla': False, 'xla_fsdp_v2': False, 'min_num_params': 0, 'xla_fsdp_grad_ckpt': False}",,outputs_ft_unsloth_Llama-3.2-3B-Instruct_v1_2025-04-13_14-29-48/runs/Apr13_14-30-06_7783fa843c9d,False,True,1.0,,bfloat16,,False,1e-08,128000.0,False,128009,,auto,,every_save,128004.0,,,False,0.0,5.0,0.01,['LlamaForCausalLM'],,False,no,False,0.0002,1.0,1.0,,False,steps,False,,True,,True,,False,False,O1,1.0,16384.0,False,False,,<CHARS_PER_TOKEN>,,,False,False,1.0,False,,,2025.3.19,2.0,False,,False,True,steps,,3.0,True,,False,,0.0,,,0.02,warning,linear,,False,<PUSH_TO_HUB_TOKEN>,False,False,"{'even_batches': True, 'non_blocking': False, 'split_batches': False, 'dispatch_batches': None, 'use_seedable_sampler': True, 'gradient_accumulation_kwargs': None}",False,,text,False,length,False,1.0,,-1.0,False,,,0.0,[],,,True,False,True,False,False,3237063680.0,0.0,1.0,,False,False,False,,,4.51.2,,,True,,,False,True,,0.0,,True,False,False,auto,0.0,False,True,,0.0,,,False,,,,False,,,False,8.0,False,,4.0,2.0,0.0,False,False,,False,,,False,{'runtime': 5},,,,,,,,,,,,"{'default': {'r': 16, 'bias': 'none', 'revision': None, 'use_dora': False, 'lora_bias': False, 'peft_type': 'LORA', 'task_type': 'CAUSAL_LM', 'eva_config': None, 'lora_alpha': 16, 'use_rslora': False, 'auto_mapping': None, 'lora_dropout': 0, 'megatron_core': 'megatron.core', 'fan_in_fan_out': False, 'inference_mode': False, 'layers_pattern': None, 'runtime_config': {'ephemeral_gpu_offload': False}, 'target_modules': ['gate_proj', 'v_proj', 'k_proj', 'down_proj', 'q_proj', 'o_proj', 'up_proj'], 'exclude_modules': None, 'megatron_config': None, 'modules_to_save': None, 'init_lora_weights': True, 'layer_replication': None, 'layers_to_transform': None, 'base_model_name_or_path': 'unsloth/llama-3.2-3b-instruct-unsloth-bnb-4bit'}}","{'load_in_4bit': True, 'load_in_8bit': False, 'quant_method': 'bitsandbytes', 'llm_int8_threshold': 6, 'bnb_4bit_quant_type': 'nf4', 'llm_int8_skip_modules': None, 'bnb_4bit_compute_dtype': 'bfloat16', 'llm_int8_has_fp16_weight': False, 'bnb_4bit_use_double_quant': True, 'llm_int8_enable_fp32_cpu_offload': False}",128.0,False,True,silu,500000.0,128256.0,3072.0,1e-05,"{'factor': 32, 'rope_type': 'llama3', 'low_freq_factor': 1, 'high_freq_factor': 4, 'original_max_position_embeddings': 8192}",False,1.0,0.0,8192.0,28.0,24.0,8.0,131072.0,,,,,,,,,,,,,,,,,,,,,,,,,,,,,,,,,,,,,,,,,,,,,,,,,,,,,,,,,,
rodornelles-hertie-school,master_thesis-gemma3,q300sjv7,unsloth-gemma-3-4b-it_v1_2025-04-12_18-06-10_ft,2025-04-12T18:15:12Z,crashed,[],https://wandb.ai/rodornelles-hertie-school/master_thesis-gemma3/runs/q300sjv7,False,False,[],3407.0,,[],adamw_8bit,50.0,1.0,,True,False,False,0.0,False,False,"{'0': 'LABEL_0', '1': 'LABEL_1'}","{'LABEL_0': 0, 'LABEL_1': 1}",unsloth-gemma-3-4b-it_v1_2025-04-12_18-06-10,False,False,3407,,False,<HUB_TOKEN>,passive,-1.0,1.0,last,['wandb'],1.0,False,0.9,0.999,False,0.0,10,False,0.0,20.0,0.0,gemma3,,trainer_output,-1.0,100.0,,1800.0,"{'xla': False, 'xla_fsdp_v2': False, 'min_num_params': 0, 'xla_fsdp_grad_ckpt': False}",,trainer_output/runs/Apr12_18-06-29_7783fa843c9d,False,True,1.0,"{'top_k': 50, 'top_p': 1, 'prefix': None, 'head_dim': 256, 'id2label': {'0': 'LABEL_0', '1': 'LABEL_1'}, 'label2id': {'LABEL_0': 0, 'LABEL_1': 1}, 'do_sample': False, 'num_beams': 1, 'typical_p': 1, 'use_cache': True, 'is_decoder': False, 'max_length': 20, 'min_length': 0, 'model_type': 'gemma3_text', 'rope_theta': 1000000.0, 'vocab_size': 262208, 'hidden_size': 2560, 'return_dict': True, 'temperature': 1, 'torch_dtype': 'bfloat16', 'torchscript': False, 'bos_token_id': 2, 'eos_token_id': 1, 'pad_token_id': 0, 'problem_type': None, 'rms_norm_eps': 1e-06, 'rope_scaling': {'factor': 8, 'rope_type': 'linear'}, 'sep_token_id': None, 'use_bfloat16': False, '_name_or_path': '', 'architectures': None, 'bad_words_ids': None, 'output_scores': False, 'attention_bias': False, 'early_stopping': False, 'length_penalty': 1, 'sliding_window': 1024, 'tf_legacy_loss': False, 'finetuning_task': None, 'num_beam_groups': 1, 'suppress_tokens': None, 'tokenizer_class': None, 'attention_dropout': 0, 'diversity_penalty': 0, 'hidden_activation': 'gelu_pytorch_tanh', 'initializer_range': 0.02, 'intermediate_size': 10240, 'num_hidden_layers': 34, 'output_attentions': False, 'is_encoder_decoder': False, 'repetition_penalty': 1, 'add_cross_attention': False, 'forced_bos_token_id': None, 'forced_eos_token_id': None, 'num_attention_heads': 8, 'num_key_value_heads': 4, 'tie_encoder_decoder': False, 'tie_word_embeddings': True, 'cache_implementation': 'hybrid', 'no_repeat_ngram_size': 0, 'num_return_sequences': 1, 'output_hidden_states': False, 'rope_local_base_freq': 10000, 'task_specific_params': None, 'begin_suppress_tokens': None, 'query_pre_attn_scalar': 256, 'remove_invalid_values': False, 'attn_logit_softcapping': None, 'decoder_start_token_id': None, 'sliding_window_pattern': 6, 'chunk_size_feed_forward': 0, 'final_logit_softcapping': None, 'max_position_embeddings': 131072, 'return_dict_in_generate': False, 'cross_attention_hidden_size': None, '_attn_implementation_autoset': False, 'encoder_no_repeat_ngram_size': 0, 'exponential_decay_length_penalty': None}",bfloat16,,False,1e-08,2.0,False,106,,auto,,every_save,0.0,,,False,0.1,5.0,0.01,['Gemma3ForConditionalGeneration'],,False,steps,False,2e-07,1.0,1.0,,False,steps,False,,True,"{'top_k': 50, 'top_p': 1, 'prefix': None, 'id2label': {'0': 'LABEL_0', '1': 'LABEL_1'}, 'label2id': {'LABEL_0': 0, 'LABEL_1': 1}, 'do_sample': False, 'num_beams': 1, 'typical_p': 1, 'hidden_act': 'gelu_pytorch_tanh', 'image_size': 896, 'is_decoder': False, 'max_length': 20, 'min_length': 0, 'model_type': 'siglip_vision_model', 'patch_size': 14, 'hidden_size': 1152, 'return_dict': True, 'temperature': 1, 'torch_dtype': 'bfloat16', 'torchscript': False, 'bos_token_id': None, 'eos_token_id': None, 'num_channels': 3, 'pad_token_id': None, 'problem_type': None, 'sep_token_id': None, 'use_bfloat16': False, '_name_or_path': '', 'architectures': None, 'bad_words_ids': None, 'output_scores': False, 'early_stopping': False, 'layer_norm_eps': 1e-06, 'length_penalty': 1, 'tf_legacy_loss': False, 'finetuning_task': None, 'num_beam_groups': 1, 'suppress_tokens': None, 'tokenizer_class': None, 'vision_use_head': False, 'attention_dropout': 0, 'diversity_penalty': 0, 'intermediate_size': 4304, 'num_hidden_layers': 27, 'output_attentions': False, 'is_encoder_decoder': False, 'repetition_penalty': 1, 'add_cross_attention': False, 'forced_bos_token_id': None, 'forced_eos_token_id': None, 'num_attention_heads': 16, 'tie_encoder_decoder': False, 'tie_word_embeddings': True, 'no_repeat_ngram_size': 0, 'num_return_sequences': 1, 'output_hidden_states': False, 'task_specific_params': None, 'begin_suppress_tokens': None, 'remove_invalid_values': False, 'decoder_start_token_id': None, 'chunk_size_feed_forward': 0, 'return_dict_in_generate': False, 'cross_attention_hidden_size': None, '_attn_implementation_autoset': False, 'encoder_no_repeat_ngram_size': 0, 'exponential_decay_length_penalty': None}",True,,False,False,O1,1.0,16384.0,False,False,255999.0,<CHARS_PER_TOKEN>,256000.0,,False,False,1.0,False,,,2025.3.19,128.0,False,,False,True,steps,,3.0,True,,False,,0.0,False,262144.0,0.02,warning,linear,,False,<PUSH_TO_HUB_TOKEN>,False,False,"{'even_batches': True, 'non_blocking': False, 'split_batches': False, 'dispatch_batches': None, 'use_seedable_sampler': True, 'gradient_accumulation_kwargs': None}",False,,text,False,length,False,1.0,,-1.0,False,,,0.0,[],256.0,,True,False,True,False,False,4300079472.0,0.0,1.0,,False,,False,,,4.51.2,,,True,,train_loss,False,True,,0.0,,True,False,False,auto,0.0,True,False,,0.0,2,,False,250.0,,,False,,,False,4.0,False,,4.0,1.0,0.0,False,False,,False,,,False,{'runtime': 400},,,,400.69573076,9.0,1744481571.7708976,0.21505376344086025,10.0,41.75,1.9398496240601505e-07,1.9457,,,,,,,,,,,,,,,,,,,,,,,,,,,,,,,,,,,,,,,,,,,,,,,,,,,,,,,,,,,,,,,,,,,,,,,,,,,,,
rodornelles-hertie-school,master_thesis-gemma3,g6m0yw8y,gemma-3-12b-it_v1_2025-04-12_16-00-29_ft,2025-04-12T16:09:30Z,crashed,[],https://wandb.ai/rodornelles-hertie-school/master_thesis-gemma3/runs/g6m0yw8y,False,False,[],3407.0,,[],adamw_8bit,50.0,1.0,,False,False,False,0.0,False,False,"{'0': 'LABEL_0', '1': 'LABEL_1'}","{'LABEL_0': 0, 'LABEL_1': 1}",gemma-3-12b-it_v1_2025-04-12_16-00-29,False,False,3407,,False,<HUB_TOKEN>,passive,-1.0,1.0,last,['wandb'],1.0,False,0.9,0.999,False,0.0,10,False,0.0,20.0,0.0,gemma3,,trainer_output,-1.0,100.0,,1800.0,"{'xla': False, 'xla_fsdp_v2': False, 'min_num_params': 0, 'xla_fsdp_grad_ckpt': False}",,trainer_output/runs/Apr12_16-00-52_7783fa843c9d,False,True,1.0,"{'top_k': 50, 'top_p': 1, 'prefix': None, 'head_dim': 256, 'id2label': {'0': 'LABEL_0', '1': 'LABEL_1'}, 'label2id': {'LABEL_0': 0, 'LABEL_1': 1}, 'do_sample': False, 'num_beams': 1, 'typical_p': 1, 'use_cache': True, 'is_decoder': False, 'max_length': 20, 'min_length': 0, 'model_type': 'gemma3_text', 'rope_theta': 1000000.0, 'vocab_size': 262208, 'hidden_size': 3840, 'return_dict': True, 'temperature': 1, 'torch_dtype': 'bfloat16', 'torchscript': False, 'bos_token_id': 2, 'eos_token_id': 1, 'pad_token_id': 0, 'problem_type': None, 'rms_norm_eps': 1e-06, 'rope_scaling': {'factor': 8, 'rope_type': 'linear'}, 'sep_token_id': None, 'use_bfloat16': False, '_name_or_path': '', 'architectures': None, 'bad_words_ids': None, 'output_scores': False, 'attention_bias': False, 'early_stopping': False, 'length_penalty': 1, 'sliding_window': 1024, 'tf_legacy_loss': False, 'finetuning_task': None, 'num_beam_groups': 1, 'suppress_tokens': None, 'tokenizer_class': None, 'attention_dropout': 0, 'diversity_penalty': 0, 'hidden_activation': 'gelu_pytorch_tanh', 'initializer_range': 0.02, 'intermediate_size': 15360, 'num_hidden_layers': 48, 'output_attentions': False, 'is_encoder_decoder': False, 'repetition_penalty': 1, 'add_cross_attention': False, 'forced_bos_token_id': None, 'forced_eos_token_id': None, 'num_attention_heads': 16, 'num_key_value_heads': 8, 'tie_encoder_decoder': False, 'tie_word_embeddings': True, 'cache_implementation': 'hybrid', 'no_repeat_ngram_size': 0, 'num_return_sequences': 1, 'output_hidden_states': False, 'rope_local_base_freq': 10000, 'task_specific_params': None, 'begin_suppress_tokens': None, 'query_pre_attn_scalar': 256, 'remove_invalid_values': False, 'attn_logit_softcapping': None, 'decoder_start_token_id': None, 'sliding_window_pattern': 6, 'chunk_size_feed_forward': 0, 'final_logit_softcapping': None, 'max_position_embeddings': 131072, 'return_dict_in_generate': False, 'cross_attention_hidden_size': None, '_attn_implementation_autoset': False, 'encoder_no_repeat_ngram_size': 0, 'exponential_decay_length_penalty': None}",bfloat16,,False,1e-08,2.0,False,106,,auto,,every_save,0.0,,,False,0.1,5.0,0.01,['Gemma3ForConditionalGeneration'],,False,no,False,2e-07,1.0,1.0,,False,steps,False,,True,"{'top_k': 50, 'top_p': 1, 'prefix': None, 'id2label': {'0': 'LABEL_0', '1': 'LABEL_1'}, 'label2id': {'LABEL_0': 0, 'LABEL_1': 1}, 'do_sample': False, 'num_beams': 1, 'typical_p': 1, 'hidden_act': 'gelu_pytorch_tanh', 'image_size': 896, 'is_decoder': False, 'max_length': 20, 'min_length': 0, 'model_type': 'siglip_vision_model', 'patch_size': 14, 'hidden_size': 1152, 'return_dict': True, 'temperature': 1, 'torch_dtype': 'bfloat16', 'torchscript': False, 'bos_token_id': None, 'eos_token_id': None, 'num_channels': 3, 'pad_token_id': None, 'problem_type': None, 'sep_token_id': None, 'use_bfloat16': False, '_name_or_path': '', 'architectures': None, 'bad_words_ids': None, 'output_scores': False, 'early_stopping': False, 'layer_norm_eps': 1e-06, 'length_penalty': 1, 'tf_legacy_loss': False, 'finetuning_task': None, 'num_beam_groups': 1, 'suppress_tokens': None, 'tokenizer_class': None, 'vision_use_head': False, 'attention_dropout': 0, 'diversity_penalty': 0, 'intermediate_size': 4304, 'num_hidden_layers': 27, 'output_attentions': False, 'is_encoder_decoder': False, 'repetition_penalty': 1, 'add_cross_attention': False, 'forced_bos_token_id': None, 'forced_eos_token_id': None, 'num_attention_heads': 16, 'tie_encoder_decoder': False, 'tie_word_embeddings': True, 'no_repeat_ngram_size': 0, 'num_return_sequences': 1, 'output_hidden_states': False, 'task_specific_params': None, 'begin_suppress_tokens': None, 'remove_invalid_values': False, 'decoder_start_token_id': None, 'chunk_size_feed_forward': 0, 'return_dict_in_generate': False, 'cross_attention_hidden_size': None, '_attn_implementation_autoset': False, 'encoder_no_repeat_ngram_size': 0, 'exponential_decay_length_penalty': None}",True,,False,False,O1,1.0,1024.0,False,False,255999.0,<CHARS_PER_TOKEN>,256000.0,,False,False,1.0,False,,,2025.3.14,128.0,False,,False,True,steps,,3.0,True,,False,,0.0,False,262144.0,0.02,warning,linear,,False,<PUSH_TO_HUB_TOKEN>,False,False,"{'even_batches': True, 'non_blocking': False, 'split_batches': False, 'dispatch_batches': None, 'use_seedable_sampler': True, 'gradient_accumulation_kwargs': None}",False,,text,False,length,False,1.0,,-1.0,False,,,0.0,[],256.0,,True,False,True,False,False,12187325040.0,0.0,1.0,,False,,False,,,4.50.0.dev0,,,True,,eval_loss,False,True,,0.0,,True,False,False,auto,0.0,False,False,,0.0,2,,False,250.0,,,False,,,False,4.0,False,,1.0,1.0,0.0,False,False,,False,,,False,,,,,,,,,,,,,,,,,,,,,,,,,,,,,,,,,,,,,,,,,,,,,,,,,,,,,,,,,,,,,,,,,,,,,,,,,,,,,,,,,,,,,,,,,
rodornelles-hertie-school,master_thesis-gemma3,xgpkioyp,ft_unsloth_gemma-3-4b-it_v1_2025-04-13_14-12-44,2025-04-13T14:22:20Z,crashed,[],https://wandb.ai/rodornelles-hertie-school/master_thesis-gemma3/runs/xgpkioyp,True,False,[],3407.0,,[],adamw_8bit,50.0,1.0,,True,False,False,0.0,False,False,"{'0': 'LABEL_0', '1': 'LABEL_1'}","{'LABEL_0': 0, 'LABEL_1': 1}",ft_unsloth_gemma-3-4b-it_v1_2025-04-13_14-12-44,False,False,3407,,False,<HUB_TOKEN>,passive,-1.0,1.0,last,['wandb'],1.0,False,0.9,0.999,False,0.0,1,False,0.0,20.0,0.0,gemma3,,./ft_unsloth_gemma-3-4b-it_v1_2025-04-13_14-12-44,-1.0,500.0,,1800.0,"{'xla': False, 'xla_fsdp_v2': False, 'min_num_params': 0, 'xla_fsdp_grad_ckpt': False}",,./ft_unsloth_gemma-3-4b-it_v1_2025-04-13_14-12-44/runs/Apr13_14-13-11_7783fa843c9d,False,True,1.0,"{'top_k': 50, 'top_p': 1, 'prefix': None, 'head_dim': 256, 'id2label': {'0': 'LABEL_0', '1': 'LABEL_1'}, 'label2id': {'LABEL_0': 0, 'LABEL_1': 1}, 'do_sample': False, 'num_beams': 1, 'typical_p': 1, 'use_cache': True, 'is_decoder': False, 'max_length': 20, 'min_length': 0, 'model_type': 'gemma3_text', 'rope_theta': 1000000.0, 'vocab_size': 262208, 'hidden_size': 2560, 'return_dict': True, 'temperature': 1, 'torch_dtype': 'bfloat16', 'torchscript': False, 'bos_token_id': 2, 'eos_token_id': 1, 'pad_token_id': 0, 'problem_type': None, 'rms_norm_eps': 1e-06, 'rope_scaling': {'factor': 8, 'rope_type': 'linear'}, 'sep_token_id': None, 'use_bfloat16': False, '_name_or_path': '', 'architectures': None, 'bad_words_ids': None, 'output_scores': False, 'attention_bias': False, 'early_stopping': False, 'length_penalty': 1, 'sliding_window': 1024, 'tf_legacy_loss': False, 'finetuning_task': None, 'num_beam_groups': 1, 'suppress_tokens': None, 'tokenizer_class': None, 'attention_dropout': 0, 'diversity_penalty': 0, 'hidden_activation': 'gelu_pytorch_tanh', 'initializer_range': 0.02, 'intermediate_size': 10240, 'num_hidden_layers': 34, 'output_attentions': False, 'is_encoder_decoder': False, 'repetition_penalty': 1, 'add_cross_attention': False, 'forced_bos_token_id': None, 'forced_eos_token_id': None, 'num_attention_heads': 8, 'num_key_value_heads': 4, 'tie_encoder_decoder': False, 'tie_word_embeddings': True, 'cache_implementation': 'hybrid', 'no_repeat_ngram_size': 0, 'num_return_sequences': 1, 'output_hidden_states': False, 'rope_local_base_freq': 10000, 'task_specific_params': None, 'begin_suppress_tokens': None, 'query_pre_attn_scalar': 256, 'remove_invalid_values': False, 'attn_logit_softcapping': None, 'decoder_start_token_id': None, 'sliding_window_pattern': 6, 'chunk_size_feed_forward': 0, 'final_logit_softcapping': None, 'max_position_embeddings': 131072, 'return_dict_in_generate': False, 'cross_attention_hidden_size': None, '_attn_implementation_autoset': False, 'encoder_no_repeat_ngram_size': 0, 'exponential_decay_length_penalty': None}",bfloat16,,False,1e-08,2.0,False,106,,auto,,every_save,0.0,,,False,0.1,5.0,0.01,['Gemma3ForConditionalGeneration'],,False,steps,False,2e-05,1.0,1.0,,False,steps,False,,True,"{'top_k': 50, 'top_p': 1, 'prefix': None, 'id2label': {'0': 'LABEL_0', '1': 'LABEL_1'}, 'label2id': {'LABEL_0': 0, 'LABEL_1': 1}, 'do_sample': False, 'num_beams': 1, 'typical_p': 1, 'hidden_act': 'gelu_pytorch_tanh', 'image_size': 896, 'is_decoder': False, 'max_length': 20, 'min_length': 0, 'model_type': 'siglip_vision_model', 'patch_size': 14, 'hidden_size': 1152, 'return_dict': True, 'temperature': 1, 'torch_dtype': 'bfloat16', 'torchscript': False, 'bos_token_id': None, 'eos_token_id': None, 'num_channels': 3, 'pad_token_id': None, 'problem_type': None, 'sep_token_id': None, 'use_bfloat16': False, '_name_or_path': '', 'architectures': None, 'bad_words_ids': None, 'output_scores': False, 'early_stopping': False, 'layer_norm_eps': 1e-06, 'length_penalty': 1, 'tf_legacy_loss': False, 'finetuning_task': None, 'num_beam_groups': 1, 'suppress_tokens': None, 'tokenizer_class': None, 'vision_use_head': False, 'attention_dropout': 0, 'diversity_penalty': 0, 'intermediate_size': 4304, 'num_hidden_layers': 27, 'output_attentions': False, 'is_encoder_decoder': False, 'repetition_penalty': 1, 'add_cross_attention': False, 'forced_bos_token_id': None, 'forced_eos_token_id': None, 'num_attention_heads': 16, 'tie_encoder_decoder': False, 'tie_word_embeddings': True, 'no_repeat_ngram_size': 0, 'num_return_sequences': 1, 'output_hidden_states': False, 'task_specific_params': None, 'begin_suppress_tokens': None, 'remove_invalid_values': False, 'decoder_start_token_id': None, 'chunk_size_feed_forward': 0, 'return_dict_in_generate': False, 'cross_attention_hidden_size': None, '_attn_implementation_autoset': False, 'encoder_no_repeat_ngram_size': 0, 'exponential_decay_length_penalty': None}",True,,False,False,O1,1.0,16384.0,False,False,255999.0,<CHARS_PER_TOKEN>,256000.0,,False,False,1.0,False,,,2025.3.19,128.0,False,,False,True,steps,,3.0,True,,False,,0.0,False,262144.0,0.02,warning,linear,,False,<PUSH_TO_HUB_TOKEN>,False,False,"{'even_batches': True, 'non_blocking': False, 'split_batches': False, 'dispatch_batches': None, 'use_seedable_sampler': True, 'gradient_accumulation_kwargs': None}",False,,text,False,length,False,1.0,,-1.0,False,,,0.0,[],256.0,,True,False,True,False,False,4305301872.0,0.0,1.0,,False,,False,,,4.51.2,,,True,,loss,False,True,,0.0,,True,False,False,auto,0.0,True,False,,0.0,2,,False,250.0,,,False,,,False,4.0,False,,8.0,1.0,0.0,False,False,,False,,,False,,,,,,,,,,,,,"{'default': {'r': 4, 'bias': 'none', 'revision': None, 'use_dora': False, 'lora_bias': False, 'peft_type': 'LORA', 'task_type': 'CAUSAL_LM', 'eva_config': None, 'lora_alpha': 4, 'use_rslora': False, 'auto_mapping': None, 'lora_dropout': 0, 'megatron_core': 'megatron.core', 'fan_in_fan_out': False, 'inference_mode': False, 'layers_pattern': None, 'runtime_config': {'ephemeral_gpu_offload': False}, 'target_modules': '(?:.*?(?:language|text).*?(?:mlp|feed_forward|ffn|dense).*?(?:k_proj|v_proj|q_proj|out_proj|fc1|fc2|o_proj|gate_proj|up_proj|down_proj).*?)|(?:\\bmodel\\.layers\\.[\\d]{1,}\\.(?:mlp|feed_forward|ffn|dense)\\.(?:(?:k_proj|v_proj|q_proj|out_proj|fc1|fc2|o_proj|gate_proj|up_proj|down_proj)))', 'exclude_modules': None, 'megatron_config': None, 'modules_to_save': None, 'init_lora_weights': True, 'layer_replication': None, 'layers_to_transform': None, 'base_model_name_or_path': 'unsloth/gemma-3-4b-it-unsloth-bnb-4bit'}}","{'load_in_4bit': True, 'load_in_8bit': False, 'quant_method': 'bitsandbytes', 'llm_int8_threshold': 6, 'bnb_4bit_quant_type': 'nf4', 'llm_int8_skip_modules': None, 'bnb_4bit_compute_dtype': 'bfloat16', 'llm_int8_has_fp16_weight': False, 'bnb_4bit_use_double_quant': True, 'llm_int8_enable_fp32_cpu_offload': False}",,,,,,,,,,,,,,,,,,,,,,,,,,,,,,,,,,,,,,,,,,,,,,,,,,,,,,,,,,,,,,,,,,,,,,,,,,,
rodornelles-hertie-school,master_thesis-gemma3,wthgoaou,gemma-3-12b-it_v1_2025-04-12_15-58-00_ft,2025-04-12T16:07:00Z,crashed,[],https://wandb.ai/rodornelles-hertie-school/master_thesis-gemma3/runs/wthgoaou,False,False,[],3407.0,,[],adamw_8bit,50.0,1.0,,False,False,False,0.0,False,False,"{'0': 'LABEL_0', '1': 'LABEL_1'}","{'LABEL_0': 0, 'LABEL_1': 1}",gemma-3-12b-it_v1_2025-04-12_15-58-00,False,False,3407,,False,<HUB_TOKEN>,passive,-1.0,1.0,last,['wandb'],1.0,False,0.9,0.999,False,0.0,10,False,0.0,20.0,0.0,gemma3,,trainer_output,-1.0,100.0,,1800.0,"{'xla': False, 'xla_fsdp_v2': False, 'min_num_params': 0, 'xla_fsdp_grad_ckpt': False}",,trainer_output/runs/Apr12_15-58-23_7783fa843c9d,False,True,1.0,"{'top_k': 50, 'top_p': 1, 'prefix': None, 'head_dim': 256, 'id2label': {'0': 'LABEL_0', '1': 'LABEL_1'}, 'label2id': {'LABEL_0': 0, 'LABEL_1': 1}, 'do_sample': False, 'num_beams': 1, 'typical_p': 1, 'use_cache': True, 'is_decoder': False, 'max_length': 20, 'min_length': 0, 'model_type': 'gemma3_text', 'rope_theta': 1000000.0, 'vocab_size': 262208, 'hidden_size': 3840, 'return_dict': True, 'temperature': 1, 'torch_dtype': 'bfloat16', 'torchscript': False, 'bos_token_id': 2, 'eos_token_id': 1, 'pad_token_id': 0, 'problem_type': None, 'rms_norm_eps': 1e-06, 'rope_scaling': {'factor': 8, 'rope_type': 'linear'}, 'sep_token_id': None, 'use_bfloat16': False, '_name_or_path': '', 'architectures': None, 'bad_words_ids': None, 'output_scores': False, 'attention_bias': False, 'early_stopping': False, 'length_penalty': 1, 'sliding_window': 1024, 'tf_legacy_loss': False, 'finetuning_task': None, 'num_beam_groups': 1, 'suppress_tokens': None, 'tokenizer_class': None, 'attention_dropout': 0, 'diversity_penalty': 0, 'hidden_activation': 'gelu_pytorch_tanh', 'initializer_range': 0.02, 'intermediate_size': 15360, 'num_hidden_layers': 48, 'output_attentions': False, 'is_encoder_decoder': False, 'repetition_penalty': 1, 'add_cross_attention': False, 'forced_bos_token_id': None, 'forced_eos_token_id': None, 'num_attention_heads': 16, 'num_key_value_heads': 8, 'tie_encoder_decoder': False, 'tie_word_embeddings': True, 'cache_implementation': 'hybrid', 'no_repeat_ngram_size': 0, 'num_return_sequences': 1, 'output_hidden_states': False, 'rope_local_base_freq': 10000, 'task_specific_params': None, 'begin_suppress_tokens': None, 'query_pre_attn_scalar': 256, 'remove_invalid_values': False, 'attn_logit_softcapping': None, 'decoder_start_token_id': None, 'sliding_window_pattern': 6, 'chunk_size_feed_forward': 0, 'final_logit_softcapping': None, 'max_position_embeddings': 131072, 'return_dict_in_generate': False, 'cross_attention_hidden_size': None, '_attn_implementation_autoset': False, 'encoder_no_repeat_ngram_size': 0, 'exponential_decay_length_penalty': None}",bfloat16,,False,1e-08,2.0,False,106,,auto,,every_save,0.0,,,False,0.1,5.0,0.01,['Gemma3ForConditionalGeneration'],,False,no,False,2e-07,1.0,1.0,,False,steps,False,,True,"{'top_k': 50, 'top_p': 1, 'prefix': None, 'id2label': {'0': 'LABEL_0', '1': 'LABEL_1'}, 'label2id': {'LABEL_0': 0, 'LABEL_1': 1}, 'do_sample': False, 'num_beams': 1, 'typical_p': 1, 'hidden_act': 'gelu_pytorch_tanh', 'image_size': 896, 'is_decoder': False, 'max_length': 20, 'min_length': 0, 'model_type': 'siglip_vision_model', 'patch_size': 14, 'hidden_size': 1152, 'return_dict': True, 'temperature': 1, 'torch_dtype': 'bfloat16', 'torchscript': False, 'bos_token_id': None, 'eos_token_id': None, 'num_channels': 3, 'pad_token_id': None, 'problem_type': None, 'sep_token_id': None, 'use_bfloat16': False, '_name_or_path': '', 'architectures': None, 'bad_words_ids': None, 'output_scores': False, 'early_stopping': False, 'layer_norm_eps': 1e-06, 'length_penalty': 1, 'tf_legacy_loss': False, 'finetuning_task': None, 'num_beam_groups': 1, 'suppress_tokens': None, 'tokenizer_class': None, 'vision_use_head': False, 'attention_dropout': 0, 'diversity_penalty': 0, 'intermediate_size': 4304, 'num_hidden_layers': 27, 'output_attentions': False, 'is_encoder_decoder': False, 'repetition_penalty': 1, 'add_cross_attention': False, 'forced_bos_token_id': None, 'forced_eos_token_id': None, 'num_attention_heads': 16, 'tie_encoder_decoder': False, 'tie_word_embeddings': True, 'no_repeat_ngram_size': 0, 'num_return_sequences': 1, 'output_hidden_states': False, 'task_specific_params': None, 'begin_suppress_tokens': None, 'remove_invalid_values': False, 'decoder_start_token_id': None, 'chunk_size_feed_forward': 0, 'return_dict_in_generate': False, 'cross_attention_hidden_size': None, '_attn_implementation_autoset': False, 'encoder_no_repeat_ngram_size': 0, 'exponential_decay_length_penalty': None}",True,,False,False,O1,1.0,1024.0,False,False,255999.0,<CHARS_PER_TOKEN>,256000.0,,False,False,1.0,False,,,2025.3.14,128.0,False,,False,True,steps,,3.0,True,,False,,0.0,,262144.0,0.02,warning,linear,,False,<PUSH_TO_HUB_TOKEN>,False,False,"{'even_batches': True, 'non_blocking': False, 'split_batches': False, 'dispatch_batches': None, 'use_seedable_sampler': True, 'gradient_accumulation_kwargs': None}",False,,text,False,length,False,1.0,,-1.0,False,,,0.0,[],256.0,,True,False,True,False,False,12187325040.0,0.0,1.0,,False,,False,,,4.50.0.dev0,,,True,,,False,True,,0.0,,True,False,False,auto,0.0,False,False,,0.0,2,,False,250.0,,,False,,,False,4.0,False,,1.0,1.0,0.0,False,False,,False,,,False,,,,,,,,,,,,,,,,,,,,,,,,,,,,,,,,,,,,,,,,,,,,,,,,,,,,,,,,,,,,,,,,,,,,,,,,,,,,,,,,,,,,,,,,,
rodornelles-hertie-school,master_thesis-gemma3,79fh4m6y,gemma-3-12b-it_v1_{now}_ft,2025-04-12T16:06:16Z,crashed,[],https://wandb.ai/rodornelles-hertie-school/master_thesis-gemma3/runs/79fh4m6y,,,,,,,,,,,,,,,,,,,,,,,,,,,,,,,,,,,,,,,,,,,,,,,,,,,,,,,,,,,,,,,,,,,,,,,,,,,,,,,,,,,,,,,,,,,,,,,,,,,,,,,,,,,,,,,,,,,,,,,,,,,,,,,,,,,,,,,,,,,,,,,,,,,,,,,,,,,,,,,,,,,,,,,,,,,,,,,,,,,,,,,,,,,,,,,,,,,,,,,,,,,,,,,,,,,,,,,,,,,,,,,,,,,,,,,,,,,,,,,,,,,,,,,,,,,,,,,,,,,,,,,,,,,,,,,,,,,,,,,,,,,,,,,,,,,,,,
rodornelles-hertie-school,master_thesis-gemma3,rqsgqalr,ft_unsloth_gemma-3-4b-it_v1_2025-04-13_13-40-03,2025-04-13T13:56:42Z,crashed,[],https://wandb.ai/rodornelles-hertie-school/master_thesis-gemma3/runs/rqsgqalr,True,False,[],3407.0,,[],adamw_8bit,50.0,1.0,,True,False,False,0.0,False,False,"{'0': 'LABEL_0', '1': 'LABEL_1'}","{'LABEL_0': 0, 'LABEL_1': 1}",ft_unsloth_gemma-3-4b-it_v1_2025-04-13_13-40-03,False,False,3407,,False,<HUB_TOKEN>,passive,-1.0,1.0,last,['wandb'],1.0,False,0.9,0.999,False,0.0,1,False,0.0,20.0,0.0,gemma3,,./ft_unsloth_gemma-3-4b-it_v1_2025-04-13_13-40-03,-1.0,500.0,,1800.0,"{'xla': False, 'xla_fsdp_v2': False, 'min_num_params': 0, 'xla_fsdp_grad_ckpt': False}",,./ft_unsloth_gemma-3-4b-it_v1_2025-04-13_13-40-03/runs/Apr13_13-47-11_7783fa843c9d,False,True,1.0,"{'top_k': 50, 'top_p': 1, 'prefix': None, 'head_dim': 256, 'id2label': {'0': 'LABEL_0', '1': 'LABEL_1'}, 'label2id': {'LABEL_0': 0, 'LABEL_1': 1}, 'do_sample': False, 'num_beams': 1, 'typical_p': 1, 'use_cache': True, 'is_decoder': False, 'max_length': 20, 'min_length': 0, 'model_type': 'gemma3_text', 'rope_theta': 1000000.0, 'vocab_size': 262208, 'hidden_size': 2560, 'return_dict': True, 'temperature': 1, 'torch_dtype': 'bfloat16', 'torchscript': False, 'bos_token_id': 2, 'eos_token_id': 1, 'pad_token_id': 0, 'problem_type': None, 'rms_norm_eps': 1e-06, 'rope_scaling': {'factor': 8, 'rope_type': 'linear'}, 'sep_token_id': None, 'use_bfloat16': False, '_name_or_path': '', 'architectures': None, 'bad_words_ids': None, 'output_scores': False, 'attention_bias': False, 'early_stopping': False, 'length_penalty': 1, 'sliding_window': 1024, 'tf_legacy_loss': False, 'finetuning_task': None, 'num_beam_groups': 1, 'suppress_tokens': None, 'tokenizer_class': None, 'attention_dropout': 0, 'diversity_penalty': 0, 'hidden_activation': 'gelu_pytorch_tanh', 'initializer_range': 0.02, 'intermediate_size': 10240, 'num_hidden_layers': 34, 'output_attentions': False, 'is_encoder_decoder': False, 'repetition_penalty': 1, 'add_cross_attention': False, 'forced_bos_token_id': None, 'forced_eos_token_id': None, 'num_attention_heads': 8, 'num_key_value_heads': 4, 'tie_encoder_decoder': False, 'tie_word_embeddings': True, 'cache_implementation': 'hybrid', 'no_repeat_ngram_size': 0, 'num_return_sequences': 1, 'output_hidden_states': False, 'rope_local_base_freq': 10000, 'task_specific_params': None, 'begin_suppress_tokens': None, 'query_pre_attn_scalar': 256, 'remove_invalid_values': False, 'attn_logit_softcapping': None, 'decoder_start_token_id': None, 'sliding_window_pattern': 6, 'chunk_size_feed_forward': 0, 'final_logit_softcapping': None, 'max_position_embeddings': 131072, 'return_dict_in_generate': False, 'cross_attention_hidden_size': None, '_attn_implementation_autoset': False, 'encoder_no_repeat_ngram_size': 0, 'exponential_decay_length_penalty': None}",bfloat16,,False,1e-08,2.0,False,106,,auto,,every_save,0.0,,,False,0.1,5.0,0.01,['Gemma3ForConditionalGeneration'],,False,steps,False,2e-05,1.0,1.0,,False,steps,False,,True,"{'top_k': 50, 'top_p': 1, 'prefix': None, 'id2label': {'0': 'LABEL_0', '1': 'LABEL_1'}, 'label2id': {'LABEL_0': 0, 'LABEL_1': 1}, 'do_sample': False, 'num_beams': 1, 'typical_p': 1, 'hidden_act': 'gelu_pytorch_tanh', 'image_size': 896, 'is_decoder': False, 'max_length': 20, 'min_length': 0, 'model_type': 'siglip_vision_model', 'patch_size': 14, 'hidden_size': 1152, 'return_dict': True, 'temperature': 1, 'torch_dtype': 'bfloat16', 'torchscript': False, 'bos_token_id': None, 'eos_token_id': None, 'num_channels': 3, 'pad_token_id': None, 'problem_type': None, 'sep_token_id': None, 'use_bfloat16': False, '_name_or_path': '', 'architectures': None, 'bad_words_ids': None, 'output_scores': False, 'early_stopping': False, 'layer_norm_eps': 1e-06, 'length_penalty': 1, 'tf_legacy_loss': False, 'finetuning_task': None, 'num_beam_groups': 1, 'suppress_tokens': None, 'tokenizer_class': None, 'vision_use_head': False, 'attention_dropout': 0, 'diversity_penalty': 0, 'intermediate_size': 4304, 'num_hidden_layers': 27, 'output_attentions': False, 'is_encoder_decoder': False, 'repetition_penalty': 1, 'add_cross_attention': False, 'forced_bos_token_id': None, 'forced_eos_token_id': None, 'num_attention_heads': 16, 'tie_encoder_decoder': False, 'tie_word_embeddings': True, 'no_repeat_ngram_size': 0, 'num_return_sequences': 1, 'output_hidden_states': False, 'task_specific_params': None, 'begin_suppress_tokens': None, 'remove_invalid_values': False, 'decoder_start_token_id': None, 'chunk_size_feed_forward': 0, 'return_dict_in_generate': False, 'cross_attention_hidden_size': None, '_attn_implementation_autoset': False, 'encoder_no_repeat_ngram_size': 0, 'exponential_decay_length_penalty': None}",True,,False,False,O1,1.0,16384.0,False,False,255999.0,<CHARS_PER_TOKEN>,256000.0,,False,False,1.0,False,,,2025.3.19,128.0,False,,False,True,steps,,3.0,True,,False,,0.0,False,262144.0,0.02,warning,linear,,False,<PUSH_TO_HUB_TOKEN>,False,False,"{'even_batches': True, 'non_blocking': False, 'split_batches': False, 'dispatch_batches': None, 'use_seedable_sampler': True, 'gradient_accumulation_kwargs': None}",False,,text,False,length,False,1.0,,-1.0,False,,,0.0,[],256.0,,True,False,True,False,False,4314980720.0,0.0,1.0,,False,,False,,,4.51.2,,,True,,loss,False,True,,0.0,,True,False,False,auto,0.0,True,False,,0.0,2,,False,250.0,,,False,,,False,4.0,False,,4.0,2.0,0.0,False,False,,False,,,False,,,,,,,,,,,,,"{'default': {'r': 8, 'bias': 'none', 'revision': None, 'use_dora': False, 'lora_bias': False, 'peft_type': 'LORA', 'task_type': 'CAUSAL_LM', 'eva_config': None, 'lora_alpha': 8, 'use_rslora': False, 'auto_mapping': None, 'lora_dropout': 0, 'megatron_core': 'megatron.core', 'fan_in_fan_out': False, 'inference_mode': False, 'layers_pattern': None, 'runtime_config': {'ephemeral_gpu_offload': False}, 'target_modules': '(?:.*?(?:language|text).*?(?:self_attn|attention|attn|mlp|feed_forward|ffn|dense).*?(?:k_proj|v_proj|q_proj|out_proj|fc1|fc2|o_proj|gate_proj|up_proj|down_proj).*?)|(?:\\bmodel\\.layers\\.[\\d]{1,}\\.(?:self_attn|attention|attn|mlp|feed_forward|ffn|dense)\\.(?:(?:k_proj|v_proj|q_proj|out_proj|fc1|fc2|o_proj|gate_proj|up_proj|down_proj)))', 'exclude_modules': None, 'megatron_config': None, 'modules_to_save': None, 'init_lora_weights': True, 'layer_replication': None, 'layers_to_transform': None, 'base_model_name_or_path': 'unsloth/gemma-3-4b-it-unsloth-bnb-4bit'}}","{'load_in_4bit': True, 'load_in_8bit': False, 'quant_method': 'bitsandbytes', 'llm_int8_threshold': 6, 'bnb_4bit_quant_type': 'nf4', 'llm_int8_skip_modules': None, 'bnb_4bit_compute_dtype': 'bfloat16', 'llm_int8_has_fp16_weight': False, 'bnb_4bit_use_double_quant': True, 'llm_int8_enable_fp32_cpu_offload': False}",,,,,,,,,,,,,,,,,,,,,,,,,,,,,,,,,,,,,,,,,,,,,,,,,,,,,,,,,,,,,,,,,,,,,,,,,,,
rodornelles-hertie-school,master_thesis-gemma3,id90vthr,ft_unsloth_Llama-3.2-3B-Instruct_v1_2025-04-13_14-29-48,2025-04-13T14:41:00Z,finished,[],https://wandb.ai/rodornelles-hertie-school/master_thesis-gemma3/runs/id90vthr,True,False,[],3407.0,,[],adamw_8bit,50.0,1.0,,True,False,False,0.0,False,False,"{'0': 'LABEL_0', '1': 'LABEL_1'}","{'LABEL_0': 0, 'LABEL_1': 1}",ft_unsloth_Llama-3.2-3B-Instruct_v1_2025-04-13_14-29-48,False,False,,,False,<HUB_TOKEN>,passive,-1.0,1.0,last,['wandb'],1.0,False,0.9,0.999,False,0.0,1,False,0.0,20.0,0.0,llama,,outputs_ft_unsloth_Llama-3.2-3B-Instruct_v1_2025-04-13_14-29-48,-1.0,500.0,,1800.0,"{'xla': False, 'xla_fsdp_v2': False, 'min_num_params': 0, 'xla_fsdp_grad_ckpt': False}",,outputs_ft_unsloth_Llama-3.2-3B-Instruct_v1_2025-04-13_14-29-48/runs/Apr13_14-31-45_7783fa843c9d,False,True,1.0,,bfloat16,,False,1e-08,128000.0,False,128009,,auto,,every_save,128004.0,,,False,0.0,5.0,0.01,['LlamaForCausalLM'],,False,steps,False,0.0002,1.0,1.0,,False,steps,False,,True,,True,,False,False,O1,1.0,16384.0,False,False,,<CHARS_PER_TOKEN>,,,False,False,1.0,False,,,2025.3.19,2.0,False,,False,True,steps,,3.0,True,,False,,0.0,False,,0.02,warning,linear,,False,<PUSH_TO_HUB_TOKEN>,False,False,"{'even_batches': True, 'non_blocking': False, 'split_batches': False, 'dispatch_batches': None, 'use_seedable_sampler': True, 'gradient_accumulation_kwargs': None}",False,,text,False,length,False,1.0,,-1.0,False,,,0.0,[],,,True,False,True,False,False,3237063680.0,0.0,1.0,,False,False,False,,,4.51.2,,,True,,eval_loss,False,True,,0.0,,True,False,False,auto,0.0,True,True,,0.0,4,,False,,,,False,,,False,2.0,False,,4.0,2.0,0.0,False,False,,False,,,False,{'runtime': 266},,,,130.804739743,0.0,1744554847.1316335,0.16666666666666666,1.0,0.3806543052196502,0.0,0.6476,"{'default': {'r': 16, 'bias': 'none', 'revision': None, 'use_dora': False, 'lora_bias': False, 'peft_type': 'LORA', 'task_type': 'CAUSAL_LM', 'eva_config': None, 'lora_alpha': 16, 'use_rslora': False, 'auto_mapping': None, 'lora_dropout': 0, 'megatron_core': 'megatron.core', 'fan_in_fan_out': False, 'inference_mode': False, 'layers_pattern': None, 'runtime_config': {'ephemeral_gpu_offload': False}, 'target_modules': ['gate_proj', 'v_proj', 'k_proj', 'down_proj', 'q_proj', 'o_proj', 'up_proj'], 'exclude_modules': None, 'megatron_config': None, 'modules_to_save': None, 'init_lora_weights': True, 'layer_replication': None, 'layers_to_transform': None, 'base_model_name_or_path': 'unsloth/llama-3.2-3b-instruct-unsloth-bnb-4bit'}}","{'load_in_4bit': True, 'load_in_8bit': False, 'quant_method': 'bitsandbytes', 'llm_int8_threshold': 6, 'bnb_4bit_quant_type': 'nf4', 'llm_int8_skip_modules': None, 'bnb_4bit_compute_dtype': 'bfloat16', 'llm_int8_has_fp16_weight': False, 'bnb_4bit_use_double_quant': True, 'llm_int8_enable_fp32_cpu_offload': False}",128.0,False,True,silu,500000.0,128256.0,3072.0,1e-05,"{'factor': 32, 'rope_type': 'llama3', 'low_freq_factor': 1, 'high_freq_factor': 4, 'original_max_position_embeddings': 8192}",False,1.0,0.0,8192.0,28.0,24.0,8.0,131072.0,,,,,,,,,,,,,,,,,,,,,,,,,,,,,,,,,,,,,,,,,,,,,,,,,,,,,,,,,,
rodornelles-hertie-school,master_thesis-gemma3,azsmibtp,gemma-3-12b-it_v1_2025-04-12_16-14-54_ft,2025-04-12T16:24:00Z,finished,[],https://wandb.ai/rodornelles-hertie-school/master_thesis-gemma3/runs/azsmibtp,False,False,[],3407.0,,[],adamw_8bit,50.0,1.0,,True,False,False,0.0,False,False,"{'0': 'LABEL_0', '1': 'LABEL_1'}","{'LABEL_0': 0, 'LABEL_1': 1}",gemma-3-12b-it_v1_2025-04-12_16-14-54,False,False,3407,,False,<HUB_TOKEN>,passive,-1.0,1.0,last,['wandb'],1.0,False,0.9,0.999,False,0.0,10,False,0.0,20.0,0.0,gemma3,,trainer_output,-1.0,100.0,,1800.0,"{'xla': False, 'xla_fsdp_v2': False, 'min_num_params': 0, 'xla_fsdp_grad_ckpt': False}",,trainer_output/runs/Apr12_16-15-22_7783fa843c9d,False,True,1.0,"{'top_k': 50, 'top_p': 1, 'prefix': None, 'head_dim': 256, 'id2label': {'0': 'LABEL_0', '1': 'LABEL_1'}, 'label2id': {'LABEL_0': 0, 'LABEL_1': 1}, 'do_sample': False, 'num_beams': 1, 'typical_p': 1, 'use_cache': True, 'is_decoder': False, 'max_length': 20, 'min_length': 0, 'model_type': 'gemma3_text', 'rope_theta': 1000000.0, 'vocab_size': 262208, 'hidden_size': 3840, 'return_dict': True, 'temperature': 1, 'torch_dtype': 'bfloat16', 'torchscript': False, 'bos_token_id': 2, 'eos_token_id': 1, 'pad_token_id': 0, 'problem_type': None, 'rms_norm_eps': 1e-06, 'rope_scaling': {'factor': 8, 'rope_type': 'linear'}, 'sep_token_id': None, 'use_bfloat16': False, '_name_or_path': '', 'architectures': None, 'bad_words_ids': None, 'output_scores': False, 'attention_bias': False, 'early_stopping': False, 'length_penalty': 1, 'sliding_window': 1024, 'tf_legacy_loss': False, 'finetuning_task': None, 'num_beam_groups': 1, 'suppress_tokens': None, 'tokenizer_class': None, 'attention_dropout': 0, 'diversity_penalty': 0, 'hidden_activation': 'gelu_pytorch_tanh', 'initializer_range': 0.02, 'intermediate_size': 15360, 'num_hidden_layers': 48, 'output_attentions': False, 'is_encoder_decoder': False, 'repetition_penalty': 1, 'add_cross_attention': False, 'forced_bos_token_id': None, 'forced_eos_token_id': None, 'num_attention_heads': 16, 'num_key_value_heads': 8, 'tie_encoder_decoder': False, 'tie_word_embeddings': True, 'cache_implementation': 'hybrid', 'no_repeat_ngram_size': 0, 'num_return_sequences': 1, 'output_hidden_states': False, 'rope_local_base_freq': 10000, 'task_specific_params': None, 'begin_suppress_tokens': None, 'query_pre_attn_scalar': 256, 'remove_invalid_values': False, 'attn_logit_softcapping': None, 'decoder_start_token_id': None, 'sliding_window_pattern': 6, 'chunk_size_feed_forward': 0, 'final_logit_softcapping': None, 'max_position_embeddings': 131072, 'return_dict_in_generate': False, 'cross_attention_hidden_size': None, '_attn_implementation_autoset': False, 'encoder_no_repeat_ngram_size': 0, 'exponential_decay_length_penalty': None}",bfloat16,,False,1e-08,2.0,False,106,,auto,,every_save,0.0,,,False,0.1,5.0,0.01,['Gemma3ForConditionalGeneration'],,False,steps,False,2e-07,1.0,1.0,,False,steps,False,,True,"{'top_k': 50, 'top_p': 1, 'prefix': None, 'id2label': {'0': 'LABEL_0', '1': 'LABEL_1'}, 'label2id': {'LABEL_0': 0, 'LABEL_1': 1}, 'do_sample': False, 'num_beams': 1, 'typical_p': 1, 'hidden_act': 'gelu_pytorch_tanh', 'image_size': 896, 'is_decoder': False, 'max_length': 20, 'min_length': 0, 'model_type': 'siglip_vision_model', 'patch_size': 14, 'hidden_size': 1152, 'return_dict': True, 'temperature': 1, 'torch_dtype': 'bfloat16', 'torchscript': False, 'bos_token_id': None, 'eos_token_id': None, 'num_channels': 3, 'pad_token_id': None, 'problem_type': None, 'sep_token_id': None, 'use_bfloat16': False, '_name_or_path': '', 'architectures': None, 'bad_words_ids': None, 'output_scores': False, 'early_stopping': False, 'layer_norm_eps': 1e-06, 'length_penalty': 1, 'tf_legacy_loss': False, 'finetuning_task': None, 'num_beam_groups': 1, 'suppress_tokens': None, 'tokenizer_class': None, 'vision_use_head': False, 'attention_dropout': 0, 'diversity_penalty': 0, 'intermediate_size': 4304, 'num_hidden_layers': 27, 'output_attentions': False, 'is_encoder_decoder': False, 'repetition_penalty': 1, 'add_cross_attention': False, 'forced_bos_token_id': None, 'forced_eos_token_id': None, 'num_attention_heads': 16, 'tie_encoder_decoder': False, 'tie_word_embeddings': True, 'no_repeat_ngram_size': 0, 'num_return_sequences': 1, 'output_hidden_states': False, 'task_specific_params': None, 'begin_suppress_tokens': None, 'remove_invalid_values': False, 'decoder_start_token_id': None, 'chunk_size_feed_forward': 0, 'return_dict_in_generate': False, 'cross_attention_hidden_size': None, '_attn_implementation_autoset': False, 'encoder_no_repeat_ngram_size': 0, 'exponential_decay_length_penalty': None}",True,,False,False,O1,1.0,1024.0,False,False,255999.0,<CHARS_PER_TOKEN>,256000.0,,False,False,1.0,False,,,2025.3.14,128.0,False,,False,True,steps,,3.0,True,,False,,0.0,False,262144.0,0.02,warning,linear,,False,<PUSH_TO_HUB_TOKEN>,False,False,"{'even_batches': True, 'non_blocking': False, 'split_batches': False, 'dispatch_batches': None, 'use_seedable_sampler': True, 'gradient_accumulation_kwargs': None}",False,,text,False,length,False,1.0,,-1.0,False,,,0.0,[],256.0,,True,False,True,False,False,12187325040.0,0.0,1.0,,False,,False,,,4.50.0.dev0,,,True,,eval_loss,False,True,,0.0,,True,False,False,auto,0.0,False,False,,0.0,2,,False,250.0,,,False,,,False,4.0,False,,4.0,1.0,0.0,False,False,,False,,,False,{'runtime': 178},,,,151.235425805,9.0,1744474650.6886332,0.21505376344086025,10.0,51.5,1.924812030075188e-07,2.2449,,,,,,,,,,,,,,,,,,,,,,,,,,,,,,,,,,,,,,,,,,,,,,,,,,,,,,,,,,,,,,,,,,,,,,,,,,,,,
rodornelles-hertie-school,master_thesis-gemma3,ew729e9j,gemma-3-12b-it_v1_2025-04-12_16-02-28_ft,2025-04-12T16:11:34Z,crashed,[],https://wandb.ai/rodornelles-hertie-school/master_thesis-gemma3/runs/ew729e9j,False,False,[],3407.0,,[],adamw_8bit,50.0,1.0,,True,False,False,0.0,False,False,"{'0': 'LABEL_0', '1': 'LABEL_1'}","{'LABEL_0': 0, 'LABEL_1': 1}",gemma-3-12b-it_v1_2025-04-12_16-02-28,False,False,3407,,False,<HUB_TOKEN>,passive,-1.0,1.0,last,['wandb'],1.0,False,0.9,0.999,False,0.0,10,False,0.0,20.0,0.0,gemma3,,trainer_output,-1.0,100.0,,1800.0,"{'xla': False, 'xla_fsdp_v2': False, 'min_num_params': 0, 'xla_fsdp_grad_ckpt': False}",,trainer_output/runs/Apr12_16-02-56_7783fa843c9d,False,True,1.0,"{'top_k': 50, 'top_p': 1, 'prefix': None, 'head_dim': 256, 'id2label': {'0': 'LABEL_0', '1': 'LABEL_1'}, 'label2id': {'LABEL_0': 0, 'LABEL_1': 1}, 'do_sample': False, 'num_beams': 1, 'typical_p': 1, 'use_cache': True, 'is_decoder': False, 'max_length': 20, 'min_length': 0, 'model_type': 'gemma3_text', 'rope_theta': 1000000.0, 'vocab_size': 262208, 'hidden_size': 3840, 'return_dict': True, 'temperature': 1, 'torch_dtype': 'bfloat16', 'torchscript': False, 'bos_token_id': 2, 'eos_token_id': 1, 'pad_token_id': 0, 'problem_type': None, 'rms_norm_eps': 1e-06, 'rope_scaling': {'factor': 8, 'rope_type': 'linear'}, 'sep_token_id': None, 'use_bfloat16': False, '_name_or_path': '', 'architectures': None, 'bad_words_ids': None, 'output_scores': False, 'attention_bias': False, 'early_stopping': False, 'length_penalty': 1, 'sliding_window': 1024, 'tf_legacy_loss': False, 'finetuning_task': None, 'num_beam_groups': 1, 'suppress_tokens': None, 'tokenizer_class': None, 'attention_dropout': 0, 'diversity_penalty': 0, 'hidden_activation': 'gelu_pytorch_tanh', 'initializer_range': 0.02, 'intermediate_size': 15360, 'num_hidden_layers': 48, 'output_attentions': False, 'is_encoder_decoder': False, 'repetition_penalty': 1, 'add_cross_attention': False, 'forced_bos_token_id': None, 'forced_eos_token_id': None, 'num_attention_heads': 16, 'num_key_value_heads': 8, 'tie_encoder_decoder': False, 'tie_word_embeddings': True, 'cache_implementation': 'hybrid', 'no_repeat_ngram_size': 0, 'num_return_sequences': 1, 'output_hidden_states': False, 'rope_local_base_freq': 10000, 'task_specific_params': None, 'begin_suppress_tokens': None, 'query_pre_attn_scalar': 256, 'remove_invalid_values': False, 'attn_logit_softcapping': None, 'decoder_start_token_id': None, 'sliding_window_pattern': 6, 'chunk_size_feed_forward': 0, 'final_logit_softcapping': None, 'max_position_embeddings': 131072, 'return_dict_in_generate': False, 'cross_attention_hidden_size': None, '_attn_implementation_autoset': False, 'encoder_no_repeat_ngram_size': 0, 'exponential_decay_length_penalty': None}",bfloat16,,False,1e-08,2.0,False,106,,auto,,every_save,0.0,,,False,0.1,5.0,0.01,['Gemma3ForConditionalGeneration'],,False,steps,False,2e-07,1.0,1.0,,False,steps,False,,True,"{'top_k': 50, 'top_p': 1, 'prefix': None, 'id2label': {'0': 'LABEL_0', '1': 'LABEL_1'}, 'label2id': {'LABEL_0': 0, 'LABEL_1': 1}, 'do_sample': False, 'num_beams': 1, 'typical_p': 1, 'hidden_act': 'gelu_pytorch_tanh', 'image_size': 896, 'is_decoder': False, 'max_length': 20, 'min_length': 0, 'model_type': 'siglip_vision_model', 'patch_size': 14, 'hidden_size': 1152, 'return_dict': True, 'temperature': 1, 'torch_dtype': 'bfloat16', 'torchscript': False, 'bos_token_id': None, 'eos_token_id': None, 'num_channels': 3, 'pad_token_id': None, 'problem_type': None, 'sep_token_id': None, 'use_bfloat16': False, '_name_or_path': '', 'architectures': None, 'bad_words_ids': None, 'output_scores': False, 'early_stopping': False, 'layer_norm_eps': 1e-06, 'length_penalty': 1, 'tf_legacy_loss': False, 'finetuning_task': None, 'num_beam_groups': 1, 'suppress_tokens': None, 'tokenizer_class': None, 'vision_use_head': False, 'attention_dropout': 0, 'diversity_penalty': 0, 'intermediate_size': 4304, 'num_hidden_layers': 27, 'output_attentions': False, 'is_encoder_decoder': False, 'repetition_penalty': 1, 'add_cross_attention': False, 'forced_bos_token_id': None, 'forced_eos_token_id': None, 'num_attention_heads': 16, 'tie_encoder_decoder': False, 'tie_word_embeddings': True, 'no_repeat_ngram_size': 0, 'num_return_sequences': 1, 'output_hidden_states': False, 'task_specific_params': None, 'begin_suppress_tokens': None, 'remove_invalid_values': False, 'decoder_start_token_id': None, 'chunk_size_feed_forward': 0, 'return_dict_in_generate': False, 'cross_attention_hidden_size': None, '_attn_implementation_autoset': False, 'encoder_no_repeat_ngram_size': 0, 'exponential_decay_length_penalty': None}",True,,False,False,O1,1.0,1024.0,False,False,255999.0,<CHARS_PER_TOKEN>,256000.0,,False,False,1.0,False,,,2025.3.14,128.0,False,,False,True,steps,,3.0,True,,False,,0.0,False,262144.0,0.02,warning,linear,,False,<PUSH_TO_HUB_TOKEN>,False,False,"{'even_batches': True, 'non_blocking': False, 'split_batches': False, 'dispatch_batches': None, 'use_seedable_sampler': True, 'gradient_accumulation_kwargs': None}",False,,text,False,length,False,1.0,,-1.0,False,,,0.0,[],256.0,,True,False,True,False,False,12187325040.0,0.0,1.0,,False,,False,,,4.50.0.dev0,,,True,,eval_loss,False,True,,0.0,,True,False,False,auto,0.0,False,False,,0.0,2,,False,250.0,,,False,,,False,4.0,False,,1.0,1.0,0.0,False,False,,False,,,False,{'runtime': 119},,,steps,119.024825653,9.0,1744473872.8617592,0.053763440860215055,10.0,51.0,1.9819168173598554e-07,2.2435,,,,,,,,,,,,,,,,,,,,,,,,,,,,,,,,,,,,,,,,,,,,,,,,,,,,,,,,,,,,,,,,,,,,,,,,,,,,,
rodornelles-hertie-school,master_thesis-gemma3,wy1xpid8,ft_unsloth_gemma-3-4b-it_v1_2025-04-13_14-10-54,2025-04-13T14:20:30Z,crashed,[],https://wandb.ai/rodornelles-hertie-school/master_thesis-gemma3/runs/wy1xpid8,True,False,[],3407.0,,[],adamw_8bit,50.0,1.0,,True,False,False,0.0,False,False,"{'0': 'LABEL_0', '1': 'LABEL_1'}","{'LABEL_0': 0, 'LABEL_1': 1}",ft_unsloth_gemma-3-4b-it_v1_2025-04-13_14-10-54,False,False,3407,,False,<HUB_TOKEN>,passive,-1.0,1.0,last,['wandb'],1.0,False,0.9,0.999,False,0.0,1,False,0.0,20.0,0.0,gemma3,,./ft_unsloth_gemma-3-4b-it_v1_2025-04-13_14-10-54,-1.0,500.0,,1800.0,"{'xla': False, 'xla_fsdp_v2': False, 'min_num_params': 0, 'xla_fsdp_grad_ckpt': False}",,./ft_unsloth_gemma-3-4b-it_v1_2025-04-13_14-10-54/runs/Apr13_14-11-21_7783fa843c9d,False,True,1.0,"{'top_k': 50, 'top_p': 1, 'prefix': None, 'head_dim': 256, 'id2label': {'0': 'LABEL_0', '1': 'LABEL_1'}, 'label2id': {'LABEL_0': 0, 'LABEL_1': 1}, 'do_sample': False, 'num_beams': 1, 'typical_p': 1, 'use_cache': True, 'is_decoder': False, 'max_length': 20, 'min_length': 0, 'model_type': 'gemma3_text', 'rope_theta': 1000000.0, 'vocab_size': 262208, 'hidden_size': 2560, 'return_dict': True, 'temperature': 1, 'torch_dtype': 'bfloat16', 'torchscript': False, 'bos_token_id': 2, 'eos_token_id': 1, 'pad_token_id': 0, 'problem_type': None, 'rms_norm_eps': 1e-06, 'rope_scaling': {'factor': 8, 'rope_type': 'linear'}, 'sep_token_id': None, 'use_bfloat16': False, '_name_or_path': '', 'architectures': None, 'bad_words_ids': None, 'output_scores': False, 'attention_bias': False, 'early_stopping': False, 'length_penalty': 1, 'sliding_window': 1024, 'tf_legacy_loss': False, 'finetuning_task': None, 'num_beam_groups': 1, 'suppress_tokens': None, 'tokenizer_class': None, 'attention_dropout': 0, 'diversity_penalty': 0, 'hidden_activation': 'gelu_pytorch_tanh', 'initializer_range': 0.02, 'intermediate_size': 10240, 'num_hidden_layers': 34, 'output_attentions': False, 'is_encoder_decoder': False, 'repetition_penalty': 1, 'add_cross_attention': False, 'forced_bos_token_id': None, 'forced_eos_token_id': None, 'num_attention_heads': 8, 'num_key_value_heads': 4, 'tie_encoder_decoder': False, 'tie_word_embeddings': True, 'cache_implementation': 'hybrid', 'no_repeat_ngram_size': 0, 'num_return_sequences': 1, 'output_hidden_states': False, 'rope_local_base_freq': 10000, 'task_specific_params': None, 'begin_suppress_tokens': None, 'query_pre_attn_scalar': 256, 'remove_invalid_values': False, 'attn_logit_softcapping': None, 'decoder_start_token_id': None, 'sliding_window_pattern': 6, 'chunk_size_feed_forward': 0, 'final_logit_softcapping': None, 'max_position_embeddings': 131072, 'return_dict_in_generate': False, 'cross_attention_hidden_size': None, '_attn_implementation_autoset': False, 'encoder_no_repeat_ngram_size': 0, 'exponential_decay_length_penalty': None}",bfloat16,,False,1e-08,2.0,False,106,,auto,,every_save,0.0,,,False,0.1,5.0,0.01,['Gemma3ForConditionalGeneration'],,False,steps,False,2e-05,1.0,1.0,,False,steps,False,,True,"{'top_k': 50, 'top_p': 1, 'prefix': None, 'id2label': {'0': 'LABEL_0', '1': 'LABEL_1'}, 'label2id': {'LABEL_0': 0, 'LABEL_1': 1}, 'do_sample': False, 'num_beams': 1, 'typical_p': 1, 'hidden_act': 'gelu_pytorch_tanh', 'image_size': 896, 'is_decoder': False, 'max_length': 20, 'min_length': 0, 'model_type': 'siglip_vision_model', 'patch_size': 14, 'hidden_size': 1152, 'return_dict': True, 'temperature': 1, 'torch_dtype': 'bfloat16', 'torchscript': False, 'bos_token_id': None, 'eos_token_id': None, 'num_channels': 3, 'pad_token_id': None, 'problem_type': None, 'sep_token_id': None, 'use_bfloat16': False, '_name_or_path': '', 'architectures': None, 'bad_words_ids': None, 'output_scores': False, 'early_stopping': False, 'layer_norm_eps': 1e-06, 'length_penalty': 1, 'tf_legacy_loss': False, 'finetuning_task': None, 'num_beam_groups': 1, 'suppress_tokens': None, 'tokenizer_class': None, 'vision_use_head': False, 'attention_dropout': 0, 'diversity_penalty': 0, 'intermediate_size': 4304, 'num_hidden_layers': 27, 'output_attentions': False, 'is_encoder_decoder': False, 'repetition_penalty': 1, 'add_cross_attention': False, 'forced_bos_token_id': None, 'forced_eos_token_id': None, 'num_attention_heads': 16, 'tie_encoder_decoder': False, 'tie_word_embeddings': True, 'no_repeat_ngram_size': 0, 'num_return_sequences': 1, 'output_hidden_states': False, 'task_specific_params': None, 'begin_suppress_tokens': None, 'remove_invalid_values': False, 'decoder_start_token_id': None, 'chunk_size_feed_forward': 0, 'return_dict_in_generate': False, 'cross_attention_hidden_size': None, '_attn_implementation_autoset': False, 'encoder_no_repeat_ngram_size': 0, 'exponential_decay_length_penalty': None}",True,,False,False,O1,1.0,16384.0,False,False,255999.0,<CHARS_PER_TOKEN>,256000.0,,False,False,1.0,False,,,2025.3.19,128.0,False,,False,True,steps,,3.0,True,,False,,0.0,False,262144.0,0.02,warning,linear,,False,<PUSH_TO_HUB_TOKEN>,False,False,"{'even_batches': True, 'non_blocking': False, 'split_batches': False, 'dispatch_batches': None, 'use_seedable_sampler': True, 'gradient_accumulation_kwargs': None}",False,,text,False,length,False,1.0,,-1.0,False,,,0.0,[],256.0,,True,False,True,False,False,4305301872.0,0.0,1.0,,False,,False,,,4.51.2,,,True,,loss,False,True,,0.0,,True,False,False,auto,0.0,True,False,,0.0,2,,False,250.0,,,False,,,False,4.0,False,,8.0,1.0,0.0,False,False,,False,,,False,,,,,,,,,,,,,"{'default': {'r': 4, 'bias': 'none', 'revision': None, 'use_dora': False, 'lora_bias': False, 'peft_type': 'LORA', 'task_type': 'CAUSAL_LM', 'eva_config': None, 'lora_alpha': 4, 'use_rslora': False, 'auto_mapping': None, 'lora_dropout': 0, 'megatron_core': 'megatron.core', 'fan_in_fan_out': False, 'inference_mode': False, 'layers_pattern': None, 'runtime_config': {'ephemeral_gpu_offload': False}, 'target_modules': '(?:.*?(?:language|text).*?(?:mlp|feed_forward|ffn|dense).*?(?:k_proj|v_proj|q_proj|out_proj|fc1|fc2|o_proj|gate_proj|up_proj|down_proj).*?)|(?:\\bmodel\\.layers\\.[\\d]{1,}\\.(?:mlp|feed_forward|ffn|dense)\\.(?:(?:k_proj|v_proj|q_proj|out_proj|fc1|fc2|o_proj|gate_proj|up_proj|down_proj)))', 'exclude_modules': None, 'megatron_config': None, 'modules_to_save': None, 'init_lora_weights': True, 'layer_replication': None, 'layers_to_transform': None, 'base_model_name_or_path': 'unsloth/gemma-3-4b-it-unsloth-bnb-4bit'}}","{'load_in_4bit': True, 'load_in_8bit': False, 'quant_method': 'bitsandbytes', 'llm_int8_threshold': 6, 'bnb_4bit_quant_type': 'nf4', 'llm_int8_skip_modules': None, 'bnb_4bit_compute_dtype': 'bfloat16', 'llm_int8_has_fp16_weight': False, 'bnb_4bit_use_double_quant': True, 'llm_int8_enable_fp32_cpu_offload': False}",,,,,,,,,,,,,,,,,,,,,,,,,,,,,,,,,,,,,,,,,,,,,,,,,,,,,,,,,,,,,,,,,,,,,,,,,,,
rodornelles-hertie-school,master_thesis-gemma3,di357dnh,ft_unsloth_Llama-3.2-3B-Instruct_v1_2025-04-13_14-29-48,2025-04-13T14:45:29Z,crashed,[],https://wandb.ai/rodornelles-hertie-school/master_thesis-gemma3/runs/di357dnh,True,False,[],3407.0,,[],adamw_8bit,50.0,1.0,,True,False,False,0.0,False,False,"{'0': 'LABEL_0', '1': 'LABEL_1'}","{'LABEL_0': 0, 'LABEL_1': 1}",ft_unsloth_Llama-3.2-3B-Instruct_v1_2025-04-13_14-29-48,False,False,,,False,<HUB_TOKEN>,passive,-1.0,1.0,last,['wandb'],1.0,False,0.9,0.999,False,0.0,1,False,0.0,20.0,0.0,llama,,outputs_ft_unsloth_Llama-3.2-3B-Instruct_v1_2025-04-13_14-29-48,-1.0,500.0,,1800.0,"{'xla': False, 'xla_fsdp_v2': False, 'min_num_params': 0, 'xla_fsdp_grad_ckpt': False}",,outputs_ft_unsloth_Llama-3.2-3B-Instruct_v1_2025-04-13_14-29-48/runs/Apr13_14-35-28_7783fa843c9d,False,True,1.0,,bfloat16,,False,1e-08,128000.0,False,128009,,auto,,every_save,128004.0,,,False,0.0,5.0,0.01,['LlamaForCausalLM'],,False,steps,False,0.0002,1.0,1.0,,False,steps,False,,True,,True,,False,False,O1,1.0,16384.0,False,False,,<CHARS_PER_TOKEN>,,,False,False,1.0,False,,,2025.3.19,1.0,False,,False,True,steps,,3.0,True,,False,,0.0,False,,0.02,warning,linear,,False,<PUSH_TO_HUB_TOKEN>,False,False,"{'even_batches': True, 'non_blocking': False, 'split_batches': False, 'dispatch_batches': None, 'use_seedable_sampler': True, 'gradient_accumulation_kwargs': None}",False,,text,False,length,False,1.0,,-1.0,False,,,0.0,[],,,True,False,True,False,False,3237063680.0,0.0,1.0,,False,False,False,,,4.51.2,,,True,,eval_loss,False,True,,0.0,,True,False,False,auto,0.0,True,True,,0.0,4,,False,,,,False,,,False,1.0,False,,4.0,1.0,0.0,False,False,,False,,,False,{'runtime': 163},,,,163.703501809,10.0,1744555147.815326,0.12903225806451613,6.0,1.4180368185043335,0.0002,1.8653,"{'default': {'r': 16, 'bias': 'none', 'revision': None, 'use_dora': False, 'lora_bias': False, 'peft_type': 'LORA', 'task_type': 'CAUSAL_LM', 'eva_config': None, 'lora_alpha': 16, 'use_rslora': False, 'auto_mapping': None, 'lora_dropout': 0, 'megatron_core': 'megatron.core', 'fan_in_fan_out': False, 'inference_mode': False, 'layers_pattern': None, 'runtime_config': {'ephemeral_gpu_offload': False}, 'target_modules': ['gate_proj', 'v_proj', 'k_proj', 'down_proj', 'q_proj', 'o_proj', 'up_proj'], 'exclude_modules': None, 'megatron_config': None, 'modules_to_save': None, 'init_lora_weights': True, 'layer_replication': None, 'layers_to_transform': None, 'base_model_name_or_path': 'unsloth/llama-3.2-3b-instruct-unsloth-bnb-4bit'}}","{'load_in_4bit': True, 'load_in_8bit': False, 'quant_method': 'bitsandbytes', 'llm_int8_threshold': 6, 'bnb_4bit_quant_type': 'nf4', 'llm_int8_skip_modules': None, 'bnb_4bit_compute_dtype': 'bfloat16', 'llm_int8_has_fp16_weight': False, 'bnb_4bit_use_double_quant': True, 'llm_int8_enable_fp32_cpu_offload': False}",128.0,False,True,silu,500000.0,128256.0,3072.0,1e-05,"{'factor': 32, 'rope_type': 'llama3', 'low_freq_factor': 1, 'high_freq_factor': 4, 'original_max_position_embeddings': 8192}",False,1.0,0.0,8192.0,28.0,24.0,8.0,131072.0,0.7994875311851501,27.1758,1.435,1.435,,,,,,,,,,,,,,,,,,,,,,,,,,,,,,,,,,,,,,,,,,,,,,,,,,,,,,
rodornelles-hertie-school,master_thesis-gemma3,a2xzussc,HF--gemma-3-4b-it_v1_2025-04-12_17-28-29_ft,2025-04-12T17:37:31Z,crashed,[],https://wandb.ai/rodornelles-hertie-school/master_thesis-gemma3/runs/a2xzussc,False,True,[],3407.0,,[],adamw_bnb_8bit,50.0,1.0,,True,False,False,0.0,False,False,"{'0': 'LABEL_0', '1': 'LABEL_1'}","{'LABEL_0': 0, 'LABEL_1': 1}",./results/HF--gemma-3-4b-it_v1_2025-04-12_17-28-29,False,False,,,False,<HUB_TOKEN>,passive,-1.0,1.0,last,['wandb'],1.0,,0.9,0.999,False,0.0,10,False,0.0,16384.0,0.0,gemma3,,./results/HF--gemma-3-4b-it_v1_2025-04-12_17-28-29,-1.0,100.0,,1800.0,"{'xla': False, 'xla_fsdp_v2': False, 'min_num_params': 0, 'xla_fsdp_grad_ckpt': False}",,./results/HF--gemma-3-4b-it_v1_2025-04-12_17-28-29/runs/Apr12_17-28-44_7783fa843c9d,False,True,1.0,"{'top_k': 50, 'top_p': 1, 'prefix': None, 'head_dim': 256, 'id2label': {'0': 'LABEL_0', '1': 'LABEL_1'}, 'label2id': {'LABEL_0': 0, 'LABEL_1': 1}, 'do_sample': False, 'num_beams': 1, 'typical_p': 1, 'use_cache': True, 'is_decoder': False, 'max_length': 20, 'min_length': 0, 'model_type': 'gemma3_text', 'rope_theta': 1000000.0, 'vocab_size': 262208, 'hidden_size': 2560, 'return_dict': True, 'temperature': 1, 'torch_dtype': 'float16', 'torchscript': False, 'bos_token_id': 2, 'eos_token_id': 1, 'pad_token_id': 0, 'problem_type': None, 'rms_norm_eps': 1e-06, 'rope_scaling': {'factor': 8, 'rope_type': 'linear'}, 'sep_token_id': None, 'use_bfloat16': False, '_name_or_path': '', 'architectures': None, 'bad_words_ids': None, 'output_scores': False, 'attention_bias': False, 'early_stopping': False, 'length_penalty': 1, 'sliding_window': 1024, 'tf_legacy_loss': False, 'finetuning_task': None, 'num_beam_groups': 1, 'suppress_tokens': None, 'tokenizer_class': None, 'attention_dropout': 0, 'diversity_penalty': 0, 'hidden_activation': 'gelu_pytorch_tanh', 'initializer_range': 0.02, 'intermediate_size': 10240, 'num_hidden_layers': 34, 'output_attentions': False, 'is_encoder_decoder': False, 'repetition_penalty': 1, 'add_cross_attention': False, 'forced_bos_token_id': None, 'forced_eos_token_id': None, 'num_attention_heads': 8, 'num_key_value_heads': 4, 'tie_encoder_decoder': False, 'tie_word_embeddings': True, 'cache_implementation': 'hybrid', 'no_repeat_ngram_size': 0, 'num_return_sequences': 1, 'output_hidden_states': False, 'rope_local_base_freq': 10000, 'task_specific_params': None, 'begin_suppress_tokens': None, 'query_pre_attn_scalar': 256, 'remove_invalid_values': False, 'attn_logit_softcapping': None, 'decoder_start_token_id': None, 'sliding_window_pattern': 6, 'chunk_size_feed_forward': 0, 'final_logit_softcapping': None, 'max_position_embeddings': 131072, 'return_dict_in_generate': False, 'cross_attention_hidden_size': None, '_attn_implementation_autoset': False, 'encoder_no_repeat_ngram_size': 0, 'exponential_decay_length_penalty': None}",float16,,False,1e-08,,False,"[1, 106]",,auto,,every_save,,,,False,0.0,5.0,0.01,['Gemma3ForConditionalGeneration'],,False,steps,False,2e-05,1.0,1.0,,False,steps,False,,,"{'top_k': 50, 'top_p': 1, 'prefix': None, 'id2label': {'0': 'LABEL_0', '1': 'LABEL_1'}, 'label2id': {'LABEL_0': 0, 'LABEL_1': 1}, 'do_sample': False, 'num_beams': 1, 'typical_p': 1, 'hidden_act': 'gelu_pytorch_tanh', 'image_size': 896, 'is_decoder': False, 'max_length': 20, 'min_length': 0, 'model_type': 'siglip_vision_model', 'patch_size': 14, 'hidden_size': 1152, 'return_dict': True, 'temperature': 1, 'torch_dtype': 'float16', 'torchscript': False, 'bos_token_id': None, 'eos_token_id': None, 'num_channels': 3, 'pad_token_id': None, 'problem_type': None, 'sep_token_id': None, 'use_bfloat16': False, '_name_or_path': '', 'architectures': None, 'bad_words_ids': None, 'output_scores': False, 'early_stopping': False, 'layer_norm_eps': 1e-06, 'length_penalty': 1, 'tf_legacy_loss': False, 'finetuning_task': None, 'num_beam_groups': 1, 'suppress_tokens': None, 'tokenizer_class': None, 'vision_use_head': False, 'attention_dropout': 0, 'diversity_penalty': 0, 'intermediate_size': 4304, 'num_hidden_layers': 27, 'output_attentions': False, 'is_encoder_decoder': False, 'repetition_penalty': 1, 'add_cross_attention': False, 'forced_bos_token_id': None, 'forced_eos_token_id': None, 'num_attention_heads': 16, 'tie_encoder_decoder': False, 'tie_word_embeddings': True, 'no_repeat_ngram_size': 0, 'num_return_sequences': 1, 'output_hidden_states': False, 'task_specific_params': None, 'begin_suppress_tokens': None, 'remove_invalid_values': False, 'decoder_start_token_id': None, 'chunk_size_feed_forward': 0, 'return_dict_in_generate': False, 'cross_attention_hidden_size': None, '_attn_implementation_autoset': False, 'encoder_no_repeat_ngram_size': 0, 'exponential_decay_length_penalty': None}",False,{'text_field': 'text'},False,False,O1,1.0,16384.0,False,False,255999.0,<CHARS_PER_TOKEN>,256000.0,,False,False,1.0,False,,,,,False,,False,True,steps,,3.0,True,,False,,0.0,False,262144.0,0.02,warning,linear,,False,<PUSH_TO_HUB_TOKEN>,False,False,"{'even_batches': True, 'non_blocking': False, 'split_batches': False, 'dispatch_batches': None, 'use_seedable_sampler': True, 'gradient_accumulation_kwargs': None}",False,,text,False,length,False,1.0,,,False,,,0.0,[],256.0,,True,False,True,False,False,5648533872.0,0.0,1.0,,False,False,False,,,4.51.2,,,True,,loss,False,False,,0.0,,True,False,False,auto,0.0,True,True,,0.0,,,False,,,,False,,,False,8.0,False,,4.0,1.0,0.0,False,False,,False,,,False,,,,,,,,,,,,,"{'default': {'r': 8, 'bias': 'none', 'revision': None, 'use_dora': False, 'lora_bias': False, 'peft_type': 'LORA', 'task_type': 'CAUSAL_LM', 'eva_config': None, 'lora_alpha': 16, 'use_rslora': False, 'auto_mapping': None, 'lora_dropout': 0.1, 'megatron_core': 'megatron.core', 'fan_in_fan_out': False, 'inference_mode': False, 'layers_pattern': None, 'runtime_config': {'ephemeral_gpu_offload': False}, 'target_modules': ['q_proj', 'k_proj', 'o_proj', 'v_proj'], 'exclude_modules': None, 'megatron_config': None, 'modules_to_save': ['lm_head', 'embed_tokens'], 'init_lora_weights': True, 'layer_replication': None, 'layers_to_transform': None, 'base_model_name_or_path': 'google/gemma-3-4b-it'}}","{'load_in_4bit': True, 'load_in_8bit': False, 'quant_method': 'BITS_AND_BYTES', '_load_in_4bit': True, '_load_in_8bit': False, 'llm_int8_threshold': 6, 'bnb_4bit_quant_type': 'nf4', 'llm_int8_skip_modules': None, 'bnb_4bit_compute_dtype': 'bfloat16', 'bnb_4bit_quant_storage': 'uint8', 'llm_int8_has_fp16_weight': False, 'bnb_4bit_use_double_quant': False, 'llm_int8_enable_fp32_cpu_offload': False}",,,,,,,,,,,,,,,,,,,,,,<PAD_TOKEN>,False,,,,,,,,,,,,,,,,,,,,,,,,,,,,,,,,,,,,,,,,,,,,,,,,,,,,
rodornelles-hertie-school,master_thesis-gemma3,fj7hvwz4,gemma-3-12b-it_v1_2025-04-12_16-18-21_ft,2025-04-12T16:27:23Z,crashed,[],https://wandb.ai/rodornelles-hertie-school/master_thesis-gemma3/runs/fj7hvwz4,False,False,[],3407.0,,[],adamw_8bit,50.0,1.0,,True,False,False,0.0,False,False,"{'0': 'LABEL_0', '1': 'LABEL_1'}","{'LABEL_0': 0, 'LABEL_1': 1}",gemma-3-12b-it_v1_2025-04-12_16-18-21,False,False,3407,,False,<HUB_TOKEN>,passive,-1.0,1.0,last,['wandb'],1.0,False,0.9,0.999,False,0.0,10,False,0.0,20.0,0.0,gemma3,,trainer_output,-1.0,100.0,,1800.0,"{'xla': False, 'xla_fsdp_v2': False, 'min_num_params': 0, 'xla_fsdp_grad_ckpt': False}",,trainer_output/runs/Apr12_16-18-45_7783fa843c9d,False,True,1.0,"{'top_k': 50, 'top_p': 1, 'prefix': None, 'head_dim': 256, 'id2label': {'0': 'LABEL_0', '1': 'LABEL_1'}, 'label2id': {'LABEL_0': 0, 'LABEL_1': 1}, 'do_sample': False, 'num_beams': 1, 'typical_p': 1, 'use_cache': True, 'is_decoder': False, 'max_length': 20, 'min_length': 0, 'model_type': 'gemma3_text', 'rope_theta': 1000000.0, 'vocab_size': 262208, 'hidden_size': 3840, 'return_dict': True, 'temperature': 1, 'torch_dtype': 'bfloat16', 'torchscript': False, 'bos_token_id': 2, 'eos_token_id': 1, 'pad_token_id': 0, 'problem_type': None, 'rms_norm_eps': 1e-06, 'rope_scaling': {'factor': 8, 'rope_type': 'linear'}, 'sep_token_id': None, 'use_bfloat16': False, '_name_or_path': '', 'architectures': None, 'bad_words_ids': None, 'output_scores': False, 'attention_bias': False, 'early_stopping': False, 'length_penalty': 1, 'sliding_window': 1024, 'tf_legacy_loss': False, 'finetuning_task': None, 'num_beam_groups': 1, 'suppress_tokens': None, 'tokenizer_class': None, 'attention_dropout': 0, 'diversity_penalty': 0, 'hidden_activation': 'gelu_pytorch_tanh', 'initializer_range': 0.02, 'intermediate_size': 15360, 'num_hidden_layers': 48, 'output_attentions': False, 'is_encoder_decoder': False, 'repetition_penalty': 1, 'add_cross_attention': False, 'forced_bos_token_id': None, 'forced_eos_token_id': None, 'num_attention_heads': 16, 'num_key_value_heads': 8, 'tie_encoder_decoder': False, 'tie_word_embeddings': True, 'cache_implementation': 'hybrid', 'no_repeat_ngram_size': 0, 'num_return_sequences': 1, 'output_hidden_states': False, 'rope_local_base_freq': 10000, 'task_specific_params': None, 'begin_suppress_tokens': None, 'query_pre_attn_scalar': 256, 'remove_invalid_values': False, 'attn_logit_softcapping': None, 'decoder_start_token_id': None, 'sliding_window_pattern': 6, 'chunk_size_feed_forward': 0, 'final_logit_softcapping': None, 'max_position_embeddings': 131072, 'return_dict_in_generate': False, 'cross_attention_hidden_size': None, '_attn_implementation_autoset': False, 'encoder_no_repeat_ngram_size': 0, 'exponential_decay_length_penalty': None}",bfloat16,,False,1e-08,2.0,False,106,,auto,,every_save,0.0,,,False,0.1,5.0,0.01,['Gemma3ForConditionalGeneration'],,False,steps,False,2e-07,1.0,1.0,,False,steps,False,,True,"{'top_k': 50, 'top_p': 1, 'prefix': None, 'id2label': {'0': 'LABEL_0', '1': 'LABEL_1'}, 'label2id': {'LABEL_0': 0, 'LABEL_1': 1}, 'do_sample': False, 'num_beams': 1, 'typical_p': 1, 'hidden_act': 'gelu_pytorch_tanh', 'image_size': 896, 'is_decoder': False, 'max_length': 20, 'min_length': 0, 'model_type': 'siglip_vision_model', 'patch_size': 14, 'hidden_size': 1152, 'return_dict': True, 'temperature': 1, 'torch_dtype': 'bfloat16', 'torchscript': False, 'bos_token_id': None, 'eos_token_id': None, 'num_channels': 3, 'pad_token_id': None, 'problem_type': None, 'sep_token_id': None, 'use_bfloat16': False, '_name_or_path': '', 'architectures': None, 'bad_words_ids': None, 'output_scores': False, 'early_stopping': False, 'layer_norm_eps': 1e-06, 'length_penalty': 1, 'tf_legacy_loss': False, 'finetuning_task': None, 'num_beam_groups': 1, 'suppress_tokens': None, 'tokenizer_class': None, 'vision_use_head': False, 'attention_dropout': 0, 'diversity_penalty': 0, 'intermediate_size': 4304, 'num_hidden_layers': 27, 'output_attentions': False, 'is_encoder_decoder': False, 'repetition_penalty': 1, 'add_cross_attention': False, 'forced_bos_token_id': None, 'forced_eos_token_id': None, 'num_attention_heads': 16, 'tie_encoder_decoder': False, 'tie_word_embeddings': True, 'no_repeat_ngram_size': 0, 'num_return_sequences': 1, 'output_hidden_states': False, 'task_specific_params': None, 'begin_suppress_tokens': None, 'remove_invalid_values': False, 'decoder_start_token_id': None, 'chunk_size_feed_forward': 0, 'return_dict_in_generate': False, 'cross_attention_hidden_size': None, '_attn_implementation_autoset': False, 'encoder_no_repeat_ngram_size': 0, 'exponential_decay_length_penalty': None}",True,,False,False,O1,1.0,1024.0,False,False,255999.0,<CHARS_PER_TOKEN>,256000.0,,False,False,1.0,False,,,2025.3.14,128.0,False,,False,True,steps,,3.0,True,,False,,0.0,False,262144.0,0.02,warning,linear,,False,<PUSH_TO_HUB_TOKEN>,False,False,"{'even_batches': True, 'non_blocking': False, 'split_batches': False, 'dispatch_batches': None, 'use_seedable_sampler': True, 'gradient_accumulation_kwargs': None}",False,,text,False,length,False,1.0,,-1.0,False,,,0.0,[],256.0,,True,False,True,False,False,12187325040.0,0.0,1.0,,False,,False,,,4.50.0.dev0,,,True,,train_loss,False,True,,0.0,,True,False,False,auto,0.0,False,False,,0.0,2,,False,250.0,,,False,,,False,4.0,False,,4.0,1.0,0.0,False,False,,False,,,False,{'runtime': 288},,,,288.898391624,8.0,1744474991.9046314,0.1935483870967742,9.0,41.25,1.9398496240601505e-07,2.2467,,,,,,,,,,,,,,,,,,,,,,,,,,,,,,,,,,,,,,,,,,,,,,,,,,,,,,,,,,,,,,,,,,,,,,,,,,,,,
rodornelles-hertie-school,master_thesis-gemma3,suh1rltx,ft_unsloth_gemma-3-4b-it_v1_2025-04-13_14-08-01,2025-04-13T14:17:46Z,crashed,[],https://wandb.ai/rodornelles-hertie-school/master_thesis-gemma3/runs/suh1rltx,,,,,,,,,,,,,,,,,,,,,,,,,,,,,,,,,,,,,,,,,,,,,,,,,,,,,,,,,,,,,,,,,,,,,,,,,,,,,,,,,,,,,,,,,,,,,,,,,,,,,,,,,,,,,,,,,,,,,,,,,,,,,,,,,,,,,,,,,,,,,,,,,,,,,,,,,,,,,,,,,,,,,,,,,,,,,,,,,,,,,,,,,,,,,,,,,,,,,,,,,,,,,,,,,,,,,,,,,,,,,,,,,,,,,,,,,,,,,,,,,,,,,,,,,,,,,,,,,,,,,,,,,,,,,,,,,,,,,,,,,,,,,,,,,,,,,,
rodornelles-hertie-school,master_thesis-gemma3,w068spwa,unsloth-gemma-3-4b-it_v1_2025-04-12_18-23-59_ft,2025-04-12T18:33:02Z,crashed,[],https://wandb.ai/rodornelles-hertie-school/master_thesis-gemma3/runs/w068spwa,True,False,[],3407.0,,[],adamw_8bit,50.0,1.0,,True,False,False,0.0,False,False,"{'0': 'LABEL_0', '1': 'LABEL_1'}","{'LABEL_0': 0, 'LABEL_1': 1}",unsloth-gemma-3-4b-it_v1_2025-04-12_18-23-59,False,False,3407,,False,<HUB_TOKEN>,passive,-1.0,1.0,last,['wandb'],1.0,False,0.9,0.999,False,0.0,10,False,0.0,20.0,0.0,gemma3,,./checkpoints,-1.0,10.0,,1800.0,"{'xla': False, 'xla_fsdp_v2': False, 'min_num_params': 0, 'xla_fsdp_grad_ckpt': False}",,./checkpoints/runs/Apr12_18-25-13_7783fa843c9d,False,True,1.0,"{'top_k': 50, 'top_p': 1, 'prefix': None, 'head_dim': 256, 'id2label': {'0': 'LABEL_0', '1': 'LABEL_1'}, 'label2id': {'LABEL_0': 0, 'LABEL_1': 1}, 'do_sample': False, 'num_beams': 1, 'typical_p': 1, 'use_cache': True, 'is_decoder': False, 'max_length': 20, 'min_length': 0, 'model_type': 'gemma3_text', 'rope_theta': 1000000.0, 'vocab_size': 262208, 'hidden_size': 2560, 'return_dict': True, 'temperature': 1, 'torch_dtype': 'bfloat16', 'torchscript': False, 'bos_token_id': 2, 'eos_token_id': 1, 'pad_token_id': 0, 'problem_type': None, 'rms_norm_eps': 1e-06, 'rope_scaling': {'factor': 8, 'rope_type': 'linear'}, 'sep_token_id': None, 'use_bfloat16': False, '_name_or_path': '', 'architectures': None, 'bad_words_ids': None, 'output_scores': False, 'attention_bias': False, 'early_stopping': False, 'length_penalty': 1, 'sliding_window': 1024, 'tf_legacy_loss': False, 'finetuning_task': None, 'num_beam_groups': 1, 'suppress_tokens': None, 'tokenizer_class': None, 'attention_dropout': 0, 'diversity_penalty': 0, 'hidden_activation': 'gelu_pytorch_tanh', 'initializer_range': 0.02, 'intermediate_size': 10240, 'num_hidden_layers': 34, 'output_attentions': False, 'is_encoder_decoder': False, 'repetition_penalty': 1, 'add_cross_attention': False, 'forced_bos_token_id': None, 'forced_eos_token_id': None, 'num_attention_heads': 8, 'num_key_value_heads': 4, 'tie_encoder_decoder': False, 'tie_word_embeddings': True, 'cache_implementation': 'hybrid', 'no_repeat_ngram_size': 0, 'num_return_sequences': 1, 'output_hidden_states': False, 'rope_local_base_freq': 10000, 'task_specific_params': None, 'begin_suppress_tokens': None, 'query_pre_attn_scalar': 256, 'remove_invalid_values': False, 'attn_logit_softcapping': None, 'decoder_start_token_id': None, 'sliding_window_pattern': 6, 'chunk_size_feed_forward': 0, 'final_logit_softcapping': None, 'max_position_embeddings': 131072, 'return_dict_in_generate': False, 'cross_attention_hidden_size': None, '_attn_implementation_autoset': False, 'encoder_no_repeat_ngram_size': 0, 'exponential_decay_length_penalty': None}",bfloat16,,False,1e-08,2.0,False,106,,auto,,every_save,0.0,,,False,0.1,10.0,0.01,['Gemma3ForConditionalGeneration'],,False,steps,False,2e-05,1.0,1.0,,False,steps,False,,True,"{'top_k': 50, 'top_p': 1, 'prefix': None, 'id2label': {'0': 'LABEL_0', '1': 'LABEL_1'}, 'label2id': {'LABEL_0': 0, 'LABEL_1': 1}, 'do_sample': False, 'num_beams': 1, 'typical_p': 1, 'hidden_act': 'gelu_pytorch_tanh', 'image_size': 896, 'is_decoder': False, 'max_length': 20, 'min_length': 0, 'model_type': 'siglip_vision_model', 'patch_size': 14, 'hidden_size': 1152, 'return_dict': True, 'temperature': 1, 'torch_dtype': 'bfloat16', 'torchscript': False, 'bos_token_id': None, 'eos_token_id': None, 'num_channels': 3, 'pad_token_id': None, 'problem_type': None, 'sep_token_id': None, 'use_bfloat16': False, '_name_or_path': '', 'architectures': None, 'bad_words_ids': None, 'output_scores': False, 'early_stopping': False, 'layer_norm_eps': 1e-06, 'length_penalty': 1, 'tf_legacy_loss': False, 'finetuning_task': None, 'num_beam_groups': 1, 'suppress_tokens': None, 'tokenizer_class': None, 'vision_use_head': False, 'attention_dropout': 0, 'diversity_penalty': 0, 'intermediate_size': 4304, 'num_hidden_layers': 27, 'output_attentions': False, 'is_encoder_decoder': False, 'repetition_penalty': 1, 'add_cross_attention': False, 'forced_bos_token_id': None, 'forced_eos_token_id': None, 'num_attention_heads': 16, 'tie_encoder_decoder': False, 'tie_word_embeddings': True, 'no_repeat_ngram_size': 0, 'num_return_sequences': 1, 'output_hidden_states': False, 'task_specific_params': None, 'begin_suppress_tokens': None, 'remove_invalid_values': False, 'decoder_start_token_id': None, 'chunk_size_feed_forward': 0, 'return_dict_in_generate': False, 'cross_attention_hidden_size': None, '_attn_implementation_autoset': False, 'encoder_no_repeat_ngram_size': 0, 'exponential_decay_length_penalty': None}",True,,False,False,O1,1.0,16384.0,False,False,255999.0,<CHARS_PER_TOKEN>,256000.0,,False,False,1.0,False,,,2025.3.19,128.0,False,,False,True,steps,,3.0,True,2,False,,0.0,False,262144.0,0.02,warning,linear,,False,<PUSH_TO_HUB_TOKEN>,False,False,"{'even_batches': True, 'non_blocking': False, 'split_batches': False, 'dispatch_batches': None, 'use_seedable_sampler': True, 'gradient_accumulation_kwargs': None}",False,,text,False,length,False,1.0,,-1.0,False,,,0.0,[],256.0,,True,False,True,False,False,4300079472.0,0.0,1.0,,False,,False,,,4.51.2,,,True,,train_loss,False,True,,0.0,,True,False,True,auto,0.0,True,False,,0.0,2,,False,250.0,,,False,,,False,4.0,False,,8.0,1.0,0.0,False,False,{'use_reentrant': False},False,,,False,,,,,,,,,,,,,,,,,,,,,,,,,,,,,,,,,,,,,,,,,,,,,,,,,,,,,,,,,,,,,,,,,,,,,,,,,,,,,,,,,,,,,,,,,
rodornelles-hertie-school,master_thesis-gemma3,08hi9piw,gemma-3-12b-it_v1_2025-04-12_16-28-21_ft,2025-04-12T16:37:22Z,crashed,[],https://wandb.ai/rodornelles-hertie-school/master_thesis-gemma3/runs/08hi9piw,,,,,,,,,,,,,,,,,,,,,,,,,,,,,,,,,,,,,,,,,,,,,,,,,,,,,,,,,,,,,,,,,,,,,,,,,,,,,,,,,,,,,,,,,,,,,,,,,,,,,,,,,,,,,,,,,,,,,,,,,,,,,,,,,,,,,,,,,,,,,,,,,,,,,,,,,,,,,,,,,,,,,,,,,,,,,,,,,,,,,,,,,,,,,,,,,,,,,,,,,,,,,,,,,,,,,,,,,,,,,,,,,,,,,,,,,,,,,,,,,,,,,,,,,,,,,,,,,,,,,,,,,,,,,,,,,,,,,,,,,,,,,,,,,,,,,,
rodornelles-hertie-school,master_thesis-gemma3,eqx06tcm,gemma-3-12b-it_v1_ft,2025-04-12T15:31:52Z,crashed,[],https://wandb.ai/rodornelles-hertie-school/master_thesis-gemma3/runs/eqx06tcm,False,False,[],3407.0,,[],adamw_8bit,50.0,1.0,,False,False,False,0.0,False,False,"{'0': 'LABEL_0', '1': 'LABEL_1'}","{'LABEL_0': 0, 'LABEL_1': 1}",gemma-3-12b-it_v1_ft_v2,False,False,3407,,False,<HUB_TOKEN>,passive,-1.0,1.0,last,['wandb'],1.0,False,0.9,0.999,False,0.0,10,False,0.0,20.0,0.0,gemma3,,trainer_output,-1.0,100.0,,1800.0,"{'xla': False, 'xla_fsdp_v2': False, 'min_num_params': 0, 'xla_fsdp_grad_ckpt': False}",,trainer_output/runs/Apr12_15-46-13_7783fa843c9d,False,True,1.0,"{'top_k': 50, 'top_p': 1, 'prefix': None, 'head_dim': 256, 'id2label': {'0': 'LABEL_0', '1': 'LABEL_1'}, 'label2id': {'LABEL_0': 0, 'LABEL_1': 1}, 'do_sample': False, 'num_beams': 1, 'typical_p': 1, 'use_cache': True, 'is_decoder': False, 'max_length': 20, 'min_length': 0, 'model_type': 'gemma3_text', 'rope_theta': 1000000.0, 'vocab_size': 262208, 'hidden_size': 3840, 'return_dict': True, 'temperature': 1, 'torch_dtype': 'bfloat16', 'torchscript': False, 'bos_token_id': 2, 'eos_token_id': 1, 'pad_token_id': 0, 'problem_type': None, 'rms_norm_eps': 1e-06, 'rope_scaling': {'factor': 8, 'rope_type': 'linear'}, 'sep_token_id': None, 'use_bfloat16': False, '_name_or_path': '', 'architectures': None, 'bad_words_ids': None, 'output_scores': False, 'attention_bias': False, 'early_stopping': False, 'length_penalty': 1, 'sliding_window': 1024, 'tf_legacy_loss': False, 'finetuning_task': None, 'num_beam_groups': 1, 'suppress_tokens': None, 'tokenizer_class': None, 'attention_dropout': 0, 'diversity_penalty': 0, 'hidden_activation': 'gelu_pytorch_tanh', 'initializer_range': 0.02, 'intermediate_size': 15360, 'num_hidden_layers': 48, 'output_attentions': False, 'is_encoder_decoder': False, 'repetition_penalty': 1, 'add_cross_attention': False, 'forced_bos_token_id': None, 'forced_eos_token_id': None, 'num_attention_heads': 16, 'num_key_value_heads': 8, 'tie_encoder_decoder': False, 'tie_word_embeddings': True, 'cache_implementation': 'hybrid', 'no_repeat_ngram_size': 0, 'num_return_sequences': 1, 'output_hidden_states': False, 'rope_local_base_freq': 10000, 'task_specific_params': None, 'begin_suppress_tokens': None, 'query_pre_attn_scalar': 256, 'remove_invalid_values': False, 'attn_logit_softcapping': None, 'decoder_start_token_id': None, 'sliding_window_pattern': 6, 'chunk_size_feed_forward': 0, 'final_logit_softcapping': None, 'max_position_embeddings': 131072, 'return_dict_in_generate': False, 'cross_attention_hidden_size': None, '_attn_implementation_autoset': False, 'encoder_no_repeat_ngram_size': 0, 'exponential_decay_length_penalty': None}",bfloat16,,False,1e-08,2.0,False,106,,auto,,every_save,0.0,,,False,0.1,5.0,0.01,['Gemma3ForConditionalGeneration'],,False,no,False,2e-07,1.0,1.0,,False,steps,False,,True,"{'top_k': 50, 'top_p': 1, 'prefix': None, 'id2label': {'0': 'LABEL_0', '1': 'LABEL_1'}, 'label2id': {'LABEL_0': 0, 'LABEL_1': 1}, 'do_sample': False, 'num_beams': 1, 'typical_p': 1, 'hidden_act': 'gelu_pytorch_tanh', 'image_size': 896, 'is_decoder': False, 'max_length': 20, 'min_length': 0, 'model_type': 'siglip_vision_model', 'patch_size': 14, 'hidden_size': 1152, 'return_dict': True, 'temperature': 1, 'torch_dtype': 'bfloat16', 'torchscript': False, 'bos_token_id': None, 'eos_token_id': None, 'num_channels': 3, 'pad_token_id': None, 'problem_type': None, 'sep_token_id': None, 'use_bfloat16': False, '_name_or_path': '', 'architectures': None, 'bad_words_ids': None, 'output_scores': False, 'early_stopping': False, 'layer_norm_eps': 1e-06, 'length_penalty': 1, 'tf_legacy_loss': False, 'finetuning_task': None, 'num_beam_groups': 1, 'suppress_tokens': None, 'tokenizer_class': None, 'vision_use_head': False, 'attention_dropout': 0, 'diversity_penalty': 0, 'intermediate_size': 4304, 'num_hidden_layers': 27, 'output_attentions': False, 'is_encoder_decoder': False, 'repetition_penalty': 1, 'add_cross_attention': False, 'forced_bos_token_id': None, 'forced_eos_token_id': None, 'num_attention_heads': 16, 'tie_encoder_decoder': False, 'tie_word_embeddings': True, 'no_repeat_ngram_size': 0, 'num_return_sequences': 1, 'output_hidden_states': False, 'task_specific_params': None, 'begin_suppress_tokens': None, 'remove_invalid_values': False, 'decoder_start_token_id': None, 'chunk_size_feed_forward': 0, 'return_dict_in_generate': False, 'cross_attention_hidden_size': None, '_attn_implementation_autoset': False, 'encoder_no_repeat_ngram_size': 0, 'exponential_decay_length_penalty': None}",True,,False,False,O1,1.0,1024.0,False,False,255999.0,<CHARS_PER_TOKEN>,256000.0,,False,False,1.0,False,,,2025.3.14,128.0,False,,False,True,steps,,3.0,True,,False,,0.0,,262144.0,0.02,warning,linear,,False,<PUSH_TO_HUB_TOKEN>,False,False,"{'even_batches': True, 'non_blocking': False, 'split_batches': False, 'dispatch_batches': None, 'use_seedable_sampler': True, 'gradient_accumulation_kwargs': None}",False,,text,False,length,False,1.0,,-1.0,False,,,0.0,[],256.0,,True,False,True,False,False,12187325040.0,0.0,1.0,,False,,False,,,4.50.0.dev0,,,True,,,False,True,,0.0,,True,False,False,auto,0.0,False,False,,0.0,2,,False,250.0,,,False,,,False,4.0,False,,1.0,1.0,0.0,False,False,,False,,,False,{'runtime': 1420},,,,1420.314096555,203.0,1744473215.796286,0.34946236559139787,65.0,38.0,1.783001808318264e-07,2.1516,,,,,,,,,,,,,,,,,,,,,,,,,,3.762769179613594e+16,0.05801950097771373,822.6635,0.678,0.168,,,,,,,,,,,,,,,,,,,,,,,,,,,,,,,,,,,,,,,,,,,,,,,
rodornelles-hertie-school,master_thesis-gemma3,ulnwou17,gemma-3-12b-it_v1_2025-04-12_16-08-14_ft,2025-04-12T16:17:15Z,crashed,[],https://wandb.ai/rodornelles-hertie-school/master_thesis-gemma3/runs/ulnwou17,False,False,[],3407.0,,[],adamw_8bit,50.0,1.0,,True,False,False,0.0,False,False,"{'0': 'LABEL_0', '1': 'LABEL_1'}","{'LABEL_0': 0, 'LABEL_1': 1}",gemma-3-12b-it_v1_2025-04-12_16-08-14,False,False,3407,,False,<HUB_TOKEN>,passive,-1.0,1.0,last,['wandb'],1.0,False,0.9,0.999,False,0.0,10,False,0.0,20.0,0.0,gemma3,,trainer_output,-1.0,100.0,,1800.0,"{'xla': False, 'xla_fsdp_v2': False, 'min_num_params': 0, 'xla_fsdp_grad_ckpt': False}",,trainer_output/runs/Apr12_16-08-36_7783fa843c9d,False,True,1.0,"{'top_k': 50, 'top_p': 1, 'prefix': None, 'head_dim': 256, 'id2label': {'0': 'LABEL_0', '1': 'LABEL_1'}, 'label2id': {'LABEL_0': 0, 'LABEL_1': 1}, 'do_sample': False, 'num_beams': 1, 'typical_p': 1, 'use_cache': True, 'is_decoder': False, 'max_length': 20, 'min_length': 0, 'model_type': 'gemma3_text', 'rope_theta': 1000000.0, 'vocab_size': 262208, 'hidden_size': 3840, 'return_dict': True, 'temperature': 1, 'torch_dtype': 'bfloat16', 'torchscript': False, 'bos_token_id': 2, 'eos_token_id': 1, 'pad_token_id': 0, 'problem_type': None, 'rms_norm_eps': 1e-06, 'rope_scaling': {'factor': 8, 'rope_type': 'linear'}, 'sep_token_id': None, 'use_bfloat16': False, '_name_or_path': '', 'architectures': None, 'bad_words_ids': None, 'output_scores': False, 'attention_bias': False, 'early_stopping': False, 'length_penalty': 1, 'sliding_window': 1024, 'tf_legacy_loss': False, 'finetuning_task': None, 'num_beam_groups': 1, 'suppress_tokens': None, 'tokenizer_class': None, 'attention_dropout': 0, 'diversity_penalty': 0, 'hidden_activation': 'gelu_pytorch_tanh', 'initializer_range': 0.02, 'intermediate_size': 15360, 'num_hidden_layers': 48, 'output_attentions': False, 'is_encoder_decoder': False, 'repetition_penalty': 1, 'add_cross_attention': False, 'forced_bos_token_id': None, 'forced_eos_token_id': None, 'num_attention_heads': 16, 'num_key_value_heads': 8, 'tie_encoder_decoder': False, 'tie_word_embeddings': True, 'cache_implementation': 'hybrid', 'no_repeat_ngram_size': 0, 'num_return_sequences': 1, 'output_hidden_states': False, 'rope_local_base_freq': 10000, 'task_specific_params': None, 'begin_suppress_tokens': None, 'query_pre_attn_scalar': 256, 'remove_invalid_values': False, 'attn_logit_softcapping': None, 'decoder_start_token_id': None, 'sliding_window_pattern': 6, 'chunk_size_feed_forward': 0, 'final_logit_softcapping': None, 'max_position_embeddings': 131072, 'return_dict_in_generate': False, 'cross_attention_hidden_size': None, '_attn_implementation_autoset': False, 'encoder_no_repeat_ngram_size': 0, 'exponential_decay_length_penalty': None}",bfloat16,,False,1e-08,2.0,False,106,,auto,,every_save,0.0,,,False,0.1,5.0,0.01,['Gemma3ForConditionalGeneration'],,False,steps,False,2e-07,1.0,1.0,,False,steps,False,,True,"{'top_k': 50, 'top_p': 1, 'prefix': None, 'id2label': {'0': 'LABEL_0', '1': 'LABEL_1'}, 'label2id': {'LABEL_0': 0, 'LABEL_1': 1}, 'do_sample': False, 'num_beams': 1, 'typical_p': 1, 'hidden_act': 'gelu_pytorch_tanh', 'image_size': 896, 'is_decoder': False, 'max_length': 20, 'min_length': 0, 'model_type': 'siglip_vision_model', 'patch_size': 14, 'hidden_size': 1152, 'return_dict': True, 'temperature': 1, 'torch_dtype': 'bfloat16', 'torchscript': False, 'bos_token_id': None, 'eos_token_id': None, 'num_channels': 3, 'pad_token_id': None, 'problem_type': None, 'sep_token_id': None, 'use_bfloat16': False, '_name_or_path': '', 'architectures': None, 'bad_words_ids': None, 'output_scores': False, 'early_stopping': False, 'layer_norm_eps': 1e-06, 'length_penalty': 1, 'tf_legacy_loss': False, 'finetuning_task': None, 'num_beam_groups': 1, 'suppress_tokens': None, 'tokenizer_class': None, 'vision_use_head': False, 'attention_dropout': 0, 'diversity_penalty': 0, 'intermediate_size': 4304, 'num_hidden_layers': 27, 'output_attentions': False, 'is_encoder_decoder': False, 'repetition_penalty': 1, 'add_cross_attention': False, 'forced_bos_token_id': None, 'forced_eos_token_id': None, 'num_attention_heads': 16, 'tie_encoder_decoder': False, 'tie_word_embeddings': True, 'no_repeat_ngram_size': 0, 'num_return_sequences': 1, 'output_hidden_states': False, 'task_specific_params': None, 'begin_suppress_tokens': None, 'remove_invalid_values': False, 'decoder_start_token_id': None, 'chunk_size_feed_forward': 0, 'return_dict_in_generate': False, 'cross_attention_hidden_size': None, '_attn_implementation_autoset': False, 'encoder_no_repeat_ngram_size': 0, 'exponential_decay_length_penalty': None}",True,,False,False,O1,1.0,1024.0,False,False,255999.0,<CHARS_PER_TOKEN>,256000.0,,False,False,1.0,False,,,2025.3.14,128.0,False,,False,True,steps,,3.0,True,,False,,0.0,False,262144.0,0.02,warning,linear,,False,<PUSH_TO_HUB_TOKEN>,False,False,"{'even_batches': True, 'non_blocking': False, 'split_batches': False, 'dispatch_batches': None, 'use_seedable_sampler': True, 'gradient_accumulation_kwargs': None}",False,,text,False,length,False,1.0,,-1.0,False,,,0.0,[],256.0,,True,False,True,False,False,12187325040.0,0.0,1.0,,False,,False,,,4.50.0.dev0,,,True,,eval_loss,False,True,,0.0,,True,False,False,auto,0.0,False,False,,0.0,2,,False,250.0,,,False,,,False,4.0,False,,4.0,1.0,0.0,False,False,,False,,,False,{'runtime': 241},,,,241.737349011,9.0,1744474336.4548717,0.21505376344086025,10.0,51.5,1.924812030075188e-07,2.2433,,,,,,,,,,,,,,,,,,,,,,,,,,,,,,,,,,,,,,,,,,,,,,,,,,,,,,,,,,,,,,,,,,,,,,,,,,,,,
rodornelles-hertie-school,master_thesis-gemma3,hq1iazpp,HF--gemma-3-12b-it_v1_2025-04-12_16-48-09_ft,2025-04-12T16:57:09Z,crashed,[],https://wandb.ai/rodornelles-hertie-school/master_thesis-gemma3/runs/hq1iazpp,,,,,,,,,,,,,,,,,,,,,,,,,,,,,,,,,,,,,,,,,,,,,,,,,,,,,,,,,,,,,,,,,,,,,,,,,,,,,,,,,,,,,,,,,,,,,,,,,,,,,,,,,,,,,,,,,,,,,,,,,,,,,,,,,,,,,,,,,,,,,,,,,,,,,,,,,,,,,,,,,,,,,,,,,,,,,,,,,,,,,,,,,,,,,,,,,,,,,,,,,,,,,,,,,,,,,,,,,,,,,,,,,,,,,,,,,,,,,,,,,,,,,,,,,,,,,,,,,,,,,,,,,,,,,,,,,,,,,,,,,,,,,,,,,,,,,,
rodornelles-hertie-school,master_thesis-gemma3,kgyvzlp1,unsloth-gemma-3-4b-it_v1_2025-04-12_18-15-39_ft,2025-04-12T18:24:40Z,crashed,[],https://wandb.ai/rodornelles-hertie-school/master_thesis-gemma3/runs/kgyvzlp1,False,False,[],3407.0,,[],adamw_8bit,50.0,1.0,,True,False,False,0.0,False,False,"{'0': 'LABEL_0', '1': 'LABEL_1'}","{'LABEL_0': 0, 'LABEL_1': 1}",unsloth-gemma-3-4b-it_v1_2025-04-12_18-15-39,False,False,3407,,False,<HUB_TOKEN>,passive,-1.0,1.0,last,['wandb'],1.0,False,0.9,0.999,False,0.0,10,False,0.0,20.0,0.0,gemma3,,trainer_output,-1.0,100.0,,1800.0,"{'xla': False, 'xla_fsdp_v2': False, 'min_num_params': 0, 'xla_fsdp_grad_ckpt': False}",,trainer_output/runs/Apr12_18-16-14_7783fa843c9d,False,True,1.0,"{'top_k': 50, 'top_p': 1, 'prefix': None, 'head_dim': 256, 'id2label': {'0': 'LABEL_0', '1': 'LABEL_1'}, 'label2id': {'LABEL_0': 0, 'LABEL_1': 1}, 'do_sample': False, 'num_beams': 1, 'typical_p': 1, 'use_cache': True, 'is_decoder': False, 'max_length': 20, 'min_length': 0, 'model_type': 'gemma3_text', 'rope_theta': 1000000.0, 'vocab_size': 262208, 'hidden_size': 2560, 'return_dict': True, 'temperature': 1, 'torch_dtype': 'bfloat16', 'torchscript': False, 'bos_token_id': 2, 'eos_token_id': 1, 'pad_token_id': 0, 'problem_type': None, 'rms_norm_eps': 1e-06, 'rope_scaling': {'factor': 8, 'rope_type': 'linear'}, 'sep_token_id': None, 'use_bfloat16': False, '_name_or_path': '', 'architectures': None, 'bad_words_ids': None, 'output_scores': False, 'attention_bias': False, 'early_stopping': False, 'length_penalty': 1, 'sliding_window': 1024, 'tf_legacy_loss': False, 'finetuning_task': None, 'num_beam_groups': 1, 'suppress_tokens': None, 'tokenizer_class': None, 'attention_dropout': 0, 'diversity_penalty': 0, 'hidden_activation': 'gelu_pytorch_tanh', 'initializer_range': 0.02, 'intermediate_size': 10240, 'num_hidden_layers': 34, 'output_attentions': False, 'is_encoder_decoder': False, 'repetition_penalty': 1, 'add_cross_attention': False, 'forced_bos_token_id': None, 'forced_eos_token_id': None, 'num_attention_heads': 8, 'num_key_value_heads': 4, 'tie_encoder_decoder': False, 'tie_word_embeddings': True, 'cache_implementation': 'hybrid', 'no_repeat_ngram_size': 0, 'num_return_sequences': 1, 'output_hidden_states': False, 'rope_local_base_freq': 10000, 'task_specific_params': None, 'begin_suppress_tokens': None, 'query_pre_attn_scalar': 256, 'remove_invalid_values': False, 'attn_logit_softcapping': None, 'decoder_start_token_id': None, 'sliding_window_pattern': 6, 'chunk_size_feed_forward': 0, 'final_logit_softcapping': None, 'max_position_embeddings': 131072, 'return_dict_in_generate': False, 'cross_attention_hidden_size': None, '_attn_implementation_autoset': False, 'encoder_no_repeat_ngram_size': 0, 'exponential_decay_length_penalty': None}",bfloat16,,False,1e-08,2.0,False,106,,auto,,every_save,0.0,,,False,0.1,5.0,0.01,['Gemma3ForConditionalGeneration'],,False,steps,False,2e-05,1.0,1.0,,False,steps,False,,True,"{'top_k': 50, 'top_p': 1, 'prefix': None, 'id2label': {'0': 'LABEL_0', '1': 'LABEL_1'}, 'label2id': {'LABEL_0': 0, 'LABEL_1': 1}, 'do_sample': False, 'num_beams': 1, 'typical_p': 1, 'hidden_act': 'gelu_pytorch_tanh', 'image_size': 896, 'is_decoder': False, 'max_length': 20, 'min_length': 0, 'model_type': 'siglip_vision_model', 'patch_size': 14, 'hidden_size': 1152, 'return_dict': True, 'temperature': 1, 'torch_dtype': 'bfloat16', 'torchscript': False, 'bos_token_id': None, 'eos_token_id': None, 'num_channels': 3, 'pad_token_id': None, 'problem_type': None, 'sep_token_id': None, 'use_bfloat16': False, '_name_or_path': '', 'architectures': None, 'bad_words_ids': None, 'output_scores': False, 'early_stopping': False, 'layer_norm_eps': 1e-06, 'length_penalty': 1, 'tf_legacy_loss': False, 'finetuning_task': None, 'num_beam_groups': 1, 'suppress_tokens': None, 'tokenizer_class': None, 'vision_use_head': False, 'attention_dropout': 0, 'diversity_penalty': 0, 'intermediate_size': 4304, 'num_hidden_layers': 27, 'output_attentions': False, 'is_encoder_decoder': False, 'repetition_penalty': 1, 'add_cross_attention': False, 'forced_bos_token_id': None, 'forced_eos_token_id': None, 'num_attention_heads': 16, 'tie_encoder_decoder': False, 'tie_word_embeddings': True, 'no_repeat_ngram_size': 0, 'num_return_sequences': 1, 'output_hidden_states': False, 'task_specific_params': None, 'begin_suppress_tokens': None, 'remove_invalid_values': False, 'decoder_start_token_id': None, 'chunk_size_feed_forward': 0, 'return_dict_in_generate': False, 'cross_attention_hidden_size': None, '_attn_implementation_autoset': False, 'encoder_no_repeat_ngram_size': 0, 'exponential_decay_length_penalty': None}",True,,False,False,O1,1.0,16384.0,False,False,255999.0,<CHARS_PER_TOKEN>,256000.0,,False,False,1.0,False,,,2025.3.19,128.0,False,,False,True,steps,,3.0,True,,False,,0.0,False,262144.0,0.02,warning,linear,,False,<PUSH_TO_HUB_TOKEN>,False,False,"{'even_batches': True, 'non_blocking': False, 'split_batches': False, 'dispatch_batches': None, 'use_seedable_sampler': True, 'gradient_accumulation_kwargs': None}",False,,text,False,length,False,1.0,,-1.0,False,,,0.0,[],256.0,,True,False,True,False,False,4300079472.0,0.0,1.0,,False,,False,,,4.51.2,,,True,,train_loss,False,True,,0.0,,True,False,False,auto,0.0,True,False,,0.0,2,,False,250.0,,,False,,,False,4.0,False,,4.0,1.0,0.0,False,False,,False,,,False,,,,,,,,,,,,,,,,,,,,,,,,,,,,,,,,,,,,,,,,,,,,,,,,,,,,,,,,,,,,,,,,,,,,,,,,,,,,,,,,,,,,,,,,,
rodornelles-hertie-school,master_thesis-gemma3,zfv4jt1f,HF--gemma-3-12b-it_v1_2025-04-12_16-58-57_ft,2025-04-12T17:07:58Z,crashed,[],https://wandb.ai/rodornelles-hertie-school/master_thesis-gemma3/runs/zfv4jt1f,,,,,,,,,,,,,,,,,,,,,,,,,,,,,,,,,,,,,,,,,,,,,,,,,,,,,,,,,,,,,,,,,,,,,,,,,,,,,,,,,,,,,,,,,,,,,,,,,,,,,,,,,,,,,,,,,,,,,,,,,,,,,,,,,,,,,,,,,,,,,,,,,,,,,,,,,,,,,,,,,,,,,,,,,,,,,,,,,,,,,,,,,,,,,,,,,,,,,,,,,,,,,,,,,,,,,,,,,,,,,,,,,,,,,,,,,,,,,,,,,,,,,,,,,,,,,,,,,,,,,,,,,,,,,,,,,,,,,,,,,,,,,,,,,,,,,,
rodornelles-hertie-school,master_thesis-gemma3,wvjmpybz,gemma-3-12b-it_v1_2025-04-12_16-33-22_ft,2025-04-12T16:42:23Z,crashed,[],https://wandb.ai/rodornelles-hertie-school/master_thesis-gemma3/runs/wvjmpybz,False,False,[],3407.0,,[],adamw_8bit,50.0,1.0,,True,False,False,0.0,False,False,"{'0': 'LABEL_0', '1': 'LABEL_1'}","{'LABEL_0': 0, 'LABEL_1': 1}",gemma-3-12b-it_v1_2025-04-12_16-33-22,False,False,3407,,False,<HUB_TOKEN>,passive,-1.0,1.0,last,['wandb'],1.0,False,0.9,0.999,False,0.0,10,False,0.0,20.0,0.0,gemma3,,trainer_output,-1.0,100.0,,1800.0,"{'xla': False, 'xla_fsdp_v2': False, 'min_num_params': 0, 'xla_fsdp_grad_ckpt': False}",,trainer_output/runs/Apr12_16-33-45_7783fa843c9d,False,True,1.0,"{'top_k': 50, 'top_p': 1, 'prefix': None, 'head_dim': 256, 'id2label': {'0': 'LABEL_0', '1': 'LABEL_1'}, 'label2id': {'LABEL_0': 0, 'LABEL_1': 1}, 'do_sample': False, 'num_beams': 1, 'typical_p': 1, 'use_cache': True, 'is_decoder': False, 'max_length': 20, 'min_length': 0, 'model_type': 'gemma3_text', 'rope_theta': 1000000.0, 'vocab_size': 262208, 'hidden_size': 3840, 'return_dict': True, 'temperature': 1, 'torch_dtype': 'bfloat16', 'torchscript': False, 'bos_token_id': 2, 'eos_token_id': 1, 'pad_token_id': 0, 'problem_type': None, 'rms_norm_eps': 1e-06, 'rope_scaling': {'factor': 8, 'rope_type': 'linear'}, 'sep_token_id': None, 'use_bfloat16': False, '_name_or_path': '', 'architectures': None, 'bad_words_ids': None, 'output_scores': False, 'attention_bias': False, 'early_stopping': False, 'length_penalty': 1, 'sliding_window': 1024, 'tf_legacy_loss': False, 'finetuning_task': None, 'num_beam_groups': 1, 'suppress_tokens': None, 'tokenizer_class': None, 'attention_dropout': 0, 'diversity_penalty': 0, 'hidden_activation': 'gelu_pytorch_tanh', 'initializer_range': 0.02, 'intermediate_size': 15360, 'num_hidden_layers': 48, 'output_attentions': False, 'is_encoder_decoder': False, 'repetition_penalty': 1, 'add_cross_attention': False, 'forced_bos_token_id': None, 'forced_eos_token_id': None, 'num_attention_heads': 16, 'num_key_value_heads': 8, 'tie_encoder_decoder': False, 'tie_word_embeddings': True, 'cache_implementation': 'hybrid', 'no_repeat_ngram_size': 0, 'num_return_sequences': 1, 'output_hidden_states': False, 'rope_local_base_freq': 10000, 'task_specific_params': None, 'begin_suppress_tokens': None, 'query_pre_attn_scalar': 256, 'remove_invalid_values': False, 'attn_logit_softcapping': None, 'decoder_start_token_id': None, 'sliding_window_pattern': 6, 'chunk_size_feed_forward': 0, 'final_logit_softcapping': None, 'max_position_embeddings': 131072, 'return_dict_in_generate': False, 'cross_attention_hidden_size': None, '_attn_implementation_autoset': False, 'encoder_no_repeat_ngram_size': 0, 'exponential_decay_length_penalty': None}",bfloat16,,False,1e-08,2.0,False,106,,auto,,every_save,0.0,,,False,0.1,5.0,0.01,['Gemma3ForConditionalGeneration'],,False,steps,False,2e-07,1.0,1.0,,False,steps,False,,True,"{'top_k': 50, 'top_p': 1, 'prefix': None, 'id2label': {'0': 'LABEL_0', '1': 'LABEL_1'}, 'label2id': {'LABEL_0': 0, 'LABEL_1': 1}, 'do_sample': False, 'num_beams': 1, 'typical_p': 1, 'hidden_act': 'gelu_pytorch_tanh', 'image_size': 896, 'is_decoder': False, 'max_length': 20, 'min_length': 0, 'model_type': 'siglip_vision_model', 'patch_size': 14, 'hidden_size': 1152, 'return_dict': True, 'temperature': 1, 'torch_dtype': 'bfloat16', 'torchscript': False, 'bos_token_id': None, 'eos_token_id': None, 'num_channels': 3, 'pad_token_id': None, 'problem_type': None, 'sep_token_id': None, 'use_bfloat16': False, '_name_or_path': '', 'architectures': None, 'bad_words_ids': None, 'output_scores': False, 'early_stopping': False, 'layer_norm_eps': 1e-06, 'length_penalty': 1, 'tf_legacy_loss': False, 'finetuning_task': None, 'num_beam_groups': 1, 'suppress_tokens': None, 'tokenizer_class': None, 'vision_use_head': False, 'attention_dropout': 0, 'diversity_penalty': 0, 'intermediate_size': 4304, 'num_hidden_layers': 27, 'output_attentions': False, 'is_encoder_decoder': False, 'repetition_penalty': 1, 'add_cross_attention': False, 'forced_bos_token_id': None, 'forced_eos_token_id': None, 'num_attention_heads': 16, 'tie_encoder_decoder': False, 'tie_word_embeddings': True, 'no_repeat_ngram_size': 0, 'num_return_sequences': 1, 'output_hidden_states': False, 'task_specific_params': None, 'begin_suppress_tokens': None, 'remove_invalid_values': False, 'decoder_start_token_id': None, 'chunk_size_feed_forward': 0, 'return_dict_in_generate': False, 'cross_attention_hidden_size': None, '_attn_implementation_autoset': False, 'encoder_no_repeat_ngram_size': 0, 'exponential_decay_length_penalty': None}",True,,False,False,O1,1.0,1024.0,False,False,255999.0,<CHARS_PER_TOKEN>,256000.0,,False,False,1.0,False,,,2025.3.14,128.0,False,,False,True,steps,,3.0,True,,False,,0.0,False,262144.0,0.02,warning,linear,,False,<PUSH_TO_HUB_TOKEN>,False,False,"{'even_batches': True, 'non_blocking': False, 'split_batches': False, 'dispatch_batches': None, 'use_seedable_sampler': True, 'gradient_accumulation_kwargs': None}",False,,text,False,length,False,1.0,,-1.0,False,,,0.0,[],256.0,,True,False,True,False,False,12187325040.0,0.0,1.0,,False,,False,,,4.50.0.dev0,,,True,,train_loss,False,True,,0.0,,True,False,False,auto,0.0,True,False,,0.0,2,,False,250.0,,,False,,,False,4.0,False,,4.0,1.0,0.0,False,False,,False,,,False,{'runtime': 148},,,,148.266424228,9.0,1744475750.968767,0.21505376344086025,10.0,51.25,1.924812030075188e-07,2.2415,,,,,,,,,,,,,,,,,,,,,,,,,,,,,,,,,,,,,,,,,,,,,,,,,,,,,,,,,,,,,,,,,,,,,,,,,,,,,
rodornelles-hertie-school,master_thesis-gemma3,zetja9wl,unsloth-gemma-3-4b-it_v1_2025-04-12_17-59-09_ft,2025-04-12T18:08:10Z,crashed,[],https://wandb.ai/rodornelles-hertie-school/master_thesis-gemma3/runs/zetja9wl,,,,,,,,,,,,,,,,,,,,,,,,,,,,,,,,,,,,,,,,,,,,,,,,,,,,,,,,,,,,,,,,,,,,,,,,,,,,,,,,,,,,,,,,,,,,,,,,,,,,,,,,,,,,,,,,,,,,,,,,,,,,,,,,,,,,,,,,,,,,,,,,,,,,,,,,,,,,,,,,,,,,,,,,,,,,,,,,,,,,,,,,,,,,,,,,,,,,,,,,,,,,,,,,,,,,,,,,,,,,,,,,,,,,,,,,,,,,,,,,,,,,,,,,,,,,,,,,,,,,,,,,,,,,,,,,,,,,,,,,,,,,,,,,,,,,,,
rodornelles-hertie-school,uncategorized,iankszm2,ft_unsloth_lora_lawma-8b_v1_2025-04-18_19-45-50,2025-04-18T19:46:33Z,finished,[],https://wandb.ai/rodornelles-hertie-school/uncategorized/runs/iankszm2,True,False,[],3407.0,,[],adamw_8bit,50.0,1.0,,True,False,False,0.0,False,False,"{'0': 'LABEL_0', '1': 'LABEL_1'}","{'LABEL_0': 0, 'LABEL_1': 1}",ft_unsloth_lora_lawma-8b_v1_2025-04-18_19-45-50,False,False,3407,,False,<HUB_TOKEN>,passive,-1.0,1.0,last,['wandb'],1.0,False,0.9,0.999,False,0.0,10,False,0.0,20.0,0.0,llama,,outputs_ft_unsloth_lora_lawma-8b_v1_2025-04-18_19-45-50,-1.0,10.0,,1800.0,"{'xla': False, 'xla_fsdp_v2': False, 'min_num_params': 0, 'xla_fsdp_grad_ckpt': False}",,outputs_ft_unsloth_lora_lawma-8b_v1_2025-04-18_19-45-50/runs/Apr18_19-46-32_2030e63984d9,False,True,1.0,,bfloat16,,False,1e-08,128000.0,False,128009,,auto,,every_save,128001.0,,,False,0.1,5.0,0.01,['LlamaForCausalLM'],,False,steps,False,2e-05,1.0,1.0,,False,steps,False,,,,True,,False,False,O1,1.0,18432.0,False,False,,<CHARS_PER_TOKEN>,,,False,False,1.0,False,,,2025.3.19,1.0,False,,False,True,steps,,10.0,True,3,False,,0.0,False,,0.02,warning,linear,,False,<PUSH_TO_HUB_TOKEN>,False,False,"{'even_batches': True, 'non_blocking': False, 'split_batches': False, 'dispatch_batches': None, 'use_seedable_sampler': True, 'gradient_accumulation_kwargs': None}",False,,text,False,length,False,1.0,,-1.0,False,,,0.0,[],,,True,False,False,False,False,8072204288.0,0.0,1.0,,False,,False,,,4.50.0.dev0,,,True,,eval_loss,False,True,,0.0,,True,False,False,auto,0.0,True,False,,0.0,2,,False,250.0,,,False,,,False,1.0,False,,4.0,1.0,0.0,False,False,,False,,,False,{'runtime': 294},,,,263.215079392,22.0,1745005856.2620423,0.4516129032258064,21.0,0.8936392664909363,1.9296703296703294e-05,1.7439,"{'default': {'r': 16, 'bias': 'none', 'revision': None, 'use_dora': False, 'lora_bias': False, 'peft_type': 'LORA', 'task_type': 'CAUSAL_LM', 'eva_config': None, 'lora_alpha': 16, 'use_rslora': False, 'auto_mapping': None, 'lora_dropout': 0, 'megatron_core': 'megatron.core', 'fan_in_fan_out': False, 'inference_mode': False, 'layers_pattern': None, 'runtime_config': {'ephemeral_gpu_offload': False}, 'target_modules': ['k_proj', 'v_proj', 'o_proj', 'q_proj', 'down_proj', 'gate_proj', 'up_proj'], 'exclude_modules': None, 'megatron_config': None, 'modules_to_save': None, 'init_lora_weights': True, 'layer_replication': None, 'layers_to_transform': None, 'base_model_name_or_path': 'ricdomolm/lawma-8b'}}","{'load_in_4bit': True, 'load_in_8bit': False, 'quant_method': 'bitsandbytes', 'llm_int8_threshold': 6, 'bnb_4bit_quant_type': 'nf4', 'llm_int8_skip_modules': None, 'bnb_4bit_compute_dtype': 'bfloat16', 'llm_int8_has_fp16_weight': False, 'bnb_4bit_use_double_quant': True, 'llm_int8_enable_fp32_cpu_offload': False}",128.0,False,False,silu,500000.0,128256.0,4096.0,1e-05,"{'factor': 8, 'rope_type': 'llama3', 'low_freq_factor': 1, 'high_freq_factor': 4, 'original_max_position_embeddings': 8192}",False,1.0,0.0,14336.0,32.0,32.0,8.0,131072.0,1.679718017578125,21.2936,1.55,1.55,,,,,,,,,,,,,,,,,,,,,,,,,,,,,,,,,,,,,,,,,,,,,,,,,,,,,,
rodornelles-hertie-school,uncategorized,1feqgam9,ft_unsloth_lora_Tucano-2b4-Instruct_v1,2025-04-19T01:28:52Z,finished,[],https://wandb.ai/rodornelles-hertie-school/uncategorized/runs/1feqgam9,True,False,[],3407.0,,[],adamw_8bit,50.0,1.0,,True,False,False,0.0,False,False,"{'0': 'LABEL_0', '1': 'LABEL_1'}","{'LABEL_0': 0, 'LABEL_1': 1}",ft_unsloth_lora_Tucano-2b4-Instruct_v1,False,False,3407,,False,<HUB_TOKEN>,passive,-1.0,1.0,last,['wandb'],1.0,False,0.9,0.999,False,0.0,10,False,0.0,20.0,0.0,llama,,/content/drive/MyDrive/master_thesis/ft_unsloth_lora_Tucano-2b4-Instruct_v1,-1.0,10.0,,1800.0,"{'xla': False, 'xla_fsdp_v2': False, 'min_num_params': 0, 'xla_fsdp_grad_ckpt': False}",,outputs_ft_unsloth_lora_Tucano-2b4-Instruct_v1/runs/Apr19_01-28-51_d2a1ef4df1ce,False,True,1.0,,bfloat16,,False,1e-08,1.0,False,2,,auto,,every_save,3.0,,,False,0.1,5.0,0.01,['LlamaForCausalLM'],,False,steps,False,2e-05,1.0,1.0,,False,steps,False,,,,True,,False,False,O1,1.0,18432.0,False,False,,<CHARS_PER_TOKEN>,,,False,False,1.0,False,,,2025.3.19,1.0,False,,False,True,steps,,20.0,True,3,False,,0.0,False,,0.02,warning,linear,,False,<PUSH_TO_HUB_TOKEN>,False,False,"{'even_batches': True, 'non_blocking': False, 'split_batches': False, 'dispatch_batches': None, 'use_seedable_sampler': True, 'gradient_accumulation_kwargs': None}",False,,text,False,length,False,1.0,,-1.0,False,,,0.0,[],,,True,False,False,False,False,2465763840.0,0.0,1.0,,False,,False,,,4.50.0.dev0,,,True,,eval_loss,False,True,,0.0,,True,False,False,auto,0.0,True,False,,0.0,2,,False,250.0,,,False,,,False,1.0,False,,4.0,1.0,0.0,False,False,,False,,,False,{'runtime': 4},,,,4.164767237,0.0,1745026136.102248,24.688172043010752,1150.0,,,,"{'default': {'r': 16, 'bias': 'none', 'revision': None, 'use_dora': False, 'lora_bias': False, 'peft_type': 'LORA', 'task_type': 'CAUSAL_LM', 'eva_config': None, 'lora_alpha': 16, 'use_rslora': False, 'auto_mapping': None, 'lora_dropout': 0, 'megatron_core': 'megatron.core', 'fan_in_fan_out': False, 'inference_mode': False, 'layers_pattern': None, 'runtime_config': {'ephemeral_gpu_offload': False}, 'target_modules': ['up_proj', 'o_proj', 'gate_proj', 'v_proj', 'k_proj', 'q_proj', 'down_proj'], 'exclude_modules': None, 'megatron_config': None, 'modules_to_save': None, 'init_lora_weights': True, 'layer_replication': None, 'layers_to_transform': None, 'base_model_name_or_path': 'TucanoBR/Tucano-2b4-Instruct'}}",,160.0,False,False,silu,10000.0,32002.0,2560.0,1e-05,,False,1.0,0.0,10240.0,24.0,16.0,4.0,4096.0,,,,,,,4.213768579667251e+17,0.0,0.0287,129691.63,32074.274,,,,,,,,,,,,,,,,,,,,,,,,,,,,,,,,,,,,,,,,,,,,,,,
rodornelles-hertie-school,uncategorized,m08we1vw,ft_unsloth_lora_gemma-3-27b-it_v1_2025-04-18_21-08-40,2025-04-18T21:15:34Z,crashed,[],https://wandb.ai/rodornelles-hertie-school/uncategorized/runs/m08we1vw,,,,,,,,,,,,,,,,,,,,,,,,,,,,,,,,,,,,,,,,,,,,,,,,,,,,,,,,,,,,,,,,,,,,,,,,,,,,,,,,,,,,,,,,,,,,,,,,,,,,,,,,,,,,,,,,,,,,,,,,,,,,,,,,,,,,,,,,,,,,,,,,,,,,,,,,,,,,,,,,,,,,,,,,,,,,,,,,,,,,,,,,,,,,,,,,,,,,,,,,,,,,,,,,,,,,,,,,,,,,,,,,,,,,,,,,,,,,,,,,,,,,,,,,,,,,,,,,,,,,,,,,,,,,,,,,,,,,,,,,,,,,,,,,,,,,,,
rodornelles-hertie-school,uncategorized,uiriu1bw,ft_unsloth_lora_Tucano-2b4-Instruct_v1_2025-04-18_20-43-31_v2,2025-04-18T21:23:56Z,finished,[],https://wandb.ai/rodornelles-hertie-school/uncategorized/runs/uiriu1bw,True,False,[],3407.0,,[],adamw_8bit,50.0,1.0,,True,False,False,0.0,False,False,"{'0': 'LABEL_0', '1': 'LABEL_1'}","{'LABEL_0': 0, 'LABEL_1': 1}",ft_unsloth_lora_Tucano-2b4-Instruct_v1_2025-04-18_20-43-31,False,False,3407,,False,<HUB_TOKEN>,passive,-1.0,1.0,last,['wandb'],1.0,False,0.9,0.999,False,0.0,10,False,0.0,20.0,0.0,llama,,/content/drive/MyDrive/master_thesis/ft_unsloth_lora_Tucano-2b4-Instruct_v1_2025-04-18_20-43-31,-1.0,10.0,,1800.0,"{'xla': False, 'xla_fsdp_v2': False, 'min_num_params': 0, 'xla_fsdp_grad_ckpt': False}",,outputs_ft_unsloth_lora_Tucano-2b4-Instruct_v1_2025-04-18_20-43-31/runs/Apr18_21-23-56_29d8f714edc4,False,True,1.0,,bfloat16,,False,1e-08,1.0,False,2,,auto,,every_save,3.0,,,False,0.1,5.0,0.01,['LlamaModel'],,False,steps,False,2e-05,1.0,1.0,,False,steps,False,,,,True,,False,False,O1,1.0,18432.0,False,False,,<CHARS_PER_TOKEN>,,,False,False,1.0,False,,,2025.3.19,1.0,False,,False,True,steps,,25.0,True,3,False,,0.0,False,,0.02,warning,linear,,False,<PUSH_TO_HUB_TOKEN>,False,False,"{'even_batches': True, 'non_blocking': False, 'split_batches': False, 'dispatch_batches': None, 'use_seedable_sampler': True, 'gradient_accumulation_kwargs': None}",False,,text,False,length,False,1.0,,-1.0,False,,,0.0,[],,,True,False,False,False,False,2465763840.0,0.0,1.0,,False,,False,,,4.50.0.dev0,,,True,,eval_loss,False,True,,0.0,,True,False,False,auto,0.0,True,False,,0.0,2,,False,250.0,,,False,,,False,1.0,False,,4.0,1.0,0.0,False,False,,False,,,False,{'runtime': 2821},,,,2821.772214919,759.0,1745014257.8771322,24.688172043010752,1150.0,0.11340784281492232,0.0,0.6833,"{'default': {'r': 16, 'bias': 'none', 'revision': None, 'use_dora': False, 'lora_bias': False, 'peft_type': 'LORA', 'task_type': 'CAUSAL_LM', 'eva_config': None, 'lora_alpha': 16, 'use_rslora': False, 'auto_mapping': None, 'lora_dropout': 0, 'megatron_core': 'megatron.core', 'fan_in_fan_out': False, 'inference_mode': False, 'layers_pattern': None, 'runtime_config': {'ephemeral_gpu_offload': False}, 'target_modules': ['k_proj', 'down_proj', 'v_proj', 'o_proj', 'q_proj', 'gate_proj', 'up_proj'], 'exclude_modules': None, 'megatron_config': None, 'modules_to_save': None, 'init_lora_weights': True, 'layer_replication': None, 'layers_to_transform': None, 'base_model_name_or_path': 'TucanoBR/Tucano-2b4-Instruct'}}",,160.0,False,False,silu,10000.0,32002.0,2560.0,1e-05,,False,1.0,0.0,10240.0,24.0,16.0,4.0,4096.0,0.7313522696495056,7.6537,4.312,4.312,,,4.213768579667251e+17,0.4372919702011606,2817.862,1.65,0.408,,,,,,,,,,,,,,,,,,,,,,,,,,,,,,,,,,,,,,,,,,,,,,,
rodornelles-hertie-school,uncategorized,oepkt6rh,ft_unsloth_lora_gemma-3-12b-it_v1_2025-04-18_21-59-25,2025-04-18T22:01:29Z,crashed,[],https://wandb.ai/rodornelles-hertie-school/uncategorized/runs/oepkt6rh,True,False,[],3407.0,,[],adamw_8bit,50.0,1.0,,True,False,False,0.0,False,False,"{'0': 'LABEL_0', '1': 'LABEL_1'}","{'LABEL_0': 0, 'LABEL_1': 1}",ft_unsloth_lora_gemma-3-12b-it_v1_2025-04-18_21-59-25,False,False,3407,,False,<HUB_TOKEN>,passive,-1.0,1.0,last,['wandb'],1.0,False,0.9,0.999,False,0.0,10,False,0.0,20.0,0.0,gemma3,,/content/drive/MyDrive/master_thesis/ft_unsloth_lora_gemma-3-12b-it_v1_2025-04-18_21-59-25,-1.0,10.0,,1800.0,"{'xla': False, 'xla_fsdp_v2': False, 'min_num_params': 0, 'xla_fsdp_grad_ckpt': False}",,outputs_ft_unsloth_lora_gemma-3-12b-it_v1_2025-04-18_21-59-25/runs/Apr18_22-01-12_f22ea800b58d,False,True,1.0,"{'top_k': 50, 'top_p': 1, 'prefix': None, 'head_dim': 256, 'id2label': {'0': 'LABEL_0', '1': 'LABEL_1'}, 'label2id': {'LABEL_0': 0, 'LABEL_1': 1}, 'do_sample': False, 'num_beams': 1, 'typical_p': 1, 'use_cache': True, 'is_decoder': False, 'max_length': 20, 'min_length': 0, 'model_type': 'gemma3_text', 'rope_theta': 1000000, 'vocab_size': 262208, 'hidden_size': 3840, 'return_dict': True, 'temperature': 1, 'torch_dtype': 'bfloat16', 'torchscript': False, 'bos_token_id': 2, 'eos_token_id': 1, 'pad_token_id': 0, 'problem_type': None, 'rms_norm_eps': 1e-06, 'rope_scaling': {'factor': 8, 'rope_type': 'linear'}, 'sep_token_id': None, 'use_bfloat16': False, '_name_or_path': '', 'architectures': None, 'bad_words_ids': None, 'output_scores': False, 'attention_bias': False, 'early_stopping': False, 'length_penalty': 1, 'sliding_window': 1024, 'tf_legacy_loss': False, 'finetuning_task': None, 'num_beam_groups': 1, 'suppress_tokens': None, 'tokenizer_class': None, 'attention_dropout': 0, 'diversity_penalty': 0, 'hidden_activation': 'gelu_pytorch_tanh', 'initializer_range': 0.02, 'intermediate_size': 15360, 'num_hidden_layers': 48, 'output_attentions': False, 'is_encoder_decoder': False, 'repetition_penalty': 1, 'add_cross_attention': False, 'forced_bos_token_id': None, 'forced_eos_token_id': None, 'num_attention_heads': 16, 'num_key_value_heads': 8, 'tie_encoder_decoder': False, 'tie_word_embeddings': True, 'cache_implementation': 'hybrid', 'no_repeat_ngram_size': 0, 'num_return_sequences': 1, 'output_hidden_states': False, 'rope_local_base_freq': 10000, 'task_specific_params': None, 'begin_suppress_tokens': None, 'query_pre_attn_scalar': 256, 'remove_invalid_values': False, 'attn_logit_softcapping': None, 'decoder_start_token_id': None, 'sliding_window_pattern': 6, 'chunk_size_feed_forward': 0, 'final_logit_softcapping': None, 'max_position_embeddings': 131072, 'return_dict_in_generate': False, 'cross_attention_hidden_size': None, '_attn_implementation_autoset': False, 'encoder_no_repeat_ngram_size': 0, 'exponential_decay_length_penalty': None}",bfloat16,,False,1e-08,,False,"[1, 106]",,auto,,every_save,0.0,,,False,0.1,5.0,0.01,['Gemma3ForConditionalGeneration'],,False,steps,False,2e-05,1.0,1.0,,False,steps,False,,,"{'top_k': 50, 'top_p': 1, 'prefix': None, 'id2label': {'0': 'LABEL_0', '1': 'LABEL_1'}, 'label2id': {'LABEL_0': 0, 'LABEL_1': 1}, 'do_sample': False, 'num_beams': 1, 'typical_p': 1, 'hidden_act': 'gelu_pytorch_tanh', 'image_size': 896, 'is_decoder': False, 'max_length': 20, 'min_length': 0, 'model_type': 'siglip_vision_model', 'patch_size': 14, 'hidden_size': 1152, 'return_dict': True, 'temperature': 1, 'torch_dtype': 'bfloat16', 'torchscript': False, 'bos_token_id': None, 'eos_token_id': None, 'num_channels': 3, 'pad_token_id': None, 'problem_type': None, 'sep_token_id': None, 'use_bfloat16': False, '_name_or_path': '', 'architectures': None, 'bad_words_ids': None, 'output_scores': False, 'early_stopping': False, 'layer_norm_eps': 1e-06, 'length_penalty': 1, 'tf_legacy_loss': False, 'finetuning_task': None, 'num_beam_groups': 1, 'suppress_tokens': None, 'tokenizer_class': None, 'vision_use_head': False, 'attention_dropout': 0, 'diversity_penalty': 0, 'intermediate_size': 4304, 'num_hidden_layers': 27, 'output_attentions': False, 'is_encoder_decoder': False, 'repetition_penalty': 1, 'add_cross_attention': False, 'forced_bos_token_id': None, 'forced_eos_token_id': None, 'num_attention_heads': 16, 'tie_encoder_decoder': False, 'tie_word_embeddings': True, 'no_repeat_ngram_size': 0, 'num_return_sequences': 1, 'output_hidden_states': False, 'task_specific_params': None, 'begin_suppress_tokens': None, 'remove_invalid_values': False, 'decoder_start_token_id': None, 'chunk_size_feed_forward': 0, 'return_dict_in_generate': False, 'cross_attention_hidden_size': None, '_attn_implementation_autoset': False, 'encoder_no_repeat_ngram_size': 0, 'exponential_decay_length_penalty': None}",True,,False,False,O1,1.0,18432.0,False,False,255999.0,<CHARS_PER_TOKEN>,256000.0,,False,False,1.0,False,,,2025.3.19,1.0,False,,False,True,steps,,10.0,True,5,False,,0.0,False,262144.0,0.02,warning,linear,,False,<PUSH_TO_HUB_TOKEN>,False,False,"{'even_batches': True, 'non_blocking': False, 'split_batches': False, 'dispatch_batches': None, 'use_seedable_sampler': True, 'gradient_accumulation_kwargs': None}",False,,text,False,length,False,1.0,,-1.0,False,,,0.0,[],256.0,,True,False,True,False,False,12255781488.0,0.0,1.0,,False,,False,,,4.50.0.dev0,,,True,,eval_loss,False,True,,0.0,,True,False,False,auto,0.0,True,False,,0.0,2,,False,250.0,,,False,,,False,1.0,False,,4.0,1.0,0.0,False,False,,False,,,False,,,,,,,,,,,,,"{'default': {'r': 16, 'bias': 'none', 'revision': None, 'use_dora': False, 'lora_bias': False, 'peft_type': 'LORA', 'task_type': 'CAUSAL_LM', 'eva_config': None, 'lora_alpha': 16, 'use_rslora': False, 'auto_mapping': None, 'lora_dropout': 0, 'megatron_core': 'megatron.core', 'fan_in_fan_out': False, 'inference_mode': False, 'layers_pattern': None, 'runtime_config': {'ephemeral_gpu_offload': False}, 'target_modules': ['k_proj', 'o_proj', 'up_proj', 'down_proj', 'gate_proj', 'v_proj', 'q_proj'], 'exclude_modules': None, 'megatron_config': None, 'modules_to_save': None, 'init_lora_weights': True, 'layer_replication': None, 'layers_to_transform': None, 'base_model_name_or_path': 'unsloth/gemma-3-12b-it'}}",,,,,,,,,,,,,,,,,,,,,,,,,,,,,,,,,,,,,,,,,,,,,,,,,,,,,,,,,,,,,,,,,,,,,,,,,,,,
rodornelles-hertie-school,uncategorized,m0iyvb19,ft_unsloth_lora_gemma-3-27b-it_v1_2025-04-18_21-08-40,2025-04-18T21:14:45Z,finished,[],https://wandb.ai/rodornelles-hertie-school/uncategorized/runs/m0iyvb19,,,,,,,,,,,,,,,,,,,,,,,,,,,,,,,,,,,,,,,,,,,,,,,,,,,,,,,,,,,,,,,,,,,,,,,,,,,,,,,,,,,,,,,,,,,,,,,,,,,,,,,,,,,,,,,,,,,,,,,,,,,,,,,,,,,,,,,,,,,,,,,,,,,,,,,,,,,,,,,,,,,,,,,,,,,,,,,,,,,,,,,,,,,,,,,,,,,,,,,,,,,,,,{'runtime': 2},,,,,,,,,,,,,,,,,,,,,,,,,,,,,,,,,,,,,,,,,,,,,,,,,,,,,,,,,,,,,,,,,,,,,,,,,,,,,,,,,,,,,,,,
rodornelles-hertie-school,uncategorized,5cu6105z,ft_unsloth_lora_Tucano-2b4-Instruct_v1_2025-04-18_20-19-44,2025-04-18T20:21:52Z,crashed,[],https://wandb.ai/rodornelles-hertie-school/uncategorized/runs/5cu6105z,,,,,,,,,,,,,,,,,,,,,,,,,,,,,,,,,,,,,,,,,,,,,,,,,,,,,,,,,,,,,,,,,,,,,,,,,,,,,,,,,,,,,,,,,,,,,,,,,,,,,,,,,,,,,,,,,,,,,,,,,,,,,,,,,,,,,,,,,,,,,,,,,,,,,,,,,,,,,,,,,,,,,,,,,,,,,,,,,,,,,,,,,,,,,,,,,,,,,,,,,,,,,,,,,,,,,,,,,,,,,,,,,,,,,,,,,,,,,,,,,,,,,,,,,,,,,,,,,,,,,,,,,,,,,,,,,,,,,,,,,,,,,,,,,,,,,,
rodornelles-hertie-school,uncategorized,wjbfhgtr,ft_hf_lora_Phi-4_v1_2025-04-14_17-58-59,2025-04-14T18:02:02Z,finished,[],https://wandb.ai/rodornelles-hertie-school/uncategorized/runs/wjbfhgtr,True,False,[],3407.0,,[],adamw_8bit,50.0,1.0,,True,False,False,0.0,False,False,"{'0': 'LABEL_0', '1': 'LABEL_1'}","{'LABEL_0': 0, 'LABEL_1': 1}",ft_hf_lora_Phi-4_v1_2025-04-14_17-58-59,False,False,3407,,False,<HUB_TOKEN>,passive,-1.0,1.0,last,['wandb'],1.0,False,0.9,0.999,False,0.0,10,False,0.0,20.0,0.0,llama,,outputs_ft_hf_lora_Phi-4_v1_2025-04-14_17-58-59,-1.0,10.0,,1800.0,"{'xla': False, 'xla_fsdp_v2': False, 'min_num_params': 0, 'xla_fsdp_grad_ckpt': False}",,outputs_ft_hf_lora_Phi-4_v1_2025-04-14_17-58-59/runs/Apr14_17-59-49_fa3405309478,False,True,1.0,,bfloat16,,False,1e-08,100257.0,False,100265,,auto,,every_save,100351.0,,,False,0.1,5.0,0.01,['LlamaForCausalLM'],,False,steps,False,2e-05,1.0,1.0,,False,steps,False,,True,,True,,False,False,O1,1.0,18432.0,False,False,,<CHARS_PER_TOKEN>,,,False,False,1.0,False,,,2025.3.19,1.0,False,,False,True,steps,,10.0,True,3,False,,0.0,False,,0.02,warning,linear,,False,<PUSH_TO_HUB_TOKEN>,False,False,"{'even_batches': True, 'non_blocking': False, 'split_batches': False, 'dispatch_batches': None, 'use_seedable_sampler': True, 'gradient_accumulation_kwargs': None}",False,,text,False,length,False,1.0,,-1.0,False,,,0.0,[],,,True,False,False,False,False,14725043200.0,0.0,1.0,,False,,False,,,4.50.0.dev0,,,True,,eval_loss,False,True,,0.0,,True,False,False,auto,0.0,True,False,,0.0,2,,False,250.0,,,False,,,False,1.0,False,,4.0,1.0,0.0,False,False,,False,,,False,{'runtime': 5391},,,,5391.727701114,319.0,1744659113.6577103,6.172043010752688,290.0,0.12765370309352875,7.472527472527473e-06,0.0166,"{'default': {'r': 16, 'bias': 'none', 'revision': None, 'use_dora': False, 'lora_bias': False, 'peft_type': 'LORA', 'task_type': 'CAUSAL_LM', 'eva_config': None, 'lora_alpha': 16, 'use_rslora': False, 'auto_mapping': None, 'lora_dropout': 0, 'megatron_core': 'megatron.core', 'fan_in_fan_out': False, 'inference_mode': False, 'layers_pattern': None, 'runtime_config': {'ephemeral_gpu_offload': False}, 'target_modules': ['up_proj', 'down_proj', 'gate_proj', 'q_proj', 'o_proj', 'v_proj', 'k_proj'], 'exclude_modules': None, 'megatron_config': None, 'modules_to_save': None, 'init_lora_weights': True, 'layer_replication': None, 'layers_to_transform': None, 'base_model_name_or_path': 'unsloth/phi-4-unsloth-bnb-4bit'}}","{'load_in_4bit': True, 'load_in_8bit': False, 'quant_method': 'bitsandbytes', 'llm_int8_threshold': 6, 'bnb_4bit_quant_type': 'nf4', 'llm_int8_skip_modules': None, 'bnb_4bit_compute_dtype': 'bfloat16', 'llm_int8_has_fp16_weight': False, 'bnb_4bit_use_double_quant': True, 'llm_int8_enable_fp32_cpu_offload': False}",128.0,False,True,silu,250000.0,100352.0,5120.0,1e-05,"{'type': 'linear', 'factor': 1.125}",False,1.0,0.0,17920.0,40.0,40.0,10.0,18432.0,0.03566840663552284,37.0687,0.89,0.89,,,6.807879917972582e+17,0.043222895290317205,5388.5895,0.345,0.085,16384.0,,,,,,,,,,,,,,,,,,,,,,,,,,,,,,,,,,,,,,,,,,,,,,
rodornelles-hertie-school,uncategorized,92usuq7w,ft_unsloth_lora_Tucano-2b4-Instruct_v1_2025-04-18_20-43-31_v2,2025-04-18T21:23:32Z,finished,[],https://wandb.ai/rodornelles-hertie-school/uncategorized/runs/92usuq7w,,,,,,,,,,,,,,,,,,,,,,,,,,,,,,,,,,,,,,,,,,,,,,,,,,,,,,,,,,,,,,,,,,,,,,,,,,,,,,,,,,,,,,,,,,,,,,,,,,,,,,,,,,,,,,,,,,,,,,,,,,,,,,,,,,,,,,,,,,,,,,,,,,,,,,,,,,,,,,,,,,,,,,,,,,,,,,,,,,,,,,,,,,,,,,,,,,,,,,,,,,,,,,{'runtime': 9},,,,,,,,,,,,,,,,,,,,,,,,,,,,,,,,,,,,,,,,,,,,,,,,,,,,,,,,,,,,,,,,,,,,,,,,,,,,,,,,,,,,,,,,
rodornelles-hertie-school,uncategorized,5khtiryv,ft_hf_lora_gemma-3-4b-it_v1_2025-04-14_11-27-12,2025-04-14T11:28:29Z,finished,[],https://wandb.ai/rodornelles-hertie-school/uncategorized/runs/5khtiryv,True,False,[],3407.0,,[],adamw_8bit,50.0,1.0,,True,False,False,0.0,False,False,"{'0': 'LABEL_0', '1': 'LABEL_1'}","{'LABEL_0': 0, 'LABEL_1': 1}",ft_hf_lora_gemma-3-4b-it_v1_2025-04-14_11-27-12,False,False,3407,,False,<HUB_TOKEN>,passive,-1.0,1.0,last,['wandb'],1.0,False,0.9,0.999,False,0.0,10,False,0.0,20.0,0.0,gemma3,,outputs_ft_hf_lora_gemma-3-4b-it_v1_2025-04-14_11-27-12,-1.0,10.0,,1800.0,"{'xla': False, 'xla_fsdp_v2': False, 'min_num_params': 0, 'xla_fsdp_grad_ckpt': False}",,outputs_ft_hf_lora_gemma-3-4b-it_v1_2025-04-14_11-27-12/runs/Apr14_11-27-51_7e92a1821d5f,False,True,1.0,"{'top_k': 50, 'top_p': 1, 'prefix': None, 'head_dim': 256, 'id2label': {'0': 'LABEL_0', '1': 'LABEL_1'}, 'label2id': {'LABEL_0': 0, 'LABEL_1': 1}, 'do_sample': False, 'num_beams': 1, 'typical_p': 1, 'use_cache': True, 'is_decoder': False, 'max_length': 20, 'min_length': 0, 'model_type': 'gemma3_text', 'rope_theta': 1000000.0, 'vocab_size': 262208, 'hidden_size': 2560, 'return_dict': True, 'temperature': 1, 'torch_dtype': 'bfloat16', 'torchscript': False, 'bos_token_id': 2, 'eos_token_id': 1, 'pad_token_id': 0, 'problem_type': None, 'rms_norm_eps': 1e-06, 'rope_scaling': {'factor': 8, 'rope_type': 'linear'}, 'sep_token_id': None, 'use_bfloat16': False, '_name_or_path': '', 'architectures': None, 'bad_words_ids': None, 'output_scores': False, 'attention_bias': False, 'early_stopping': False, 'length_penalty': 1, 'sliding_window': 1024, 'tf_legacy_loss': False, 'finetuning_task': None, 'num_beam_groups': 1, 'suppress_tokens': None, 'tokenizer_class': None, 'attention_dropout': 0, 'diversity_penalty': 0, 'hidden_activation': 'gelu_pytorch_tanh', 'initializer_range': 0.02, 'intermediate_size': 10240, 'num_hidden_layers': 34, 'output_attentions': False, 'is_encoder_decoder': False, 'repetition_penalty': 1, 'add_cross_attention': False, 'forced_bos_token_id': None, 'forced_eos_token_id': None, 'num_attention_heads': 8, 'num_key_value_heads': 4, 'tie_encoder_decoder': False, 'tie_word_embeddings': True, 'cache_implementation': 'hybrid', 'no_repeat_ngram_size': 0, 'num_return_sequences': 1, 'output_hidden_states': False, 'rope_local_base_freq': 10000, 'task_specific_params': None, 'begin_suppress_tokens': None, 'query_pre_attn_scalar': 256, 'remove_invalid_values': False, 'attn_logit_softcapping': None, 'decoder_start_token_id': None, 'sliding_window_pattern': 6, 'chunk_size_feed_forward': 0, 'final_logit_softcapping': None, 'max_position_embeddings': 131072, 'return_dict_in_generate': False, 'cross_attention_hidden_size': None, '_attn_implementation_autoset': False, 'encoder_no_repeat_ngram_size': 0, 'exponential_decay_length_penalty': None}",bfloat16,,False,1e-08,2.0,False,106,,auto,,every_save,0.0,,,False,0.1,5.0,0.01,['Gemma3ForConditionalGeneration'],,False,steps,False,2e-05,1.0,1.0,,False,steps,False,,True,"{'top_k': 50, 'top_p': 1, 'prefix': None, 'id2label': {'0': 'LABEL_0', '1': 'LABEL_1'}, 'label2id': {'LABEL_0': 0, 'LABEL_1': 1}, 'do_sample': False, 'num_beams': 1, 'typical_p': 1, 'hidden_act': 'gelu_pytorch_tanh', 'image_size': 896, 'is_decoder': False, 'max_length': 20, 'min_length': 0, 'model_type': 'siglip_vision_model', 'patch_size': 14, 'hidden_size': 1152, 'return_dict': True, 'temperature': 1, 'torch_dtype': 'bfloat16', 'torchscript': False, 'bos_token_id': None, 'eos_token_id': None, 'num_channels': 3, 'pad_token_id': None, 'problem_type': None, 'sep_token_id': None, 'use_bfloat16': False, '_name_or_path': '', 'architectures': None, 'bad_words_ids': None, 'output_scores': False, 'early_stopping': False, 'layer_norm_eps': 1e-06, 'length_penalty': 1, 'tf_legacy_loss': False, 'finetuning_task': None, 'num_beam_groups': 1, 'suppress_tokens': None, 'tokenizer_class': None, 'vision_use_head': False, 'attention_dropout': 0, 'diversity_penalty': 0, 'intermediate_size': 4304, 'num_hidden_layers': 27, 'output_attentions': False, 'is_encoder_decoder': False, 'repetition_penalty': 1, 'add_cross_attention': False, 'forced_bos_token_id': None, 'forced_eos_token_id': None, 'num_attention_heads': 16, 'tie_encoder_decoder': False, 'tie_word_embeddings': True, 'no_repeat_ngram_size': 0, 'num_return_sequences': 1, 'output_hidden_states': False, 'task_specific_params': None, 'begin_suppress_tokens': None, 'remove_invalid_values': False, 'decoder_start_token_id': None, 'chunk_size_feed_forward': 0, 'return_dict_in_generate': False, 'cross_attention_hidden_size': None, '_attn_implementation_autoset': False, 'encoder_no_repeat_ngram_size': 0, 'exponential_decay_length_penalty': None}",True,,False,False,O1,1.0,16384.0,False,False,255999.0,<CHARS_PER_TOKEN>,256000.0,,False,False,1.0,False,,,2025.3.19,1.0,False,,False,True,steps,,10.0,True,3,False,,0.0,False,262144.0,0.02,warning,linear,,False,<PUSH_TO_HUB_TOKEN>,False,False,"{'even_batches': True, 'non_blocking': False, 'split_batches': False, 'dispatch_batches': None, 'use_seedable_sampler': True, 'gradient_accumulation_kwargs': None}",False,,text,False,length,False,1.0,,-1.0,False,,,0.0,[],256.0,,True,False,True,False,False,4308276592.0,0.0,1.0,,False,,False,,,4.50.0.dev0,,,True,,eval_loss,False,True,,0.0,,True,False,False,auto,0.0,True,False,,0.0,2,,False,250.0,,,False,,,False,1.0,False,,4.0,1.0,0.0,False,False,,False,,,False,{'runtime': 428},,,,423.146117524,9.0,1744630531.9611678,0.21505376344086025,10.0,0.571315348148346,1.9780219780219784e-05,0.3203,"{'default': {'r': 4, 'bias': 'none', 'revision': None, 'use_dora': False, 'lora_bias': False, 'peft_type': 'LORA', 'task_type': 'CAUSAL_LM', 'eva_config': None, 'lora_alpha': 4, 'use_rslora': False, 'auto_mapping': None, 'lora_dropout': 0, 'megatron_core': 'megatron.core', 'fan_in_fan_out': False, 'inference_mode': False, 'layers_pattern': None, 'runtime_config': {'ephemeral_gpu_offload': False}, 'target_modules': ['q_proj', 'gate_proj', 'up_proj', 'down_proj', 'v_proj', 'o_proj', 'k_proj'], 'exclude_modules': None, 'megatron_config': None, 'modules_to_save': None, 'init_lora_weights': True, 'layer_replication': None, 'layers_to_transform': None, 'base_model_name_or_path': 'unsloth/gemma-3-4b-it-unsloth-bnb-4bit'}}","{'load_in_4bit': True, 'load_in_8bit': False, 'quant_method': 'bitsandbytes', 'llm_int8_threshold': 6, 'bnb_4bit_quant_type': 'nf4', 'llm_int8_skip_modules': None, 'bnb_4bit_compute_dtype': 'bfloat16', 'llm_int8_has_fp16_weight': False, 'bnb_4bit_use_double_quant': True, 'llm_int8_enable_fp32_cpu_offload': False}",,,,,,,,,,,,,,,,,,,,,,,,,,,,,,,,,,,,,,,,,,,,,,,,,,,,,,,,,,,,,,,,,,,,,,,,,,,
rodornelles-hertie-school,uncategorized,axk0z9bj,ft_unsloth_lora_Tucano-2b4-Instruct_v1,2025-04-19T00:18:01Z,crashed,[],https://wandb.ai/rodornelles-hertie-school/uncategorized/runs/axk0z9bj,True,False,[],3407.0,,[],adamw_8bit,50.0,1.0,,True,False,False,0.0,False,False,"{'0': 'LABEL_0', '1': 'LABEL_1'}","{'LABEL_0': 0, 'LABEL_1': 1}",ft_unsloth_lora_Tucano-2b4-Instruct_v1,False,False,3407,,False,<HUB_TOKEN>,passive,-1.0,1.0,last,['wandb'],1.0,False,0.9,0.999,False,0.0,10,False,0.0,20.0,0.0,llama,,/content/drive/MyDrive/master_thesis/ft_unsloth_lora_Tucano-2b4-Instruct_v1,-1.0,10.0,,1800.0,"{'xla': False, 'xla_fsdp_v2': False, 'min_num_params': 0, 'xla_fsdp_grad_ckpt': False}",,outputs_ft_unsloth_lora_Tucano-2b4-Instruct_v1/runs/Apr19_00-17-57_fb475c2604cb,False,True,1.0,,bfloat16,,False,1e-08,1.0,False,2,,auto,,every_save,3.0,,,False,0.1,5.0,0.01,['LlamaForCausalLM'],,False,steps,False,2e-05,1.0,1.0,,False,steps,False,,,,True,,False,False,O1,1.0,18432.0,False,False,,<CHARS_PER_TOKEN>,,,False,False,1.0,False,,,2025.3.19,1.0,False,,False,True,steps,,20.0,True,3,False,,0.0,False,,0.02,warning,linear,,False,<PUSH_TO_HUB_TOKEN>,False,False,"{'even_batches': True, 'non_blocking': False, 'split_batches': False, 'dispatch_batches': None, 'use_seedable_sampler': True, 'gradient_accumulation_kwargs': None}",False,,text,False,length,False,1.0,,-1.0,False,,,0.0,[],,,True,False,False,False,False,2465763840.0,0.0,1.0,,False,,False,,,4.50.0.dev0,,,True,,eval_loss,False,True,,0.0,,True,False,False,auto,0.0,True,False,,0.0,2,,False,250.0,,,False,,,False,1.0,False,,4.0,1.0,0.0,False,False,,False,,,False,{'runtime': 1789},,,,1785.275772817,468.0,1745023666.3329337,9.086021505376344,427.0,0.13303548097610474,1.0775956284153006e-05,0.7237,"{'default': {'r': 16, 'bias': 'none', 'revision': None, 'use_dora': False, 'lora_bias': False, 'peft_type': 'LORA', 'task_type': 'CAUSAL_LM', 'eva_config': None, 'lora_alpha': 16, 'use_rslora': False, 'auto_mapping': None, 'lora_dropout': 0, 'megatron_core': 'megatron.core', 'fan_in_fan_out': False, 'inference_mode': False, 'layers_pattern': None, 'runtime_config': {'ephemeral_gpu_offload': False}, 'target_modules': ['k_proj', 'q_proj', 'v_proj', 'o_proj', 'down_proj', 'up_proj', 'gate_proj'], 'exclude_modules': None, 'megatron_config': None, 'modules_to_save': None, 'init_lora_weights': True, 'layer_replication': None, 'layers_to_transform': None, 'base_model_name_or_path': 'TucanoBR/Tucano-2b4-Instruct'}}",,160.0,False,False,silu,10000.0,32002.0,2560.0,1e-05,,False,1.0,0.0,10240.0,24.0,16.0,4.0,4096.0,0.7527974843978882,7.6356,4.322,4.322,,,,,,,,,,,,,,,,,,,,,,,,,,,,,,,,,,,,,,,,,,,,,,,,,,,,,,
rodornelles-hertie-school,uncategorized,7oy33329,ft_unsloth_lora_gemma-3-4b-it_v1_2025-04-18_22-27-22,2025-04-18T22:28:33Z,crashed,[],https://wandb.ai/rodornelles-hertie-school/uncategorized/runs/7oy33329,True,False,[],3407.0,,[],adamw_8bit,50.0,1.0,,True,False,False,0.0,False,False,"{'0': 'LABEL_0', '1': 'LABEL_1'}","{'LABEL_0': 0, 'LABEL_1': 1}",ft_unsloth_lora_gemma-3-4b-it_v1_2025-04-18_22-27-22,False,False,3407,,False,<HUB_TOKEN>,passive,-1.0,1.0,last,['wandb'],1.0,False,0.9,0.999,False,0.0,10,False,0.0,20.0,0.0,gemma3,,/content/drive/MyDrive/master_thesis/ft_unsloth_lora_gemma-3-4b-it_v1_2025-04-18_22-27-22,-1.0,10.0,,1800.0,"{'xla': False, 'xla_fsdp_v2': False, 'min_num_params': 0, 'xla_fsdp_grad_ckpt': False}",,outputs_ft_unsloth_lora_gemma-3-4b-it_v1_2025-04-18_22-27-22/runs/Apr18_22-28-25_f22ea800b58d,False,True,1.0,"{'top_k': 50, 'top_p': 1, 'prefix': None, 'head_dim': 256, 'id2label': {'0': 'LABEL_0', '1': 'LABEL_1'}, 'label2id': {'LABEL_0': 0, 'LABEL_1': 1}, 'do_sample': False, 'num_beams': 1, 'typical_p': 1, 'use_cache': True, 'is_decoder': False, 'max_length': 20, 'min_length': 0, 'model_type': 'gemma3_text', 'rope_theta': 1000000, 'vocab_size': 262208, 'hidden_size': 2560, 'return_dict': True, 'temperature': 1, 'torch_dtype': 'bfloat16', 'torchscript': False, 'bos_token_id': 2, 'eos_token_id': 1, 'pad_token_id': 0, 'problem_type': None, 'rms_norm_eps': 1e-06, 'rope_scaling': {'factor': 8, 'rope_type': 'linear'}, 'sep_token_id': None, 'use_bfloat16': False, '_name_or_path': '', 'architectures': None, 'bad_words_ids': None, 'output_scores': False, 'attention_bias': False, 'early_stopping': False, 'length_penalty': 1, 'sliding_window': 1024, 'tf_legacy_loss': False, 'finetuning_task': None, 'num_beam_groups': 1, 'suppress_tokens': None, 'tokenizer_class': None, 'attention_dropout': 0, 'diversity_penalty': 0, 'hidden_activation': 'gelu_pytorch_tanh', 'initializer_range': 0.02, 'intermediate_size': 10240, 'num_hidden_layers': 34, 'output_attentions': False, 'is_encoder_decoder': False, 'repetition_penalty': 1, 'add_cross_attention': False, 'forced_bos_token_id': None, 'forced_eos_token_id': None, 'num_attention_heads': 8, 'num_key_value_heads': 4, 'tie_encoder_decoder': False, 'tie_word_embeddings': True, 'cache_implementation': 'hybrid', 'no_repeat_ngram_size': 0, 'num_return_sequences': 1, 'output_hidden_states': False, 'rope_local_base_freq': 10000, 'task_specific_params': None, 'begin_suppress_tokens': None, 'query_pre_attn_scalar': 256, 'remove_invalid_values': False, 'attn_logit_softcapping': None, 'decoder_start_token_id': None, 'sliding_window_pattern': 6, 'chunk_size_feed_forward': 0, 'final_logit_softcapping': None, 'max_position_embeddings': 131072, 'return_dict_in_generate': False, 'cross_attention_hidden_size': None, '_attn_implementation_autoset': False, 'encoder_no_repeat_ngram_size': 0, 'exponential_decay_length_penalty': None}",bfloat16,,False,1e-08,2.0,False,106,,auto,,every_save,0.0,,,False,0.1,5.0,0.01,['Gemma3ForConditionalGeneration'],,False,steps,False,2e-05,1.0,1.0,,False,steps,False,,True,"{'top_k': 50, 'top_p': 1, 'prefix': None, 'id2label': {'0': 'LABEL_0', '1': 'LABEL_1'}, 'label2id': {'LABEL_0': 0, 'LABEL_1': 1}, 'do_sample': False, 'num_beams': 1, 'typical_p': 1, 'hidden_act': 'gelu_pytorch_tanh', 'image_size': 896, 'is_decoder': False, 'max_length': 20, 'min_length': 0, 'model_type': 'siglip_vision_model', 'patch_size': 14, 'hidden_size': 1152, 'return_dict': True, 'temperature': 1, 'torch_dtype': 'bfloat16', 'torchscript': False, 'bos_token_id': None, 'eos_token_id': None, 'num_channels': 3, 'pad_token_id': None, 'problem_type': None, 'sep_token_id': None, 'use_bfloat16': False, '_name_or_path': '', 'architectures': None, 'bad_words_ids': None, 'output_scores': False, 'early_stopping': False, 'layer_norm_eps': 1e-06, 'length_penalty': 1, 'tf_legacy_loss': False, 'finetuning_task': None, 'num_beam_groups': 1, 'suppress_tokens': None, 'tokenizer_class': None, 'vision_use_head': False, 'attention_dropout': 0, 'diversity_penalty': 0, 'intermediate_size': 4304, 'num_hidden_layers': 27, 'output_attentions': False, 'is_encoder_decoder': False, 'repetition_penalty': 1, 'add_cross_attention': False, 'forced_bos_token_id': None, 'forced_eos_token_id': None, 'num_attention_heads': 16, 'tie_encoder_decoder': False, 'tie_word_embeddings': True, 'no_repeat_ngram_size': 0, 'num_return_sequences': 1, 'output_hidden_states': False, 'task_specific_params': None, 'begin_suppress_tokens': None, 'remove_invalid_values': False, 'decoder_start_token_id': None, 'chunk_size_feed_forward': 0, 'return_dict_in_generate': False, 'cross_attention_hidden_size': None, '_attn_implementation_autoset': False, 'encoder_no_repeat_ngram_size': 0, 'exponential_decay_length_penalty': None}",True,,False,False,O1,1.0,18432.0,False,False,255999.0,<CHARS_PER_TOKEN>,256000.0,,False,False,1.0,False,,,2025.3.19,1.0,False,,False,True,steps,,10.0,True,5,False,,0.0,False,262144.0,0.02,warning,linear,,False,<PUSH_TO_HUB_TOKEN>,False,False,"{'even_batches': True, 'non_blocking': False, 'split_batches': False, 'dispatch_batches': None, 'use_seedable_sampler': True, 'gradient_accumulation_kwargs': None}",False,,text,False,length,False,1.0,,-1.0,False,,,0.0,[],256.0,,True,False,True,False,False,4308276592.0,0.0,1.0,,False,,False,,,4.50.0.dev0,,,True,,eval_loss,False,True,,0.0,,True,False,False,auto,0.0,True,False,,0.0,2,,False,250.0,,,False,,,False,1.0,False,,4.0,1.0,0.0,False,False,,False,,,False,{'runtime': 409},,,,409.896607876,9.0,1745015722.292114,0.21505376344086025,10.0,0.5624104142189026,1.9780219780219784e-05,0.3188,"{'default': {'r': 4, 'bias': 'none', 'revision': None, 'use_dora': False, 'lora_bias': False, 'peft_type': 'LORA', 'task_type': 'CAUSAL_LM', 'eva_config': None, 'lora_alpha': 4, 'use_rslora': False, 'auto_mapping': None, 'lora_dropout': 0, 'megatron_core': 'megatron.core', 'fan_in_fan_out': False, 'inference_mode': False, 'layers_pattern': None, 'runtime_config': {'ephemeral_gpu_offload': False}, 'target_modules': ['down_proj', 'o_proj', 'up_proj', 'gate_proj', 'q_proj', 'k_proj', 'v_proj'], 'exclude_modules': None, 'megatron_config': None, 'modules_to_save': None, 'init_lora_weights': True, 'layer_replication': None, 'layers_to_transform': None, 'base_model_name_or_path': 'unsloth/gemma-3-4b-it-unsloth-bnb-4bit'}}","{'load_in_4bit': True, 'load_in_8bit': False, 'quant_method': 'bitsandbytes', 'llm_int8_threshold': 6, 'bnb_4bit_quant_type': 'nf4', 'llm_int8_skip_modules': None, 'bnb_4bit_compute_dtype': 'bfloat16', 'llm_int8_has_fp16_weight': False, 'bnb_4bit_use_double_quant': True, 'llm_int8_enable_fp32_cpu_offload': False}",,,,,,,,,,,,,,,,,,,,,,,,,,,,,,,,,,,,,,,,,,,,,,,,,,,,,,,,,,,,,,,,,,,,,,,,,,,
rodornelles-hertie-school,uncategorized,nz9mkyuc,ft_hf_lora_gemma-3-4b-it_v1_2025-04-14_11-48-52,2025-04-14T11:49:53Z,crashed,[],https://wandb.ai/rodornelles-hertie-school/uncategorized/runs/nz9mkyuc,True,False,[],3407.0,,[],adamw_8bit,50.0,1.0,,True,False,False,0.0,False,False,"{'0': 'LABEL_0', '1': 'LABEL_1'}","{'LABEL_0': 0, 'LABEL_1': 1}",ft_hf_lora_gemma-3-4b-it_v1_2025-04-14_11-48-52,False,False,3407,,False,<HUB_TOKEN>,passive,-1.0,1.0,last,['wandb'],1.0,False,0.9,0.999,False,0.0,10,False,0.0,20.0,0.0,gemma3,,outputs_ft_hf_lora_gemma-3-4b-it_v1_2025-04-14_11-48-52,-1.0,10.0,,1800.0,"{'xla': False, 'xla_fsdp_v2': False, 'min_num_params': 0, 'xla_fsdp_grad_ckpt': False}",,outputs_ft_hf_lora_gemma-3-4b-it_v1_2025-04-14_11-48-52/runs/Apr14_11-49-38_7e92a1821d5f,False,True,1.0,"{'top_k': 50, 'top_p': 1, 'prefix': None, 'head_dim': 256, 'id2label': {'0': 'LABEL_0', '1': 'LABEL_1'}, 'label2id': {'LABEL_0': 0, 'LABEL_1': 1}, 'do_sample': False, 'num_beams': 1, 'typical_p': 1, 'use_cache': True, 'is_decoder': False, 'max_length': 20, 'min_length': 0, 'model_type': 'gemma3_text', 'rope_theta': 1000000.0, 'vocab_size': 262208, 'hidden_size': 2560, 'return_dict': True, 'temperature': 1, 'torch_dtype': 'bfloat16', 'torchscript': False, 'bos_token_id': 2, 'eos_token_id': 1, 'pad_token_id': 0, 'problem_type': None, 'rms_norm_eps': 1e-06, 'rope_scaling': {'factor': 8, 'rope_type': 'linear'}, 'sep_token_id': None, 'use_bfloat16': False, '_name_or_path': '', 'architectures': None, 'bad_words_ids': None, 'output_scores': False, 'attention_bias': False, 'early_stopping': False, 'length_penalty': 1, 'sliding_window': 1024, 'tf_legacy_loss': False, 'finetuning_task': None, 'num_beam_groups': 1, 'suppress_tokens': None, 'tokenizer_class': None, 'attention_dropout': 0, 'diversity_penalty': 0, 'hidden_activation': 'gelu_pytorch_tanh', 'initializer_range': 0.02, 'intermediate_size': 10240, 'num_hidden_layers': 34, 'output_attentions': False, 'is_encoder_decoder': False, 'repetition_penalty': 1, 'add_cross_attention': False, 'forced_bos_token_id': None, 'forced_eos_token_id': None, 'num_attention_heads': 8, 'num_key_value_heads': 4, 'tie_encoder_decoder': False, 'tie_word_embeddings': True, 'cache_implementation': 'hybrid', 'no_repeat_ngram_size': 0, 'num_return_sequences': 1, 'output_hidden_states': False, 'rope_local_base_freq': 10000, 'task_specific_params': None, 'begin_suppress_tokens': None, 'query_pre_attn_scalar': 256, 'remove_invalid_values': False, 'attn_logit_softcapping': None, 'decoder_start_token_id': None, 'sliding_window_pattern': 6, 'chunk_size_feed_forward': 0, 'final_logit_softcapping': None, 'max_position_embeddings': 131072, 'return_dict_in_generate': False, 'cross_attention_hidden_size': None, '_attn_implementation_autoset': False, 'encoder_no_repeat_ngram_size': 0, 'exponential_decay_length_penalty': None}",bfloat16,,False,1e-08,2.0,False,106,,auto,,every_save,0.0,,,False,0.1,5.0,0.01,['Gemma3ForConditionalGeneration'],,False,steps,False,2e-05,1.0,1.0,,False,steps,False,,True,"{'top_k': 50, 'top_p': 1, 'prefix': None, 'id2label': {'0': 'LABEL_0', '1': 'LABEL_1'}, 'label2id': {'LABEL_0': 0, 'LABEL_1': 1}, 'do_sample': False, 'num_beams': 1, 'typical_p': 1, 'hidden_act': 'gelu_pytorch_tanh', 'image_size': 896, 'is_decoder': False, 'max_length': 20, 'min_length': 0, 'model_type': 'siglip_vision_model', 'patch_size': 14, 'hidden_size': 1152, 'return_dict': True, 'temperature': 1, 'torch_dtype': 'bfloat16', 'torchscript': False, 'bos_token_id': None, 'eos_token_id': None, 'num_channels': 3, 'pad_token_id': None, 'problem_type': None, 'sep_token_id': None, 'use_bfloat16': False, '_name_or_path': '', 'architectures': None, 'bad_words_ids': None, 'output_scores': False, 'early_stopping': False, 'layer_norm_eps': 1e-06, 'length_penalty': 1, 'tf_legacy_loss': False, 'finetuning_task': None, 'num_beam_groups': 1, 'suppress_tokens': None, 'tokenizer_class': None, 'vision_use_head': False, 'attention_dropout': 0, 'diversity_penalty': 0, 'intermediate_size': 4304, 'num_hidden_layers': 27, 'output_attentions': False, 'is_encoder_decoder': False, 'repetition_penalty': 1, 'add_cross_attention': False, 'forced_bos_token_id': None, 'forced_eos_token_id': None, 'num_attention_heads': 16, 'tie_encoder_decoder': False, 'tie_word_embeddings': True, 'no_repeat_ngram_size': 0, 'num_return_sequences': 1, 'output_hidden_states': False, 'task_specific_params': None, 'begin_suppress_tokens': None, 'remove_invalid_values': False, 'decoder_start_token_id': None, 'chunk_size_feed_forward': 0, 'return_dict_in_generate': False, 'cross_attention_hidden_size': None, '_attn_implementation_autoset': False, 'encoder_no_repeat_ngram_size': 0, 'exponential_decay_length_penalty': None}",True,,False,False,O1,1.0,18432.0,False,False,255999.0,<CHARS_PER_TOKEN>,256000.0,,False,False,1.0,False,,,2025.3.19,1.0,False,,False,True,steps,,10.0,True,3,False,,0.0,False,262144.0,0.02,warning,linear,,False,<PUSH_TO_HUB_TOKEN>,False,False,"{'even_batches': True, 'non_blocking': False, 'split_batches': False, 'dispatch_batches': None, 'use_seedable_sampler': True, 'gradient_accumulation_kwargs': None}",False,,text,False,length,False,1.0,,-1.0,False,,,0.0,[],256.0,,True,False,True,False,False,4308276592.0,0.0,1.0,,False,,False,,,4.50.0.dev0,,,True,,eval_loss,False,True,,0.0,,True,False,False,auto,0.0,True,False,,0.0,2,,False,250.0,,,False,,,False,1.0,False,,4.0,1.0,0.0,False,False,,False,,,False,{'runtime': 323},,,,323.818250216,9.0,1744631717.305766,0.21505376344086025,10.0,0.8558948636054993,1.9780219780219784e-05,0.3175,"{'default': {'r': 4, 'bias': 'none', 'revision': None, 'use_dora': False, 'lora_bias': False, 'peft_type': 'LORA', 'task_type': 'CAUSAL_LM', 'eva_config': None, 'lora_alpha': 4, 'use_rslora': False, 'auto_mapping': None, 'lora_dropout': 0, 'megatron_core': 'megatron.core', 'fan_in_fan_out': False, 'inference_mode': False, 'layers_pattern': None, 'runtime_config': {'ephemeral_gpu_offload': False}, 'target_modules': ['q_proj', 'gate_proj', 'up_proj', 'down_proj', 'v_proj', 'o_proj', 'k_proj'], 'exclude_modules': None, 'megatron_config': None, 'modules_to_save': None, 'init_lora_weights': True, 'layer_replication': None, 'layers_to_transform': None, 'base_model_name_or_path': 'unsloth/gemma-3-4b-it-unsloth-bnb-4bit'}}","{'load_in_4bit': True, 'load_in_8bit': False, 'quant_method': 'bitsandbytes', 'llm_int8_threshold': 6, 'bnb_4bit_quant_type': 'nf4', 'llm_int8_skip_modules': None, 'bnb_4bit_compute_dtype': 'bfloat16', 'llm_int8_has_fp16_weight': False, 'bnb_4bit_use_double_quant': True, 'llm_int8_enable_fp32_cpu_offload': False}",,,,,,,,,,,,,,,,,,,,,,,,,,,,,,,,,,,,,,,,,,,,,,,,,,,,,,,,,,,,,,,,,,,,,,,,,,,
rodornelles-hertie-school,uncategorized,vwyxue8t,ft_hf_lora_gemma-3-12b-it_v1_2025-04-14_10-30-55,2025-04-14T10:31:35Z,crashed,[],https://wandb.ai/rodornelles-hertie-school/uncategorized/runs/vwyxue8t,True,False,[],3407.0,,[],adamw_8bit,50.0,1.0,,True,False,False,0.0,False,False,"{'0': 'LABEL_0', '1': 'LABEL_1'}","{'LABEL_0': 0, 'LABEL_1': 1}",ft_hf_lora_gemma-3-12b-it_v1_2025-04-14_10-30-55,False,False,3407,,False,<HUB_TOKEN>,passive,-1.0,1.0,last,['wandb'],1.0,False,0.9,0.999,False,0.0,10,False,0.0,20.0,0.0,gemma3,,outputs_ft_hf_lora_gemma-3-12b-it_v1_2025-04-14_10-30-55,-1.0,10.0,,1800.0,"{'xla': False, 'xla_fsdp_v2': False, 'min_num_params': 0, 'xla_fsdp_grad_ckpt': False}",,outputs_ft_hf_lora_gemma-3-12b-it_v1_2025-04-14_10-30-55/runs/Apr14_10-31-23_b3270f6b2f79,False,True,1.0,"{'top_k': 50, 'top_p': 1, 'prefix': None, 'head_dim': 256, 'id2label': {'0': 'LABEL_0', '1': 'LABEL_1'}, 'label2id': {'LABEL_0': 0, 'LABEL_1': 1}, 'do_sample': False, 'num_beams': 1, 'typical_p': 1, 'use_cache': True, 'is_decoder': False, 'max_length': 20, 'min_length': 0, 'model_type': 'gemma3_text', 'rope_theta': 1000000.0, 'vocab_size': 262208, 'hidden_size': 3840, 'return_dict': True, 'temperature': 1, 'torch_dtype': 'bfloat16', 'torchscript': False, 'bos_token_id': 2, 'eos_token_id': 1, 'pad_token_id': 0, 'problem_type': None, 'rms_norm_eps': 1e-06, 'rope_scaling': {'factor': 8, 'rope_type': 'linear'}, 'sep_token_id': None, 'use_bfloat16': False, '_name_or_path': '', 'architectures': None, 'bad_words_ids': None, 'output_scores': False, 'attention_bias': False, 'early_stopping': False, 'length_penalty': 1, 'sliding_window': 1024, 'tf_legacy_loss': False, 'finetuning_task': None, 'num_beam_groups': 1, 'suppress_tokens': None, 'tokenizer_class': None, 'attention_dropout': 0, 'diversity_penalty': 0, 'hidden_activation': 'gelu_pytorch_tanh', 'initializer_range': 0.02, 'intermediate_size': 15360, 'num_hidden_layers': 48, 'output_attentions': False, 'is_encoder_decoder': False, 'repetition_penalty': 1, 'add_cross_attention': False, 'forced_bos_token_id': None, 'forced_eos_token_id': None, 'num_attention_heads': 16, 'num_key_value_heads': 8, 'tie_encoder_decoder': False, 'tie_word_embeddings': True, 'cache_implementation': 'hybrid', 'no_repeat_ngram_size': 0, 'num_return_sequences': 1, 'output_hidden_states': False, 'rope_local_base_freq': 10000, 'task_specific_params': None, 'begin_suppress_tokens': None, 'query_pre_attn_scalar': 256, 'remove_invalid_values': False, 'attn_logit_softcapping': None, 'decoder_start_token_id': None, 'sliding_window_pattern': 6, 'chunk_size_feed_forward': 0, 'final_logit_softcapping': None, 'max_position_embeddings': 131072, 'return_dict_in_generate': False, 'cross_attention_hidden_size': None, '_attn_implementation_autoset': False, 'encoder_no_repeat_ngram_size': 0, 'exponential_decay_length_penalty': None}",bfloat16,,False,1e-08,2.0,False,106,,auto,,every_save,0.0,,,False,0.1,5.0,0.01,['Gemma3ForConditionalGeneration'],,False,steps,False,2e-05,1.0,1.0,,False,steps,False,,True,"{'top_k': 50, 'top_p': 1, 'prefix': None, 'id2label': {'0': 'LABEL_0', '1': 'LABEL_1'}, 'label2id': {'LABEL_0': 0, 'LABEL_1': 1}, 'do_sample': False, 'num_beams': 1, 'typical_p': 1, 'hidden_act': 'gelu_pytorch_tanh', 'image_size': 896, 'is_decoder': False, 'max_length': 20, 'min_length': 0, 'model_type': 'siglip_vision_model', 'patch_size': 14, 'hidden_size': 1152, 'return_dict': True, 'temperature': 1, 'torch_dtype': 'bfloat16', 'torchscript': False, 'bos_token_id': None, 'eos_token_id': None, 'num_channels': 3, 'pad_token_id': None, 'problem_type': None, 'sep_token_id': None, 'use_bfloat16': False, '_name_or_path': '', 'architectures': None, 'bad_words_ids': None, 'output_scores': False, 'early_stopping': False, 'layer_norm_eps': 1e-06, 'length_penalty': 1, 'tf_legacy_loss': False, 'finetuning_task': None, 'num_beam_groups': 1, 'suppress_tokens': None, 'tokenizer_class': None, 'vision_use_head': False, 'attention_dropout': 0, 'diversity_penalty': 0, 'intermediate_size': 4304, 'num_hidden_layers': 27, 'output_attentions': False, 'is_encoder_decoder': False, 'repetition_penalty': 1, 'add_cross_attention': False, 'forced_bos_token_id': None, 'forced_eos_token_id': None, 'num_attention_heads': 16, 'tie_encoder_decoder': False, 'tie_word_embeddings': True, 'no_repeat_ngram_size': 0, 'num_return_sequences': 1, 'output_hidden_states': False, 'task_specific_params': None, 'begin_suppress_tokens': None, 'remove_invalid_values': False, 'decoder_start_token_id': None, 'chunk_size_feed_forward': 0, 'return_dict_in_generate': False, 'cross_attention_hidden_size': None, '_attn_implementation_autoset': False, 'encoder_no_repeat_ngram_size': 0, 'exponential_decay_length_penalty': None}",True,,False,False,O1,1.0,16384.0,False,False,255999.0,<CHARS_PER_TOKEN>,256000.0,,False,False,1.0,False,,,2025.3.19,1.0,False,,False,True,steps,,10.0,True,3,False,,0.0,False,262144.0,0.02,warning,linear,,False,<PUSH_TO_HUB_TOKEN>,False,False,"{'even_batches': True, 'non_blocking': False, 'split_batches': False, 'dispatch_batches': None, 'use_seedable_sampler': True, 'gradient_accumulation_kwargs': None}",False,,text,False,length,False,1.0,,-1.0,False,,,0.0,[],256.0,,True,False,True,False,False,12221553264.0,0.0,1.0,,False,,False,,,4.50.0.dev0,,,True,,eval_loss,False,True,,0.0,,True,False,False,auto,0.0,True,False,,0.0,2,,False,250.0,,,False,,,False,1.0,False,,4.0,1.0,0.0,False,False,,False,,,False,{'runtime': 434},,,,434.187360698,4.0,1744627129.010149,0.10752688172043012,5.0,0.5273844599723816,2e-05,0.2188,"{'default': {'r': 8, 'bias': 'none', 'revision': None, 'use_dora': False, 'lora_bias': False, 'peft_type': 'LORA', 'task_type': 'CAUSAL_LM', 'eva_config': None, 'lora_alpha': 8, 'use_rslora': False, 'auto_mapping': None, 'lora_dropout': 0, 'megatron_core': 'megatron.core', 'fan_in_fan_out': False, 'inference_mode': False, 'layers_pattern': None, 'runtime_config': {'ephemeral_gpu_offload': False}, 'target_modules': ['gate_proj', 'k_proj', 'v_proj', 'q_proj', 'o_proj', 'up_proj', 'down_proj'], 'exclude_modules': None, 'megatron_config': None, 'modules_to_save': None, 'init_lora_weights': True, 'layer_replication': None, 'layers_to_transform': None, 'base_model_name_or_path': 'unsloth/gemma-3-12b-it-unsloth-bnb-4bit'}}","{'load_in_4bit': True, 'load_in_8bit': False, 'quant_method': 'bitsandbytes', 'llm_int8_threshold': 6, 'bnb_4bit_quant_type': 'nf4', 'llm_int8_skip_modules': None, 'bnb_4bit_compute_dtype': 'bfloat16', 'llm_int8_has_fp16_weight': False, 'bnb_4bit_use_double_quant': True, 'llm_int8_enable_fp32_cpu_offload': False}",,,,,,,,,,,,,,,,,,,,,,,,,,,,,,,,,,,,,,,,,,,,,,,,,,,,,,,,,,,,,,,,,,,,,,,,,,,
rodornelles-hertie-school,uncategorized,b59gj5b6,ft_unsloth_lora_lawma-8b_v1_2025-04-18_19-56-36,2025-04-18T19:57:16Z,crashed,[],https://wandb.ai/rodornelles-hertie-school/uncategorized/runs/b59gj5b6,True,False,[],3407.0,,[],adamw_8bit,50.0,1.0,,True,False,False,0.0,False,False,"{'0': 'LABEL_0', '1': 'LABEL_1'}","{'LABEL_0': 0, 'LABEL_1': 1}",ft_unsloth_lora_lawma-8b_v1_2025-04-18_19-56-36,False,False,3407,,False,<HUB_TOKEN>,passive,-1.0,1.0,last,['wandb'],1.0,False,0.9,0.999,False,0.0,10,False,0.0,20.0,0.0,llama,,'/content/drive/ft_unsloth_lora_lawma-8b_v1_2025-04-18_19-56-36,-1.0,10.0,,1800.0,"{'xla': False, 'xla_fsdp_v2': False, 'min_num_params': 0, 'xla_fsdp_grad_ckpt': False}",,outputs_ft_unsloth_lora_lawma-8b_v1_2025-04-18_19-56-36/runs/Apr18_19-57-15_2030e63984d9,False,True,1.0,,bfloat16,,False,1e-08,128000.0,False,128009,,auto,,every_save,128001.0,,,False,0.1,5.0,0.01,['LlamaForCausalLM'],,False,steps,False,2e-05,1.0,1.0,,False,steps,False,,,,True,,False,False,O1,1.0,18432.0,False,False,,<CHARS_PER_TOKEN>,,,False,False,1.0,False,,,2025.3.19,1.0,False,,False,True,steps,,10.0,True,3,False,,0.0,False,,0.02,warning,linear,,False,<PUSH_TO_HUB_TOKEN>,False,False,"{'even_batches': True, 'non_blocking': False, 'split_batches': False, 'dispatch_batches': None, 'use_seedable_sampler': True, 'gradient_accumulation_kwargs': None}",False,,text,False,length,False,1.0,,-1.0,False,,,0.0,[],,,True,False,False,False,False,8072204288.0,0.0,1.0,,False,,False,,,4.50.0.dev0,,,True,,eval_loss,False,True,,0.0,,True,False,False,auto,0.0,True,False,,0.0,2,,False,250.0,,,False,,,False,1.0,False,,4.0,1.0,0.0,False,False,,False,,,False,{'runtime': 164},,,,164.985125224,15.0,1745006401.1234095,0.3225806451612903,15.0,1.3725981712341309,1.9560439560439563e-05,1.9069,"{'default': {'r': 16, 'bias': 'none', 'revision': None, 'use_dora': False, 'lora_bias': False, 'peft_type': 'LORA', 'task_type': 'CAUSAL_LM', 'eva_config': None, 'lora_alpha': 16, 'use_rslora': False, 'auto_mapping': None, 'lora_dropout': 0, 'megatron_core': 'megatron.core', 'fan_in_fan_out': False, 'inference_mode': False, 'layers_pattern': None, 'runtime_config': {'ephemeral_gpu_offload': False}, 'target_modules': ['down_proj', 'k_proj', 'gate_proj', 'v_proj', 'up_proj', 'q_proj', 'o_proj'], 'exclude_modules': None, 'megatron_config': None, 'modules_to_save': None, 'init_lora_weights': True, 'layer_replication': None, 'layers_to_transform': None, 'base_model_name_or_path': 'ricdomolm/lawma-8b'}}","{'load_in_4bit': True, 'load_in_8bit': False, 'quant_method': 'bitsandbytes', 'llm_int8_threshold': 6, 'bnb_4bit_quant_type': 'nf4', 'llm_int8_skip_modules': None, 'bnb_4bit_compute_dtype': 'bfloat16', 'llm_int8_has_fp16_weight': False, 'bnb_4bit_use_double_quant': True, 'llm_int8_enable_fp32_cpu_offload': False}",128.0,False,False,silu,500000.0,128256.0,4096.0,1e-05,"{'factor': 8, 'rope_type': 'llama3', 'low_freq_factor': 1, 'high_freq_factor': 4, 'original_max_position_embeddings': 8192}",False,1.0,0.0,14336.0,32.0,32.0,8.0,131072.0,2.1143674850463867,21.3487,1.546,1.546,,,,,,,,,,,,,,,,,,,,,,,,,,,,,,,,,,,,,,,,,,,,,,,,,,,,,,
rodornelles-hertie-school,uncategorized,7rvp68gz,ft_unsloth_lora_lawma-8b_v1_2025-04-18_20-01-48,2025-04-18T20:02:28Z,finished,[],https://wandb.ai/rodornelles-hertie-school/uncategorized/runs/7rvp68gz,True,False,[],3407.0,,[],adamw_8bit,50.0,1.0,,True,False,False,0.0,False,False,"{'0': 'LABEL_0', '1': 'LABEL_1'}","{'LABEL_0': 0, 'LABEL_1': 1}",ft_unsloth_lora_lawma-8b_v1_2025-04-18_20-01-48,False,False,3407,,False,<HUB_TOKEN>,passive,-1.0,1.0,last,['wandb'],1.0,False,0.9,0.999,False,0.0,10,False,0.0,20.0,0.0,llama,,'/content/drive/MyDrive/master_thesis/ft_unsloth_lora_lawma-8b_v1_2025-04-18_20-01-48,-1.0,10.0,,1800.0,"{'xla': False, 'xla_fsdp_v2': False, 'min_num_params': 0, 'xla_fsdp_grad_ckpt': False}",,outputs_ft_unsloth_lora_lawma-8b_v1_2025-04-18_20-01-48/runs/Apr18_20-02-27_2030e63984d9,False,True,1.0,,bfloat16,,False,1e-08,128000.0,False,128009,,auto,,every_save,128001.0,,,False,0.1,5.0,0.01,['LlamaForCausalLM'],,False,steps,False,2e-05,1.0,1.0,,False,steps,False,,,,True,,False,False,O1,1.0,18432.0,False,False,,<CHARS_PER_TOKEN>,,,False,False,1.0,False,,,2025.3.19,1.0,False,,False,True,steps,,10.0,True,3,False,,0.0,False,,0.02,warning,linear,,False,<PUSH_TO_HUB_TOKEN>,False,False,"{'even_batches': True, 'non_blocking': False, 'split_batches': False, 'dispatch_batches': None, 'use_seedable_sampler': True, 'gradient_accumulation_kwargs': None}",False,,text,False,length,False,1.0,,-1.0,False,,,0.0,[],,,True,False,False,False,False,8072204288.0,0.0,1.0,,False,,False,,,4.50.0.dev0,,,True,,eval_loss,False,True,,0.0,,True,False,False,auto,0.0,True,False,,0.0,2,,False,250.0,,,False,,,False,1.0,False,,4.0,1.0,0.0,False,False,,False,,,False,{'runtime': 5194},,,,5194.842004517,506.0,1745011742.7645376,9.795698924731182,460.0,0.2605300545692444,0.0,0.7555,"{'default': {'r': 16, 'bias': 'none', 'revision': None, 'use_dora': False, 'lora_bias': False, 'peft_type': 'LORA', 'task_type': 'CAUSAL_LM', 'eva_config': None, 'lora_alpha': 16, 'use_rslora': False, 'auto_mapping': None, 'lora_dropout': 0, 'megatron_core': 'megatron.core', 'fan_in_fan_out': False, 'inference_mode': False, 'layers_pattern': None, 'runtime_config': {'ephemeral_gpu_offload': False}, 'target_modules': ['v_proj', 'o_proj', 'down_proj', 'q_proj', 'gate_proj', 'up_proj', 'k_proj'], 'exclude_modules': None, 'megatron_config': None, 'modules_to_save': None, 'init_lora_weights': True, 'layer_replication': None, 'layers_to_transform': None, 'base_model_name_or_path': 'ricdomolm/lawma-8b'}}","{'load_in_4bit': True, 'load_in_8bit': False, 'quant_method': 'bitsandbytes', 'llm_int8_threshold': 6, 'bnb_4bit_quant_type': 'nf4', 'llm_int8_skip_modules': None, 'bnb_4bit_compute_dtype': 'bfloat16', 'llm_int8_has_fp16_weight': False, 'bnb_4bit_use_double_quant': True, 'llm_int8_enable_fp32_cpu_offload': False}",128.0,False,False,silu,500000.0,128256.0,4096.0,1e-05,"{'factor': 8, 'rope_type': 'llama3', 'low_freq_factor': 1, 'high_freq_factor': 4, 'original_max_position_embeddings': 8192}",False,1.0,0.0,14336.0,32.0,32.0,8.0,131072.0,0.7052039504051208,21.341,1.546,1.546,,,5.730467969219789e+17,0.9037402073974194,5191.1979,0.358,0.089,,,,,,,,,,,,,,,,,,,,,,,,,,,,,,,,,,,,,,,,,,,,,,,
rodornelles-hertie-school,uncategorized,qduha2ws,ft_unsloth_lora_gemma-3-27b-it_v1_2025-04-18_21-16-51,2025-04-18T21:17:34Z,crashed,[],https://wandb.ai/rodornelles-hertie-school/uncategorized/runs/qduha2ws,,,,,,,,,,,,,,,,,,,,,,,,,,,,,,,,,,,,,,,,,,,,,,,,,,,,,,,,,,,,,,,,,,,,,,,,,,,,,,,,,,,,,,,,,,,,,,,,,,,,,,,,,,,,,,,,,,,,,,,,,,,,,,,,,,,,,,,,,,,,,,,,,,,,,,,,,,,,,,,,,,,,,,,,,,,,,,,,,,,,,,,,,,,,,,,,,,,,,,,,,,,,,,,,,,,,,,,,,,,,,,,,,,,,,,,,,,,,,,,,,,,,,,,,,,,,,,,,,,,,,,,,,,,,,,,,,,,,,,,,,,,,,,,,,,,,,,
rodornelles-hertie-school,uncategorized,0eu6rwrz,ft_unsloth_lora_Tucano-2b4-Instruct_v1_2025-04-18_20-43-31_v2,2025-04-18T21:21:46Z,finished,[],https://wandb.ai/rodornelles-hertie-school/uncategorized/runs/0eu6rwrz,,,,,,,,,,,,,,,,,,,,,,,,,,,,,,,,,,,,,,,,,,,,,,,,,,,,,,,,,,,,,,,,,,,,,,,,,,,,,,,,,,,,,,,,,,,,,,,,,,,,,,,,,,,,,,,,,,,,,,,,,,,,,,,,,,,,,,,,,,,,,,,,,,,,,,,,,,,,,,,,,,,,,,,,,,,,,,,,,,,,,,,,,,,,,,,,,,,,,,,,,,,,,,{'runtime': 8},,,,8.691987244,0.0,1745011314.566362,9.795698924731182,460.0,,,,,,,,,,,,,,,,,,,,,,,0.7846747040748596,7.6561,4.31,4.31,,,,,,,,,,,,,,,,,,,,,,,,,,,,,,,,,,,,,,,,,,,,,,,,,,,,,,
rodornelles-hertie-school,uncategorized,sq182l0m,ft_unsloth_lora_Tucano-2b4-Instruct_v1,2025-04-19T01:43:55Z,finished,[],https://wandb.ai/rodornelles-hertie-school/uncategorized/runs/sq182l0m,True,False,[],3407.0,,[],adamw_8bit,50.0,1.0,,True,False,False,0.0,False,False,"{'0': 'LABEL_0', '1': 'LABEL_1'}","{'LABEL_0': 0, 'LABEL_1': 1}",ft_unsloth_lora_Tucano-2b4-Instruct_v1,False,False,3407,,False,<HUB_TOKEN>,passive,-1.0,1.0,last,['wandb'],1.0,False,0.9,0.999,False,0.0,10,False,0.0,20.0,0.0,llama,,/content/drive/MyDrive/master_thesis/ft_unsloth_lora_Tucano-2b4-Instruct_v1,-1.0,10.0,,1800.0,"{'xla': False, 'xla_fsdp_v2': False, 'min_num_params': 0, 'xla_fsdp_grad_ckpt': False}",,outputs_ft_unsloth_lora_Tucano-2b4-Instruct_v1/runs/Apr19_01-43-54_d2a1ef4df1ce,False,True,1.0,,bfloat16,,False,1e-08,1.0,False,2,,auto,,every_save,3.0,,,False,0.1,5.0,0.01,['LlamaForCausalLM'],,False,steps,False,2e-05,1.0,1.0,,False,steps,False,,,,True,,False,False,O1,1.0,18432.0,False,False,,<CHARS_PER_TOKEN>,,,False,False,1.0,False,,,2025.3.19,1.0,False,,False,True,steps,,20.0,True,3,False,,0.0,False,,0.02,warning,linear,,False,<PUSH_TO_HUB_TOKEN>,False,False,"{'even_batches': True, 'non_blocking': False, 'split_batches': False, 'dispatch_batches': None, 'use_seedable_sampler': True, 'gradient_accumulation_kwargs': None}",False,,text,False,length,False,1.0,,-1.0,False,,,0.0,[],,,True,False,False,False,False,2465763840.0,0.0,1.0,,False,,False,,,4.50.0.dev0,,,True,,eval_loss,False,True,,0.0,,True,False,False,auto,0.0,True,False,,0.0,2,,False,250.0,,,False,,,False,1.0,False,,4.0,1.0,0.0,False,False,,False,,,False,{'runtime': 4},,,,4.265372698,0.0,1745027038.7811425,24.688172043010752,1150.0,,,,"{'default': {'r': 16, 'bias': 'none', 'revision': None, 'use_dora': False, 'lora_bias': False, 'peft_type': 'LORA', 'task_type': 'CAUSAL_LM', 'eva_config': None, 'lora_alpha': 16, 'use_rslora': False, 'auto_mapping': None, 'lora_dropout': 0, 'megatron_core': 'megatron.core', 'fan_in_fan_out': False, 'inference_mode': False, 'layers_pattern': None, 'runtime_config': {'ephemeral_gpu_offload': False}, 'target_modules': ['up_proj', 'o_proj', 'gate_proj', 'v_proj', 'k_proj', 'q_proj', 'down_proj'], 'exclude_modules': None, 'megatron_config': None, 'modules_to_save': None, 'init_lora_weights': True, 'layer_replication': None, 'layers_to_transform': None, 'base_model_name_or_path': 'TucanoBR/Tucano-2b4-Instruct'}}",,160.0,False,False,silu,10000.0,32002.0,2560.0,1e-05,,False,1.0,0.0,10240.0,24.0,16.0,4.0,4096.0,,,,,,,4.213768579667251e+17,0.0,0.0278,134033.252,33148.009,,,,,,,,,,,,,,,,,,,,,,,,,,,,,,,,,,,,,,,,,,,,,,,
rodornelles-hertie-school,uncategorized,7zjptiq5,ft_unsloth_lora_Tucano-2b4-Instruct_v1_2025-04-18_20-31-51,2025-04-18T20:33:59Z,crashed,[],https://wandb.ai/rodornelles-hertie-school/uncategorized/runs/7zjptiq5,False,True,[],3407.0,,[],adamw_8bit,50.0,1.0,,True,False,False,0.0,False,False,"{'0': 'LABEL_0', '1': 'LABEL_1'}","{'LABEL_0': 0, 'LABEL_1': 1}",ft_unsloth_lora_Tucano-2b4-Instruct_v1_2025-04-18_20-31-51,False,False,3407,,False,<HUB_TOKEN>,passive,-1.0,1.0,last,['wandb'],1.0,False,0.9,0.999,False,0.0,10,False,0.0,20.0,0.0,llama,,/content/drive/MyDrive/ft_unsloth_lora_Tucano-2b4-Instruct_v1_2025-04-18_20-31-51,-1.0,10.0,,1800.0,"{'xla': False, 'xla_fsdp_v2': False, 'min_num_params': 0, 'xla_fsdp_grad_ckpt': False}",,outputs_ft_unsloth_lora_Tucano-2b4-Instruct_v1_2025-04-18_20-31-51/runs/Apr18_20-33-46_23c34cab1d3c,False,True,1.0,,float16,,False,1e-08,1.0,False,2,,auto,,every_save,3.0,,,False,0.1,5.0,0.01,['LlamaForCausalLM'],,False,steps,False,2e-05,1.0,1.0,,False,steps,False,,,,False,,False,True,O1,1.0,18432.0,False,False,,<CHARS_PER_TOKEN>,,,False,False,1.0,False,,,2025.3.19,1.0,False,,False,True,steps,,10.0,True,3,False,,0.0,False,,0.02,warning,linear,,False,<PUSH_TO_HUB_TOKEN>,False,False,"{'even_batches': True, 'non_blocking': False, 'split_batches': False, 'dispatch_batches': None, 'use_seedable_sampler': True, 'gradient_accumulation_kwargs': None}",False,,text,False,length,False,1.0,,-1.0,False,,,0.0,[],,,True,False,False,False,False,2465763840.0,0.0,1.0,,False,,False,,,4.50.0.dev0,,,True,,eval_loss,False,True,,0.0,,True,False,False,auto,0.0,True,False,,0.0,2,,False,250.0,,,False,,,False,1.0,False,,4.0,1.0,0.0,False,False,,False,,,False,{'runtime': 109},,,,109.282217172,1.0,1745008547.6273754,0.043010752688172046,2.0,0.18492472171783447,8.000000000000001e-06,1.407,"{'default': {'r': 16, 'bias': 'none', 'revision': None, 'use_dora': False, 'lora_bias': False, 'peft_type': 'LORA', 'task_type': 'CAUSAL_LM', 'eva_config': None, 'lora_alpha': 16, 'use_rslora': False, 'auto_mapping': None, 'lora_dropout': 0, 'megatron_core': 'megatron.core', 'fan_in_fan_out': False, 'inference_mode': False, 'layers_pattern': None, 'runtime_config': {'ephemeral_gpu_offload': False}, 'target_modules': ['down_proj', 'gate_proj', 'q_proj', 'k_proj', 'v_proj', 'o_proj', 'up_proj'], 'exclude_modules': None, 'megatron_config': None, 'modules_to_save': None, 'init_lora_weights': True, 'layer_replication': None, 'layers_to_transform': None, 'base_model_name_or_path': 'TucanoBR/Tucano-2b4-Instruct'}}",,160.0,False,False,silu,10000.0,32002.0,2560.0,1e-05,,False,1.0,0.0,10240.0,24.0,16.0,4.0,4096.0,,,,,,,,,,,,,,,,,,,,,,,,,,,,,,,,,,,,,,,,,,,,,,,,,,,,,,,,,,
rodornelles-hertie-school,uncategorized,pgfi3tha,ft_hf_lora_Phi-4_v1_2025-04-14_16-52-23,2025-04-14T16:56:32Z,finished,[],https://wandb.ai/rodornelles-hertie-school/uncategorized/runs/pgfi3tha,True,False,[],3407.0,,[],adamw_8bit,50.0,1.0,,True,False,False,0.0,False,False,"{'0': 'LABEL_0', '1': 'LABEL_1'}","{'LABEL_0': 0, 'LABEL_1': 1}",ft_hf_lora_Phi-4_v1_2025-04-14_16-52-23,False,False,3407,,False,<HUB_TOKEN>,passive,-1.0,1.0,last,['wandb'],1.0,False,0.9,0.999,False,0.0,10,False,0.0,20.0,0.0,llama,,outputs_ft_hf_lora_Phi-4_v1_2025-04-14_16-52-23,-1.0,10.0,,1800.0,"{'xla': False, 'xla_fsdp_v2': False, 'min_num_params': 0, 'xla_fsdp_grad_ckpt': False}",,outputs_ft_hf_lora_Phi-4_v1_2025-04-14_16-52-23/runs/Apr14_16-55-59_981637532b65,False,True,1.0,,bfloat16,,False,1e-08,100257.0,False,100265,,auto,,every_save,100351.0,,,False,0.1,5.0,0.01,['LlamaForCausalLM'],,False,steps,False,2e-05,1.0,1.0,,False,steps,False,,True,,True,,False,False,O1,1.0,18432.0,False,False,,<CHARS_PER_TOKEN>,,,False,False,1.0,False,,,2025.3.19,1.0,False,,False,True,steps,,10.0,True,3,False,,0.0,False,,0.02,warning,linear,,False,<PUSH_TO_HUB_TOKEN>,False,False,"{'even_batches': True, 'non_blocking': False, 'split_batches': False, 'dispatch_batches': None, 'use_seedable_sampler': True, 'gradient_accumulation_kwargs': None}",False,,text,False,length,False,1.0,,-1.0,False,,,0.0,[],,,True,False,False,False,False,14675891200.0,0.0,1.0,,False,,False,,,4.50.0.dev0,,,True,,eval_loss,False,True,,0.0,,True,False,False,auto,0.0,True,False,,0.0,2,,False,250.0,,,False,,,False,1.0,False,,4.0,1.0,0.0,False,False,,False,,,False,{'runtime': 429},,,,421.4269891,22.0,1744650213.6288018,0.4516129032258064,21.0,0.1269214004278183,1.9296703296703294e-05,0.1509,"{'default': {'r': 4, 'bias': 'none', 'revision': None, 'use_dora': False, 'lora_bias': False, 'peft_type': 'LORA', 'task_type': 'CAUSAL_LM', 'eva_config': None, 'lora_alpha': 4, 'use_rslora': False, 'auto_mapping': None, 'lora_dropout': 0, 'megatron_core': 'megatron.core', 'fan_in_fan_out': False, 'inference_mode': False, 'layers_pattern': None, 'runtime_config': {'ephemeral_gpu_offload': False}, 'target_modules': ['k_proj', 'up_proj', 'v_proj', 'gate_proj', 'down_proj', 'o_proj', 'q_proj'], 'exclude_modules': None, 'megatron_config': None, 'modules_to_save': None, 'init_lora_weights': True, 'layer_replication': None, 'layers_to_transform': None, 'base_model_name_or_path': 'unsloth/phi-4-unsloth-bnb-4bit'}}","{'load_in_4bit': True, 'load_in_8bit': False, 'quant_method': 'bitsandbytes', 'llm_int8_threshold': 6, 'bnb_4bit_quant_type': 'nf4', 'llm_int8_skip_modules': None, 'bnb_4bit_compute_dtype': 'bfloat16', 'llm_int8_has_fp16_weight': False, 'bnb_4bit_use_double_quant': True, 'llm_int8_enable_fp32_cpu_offload': False}",128.0,False,True,silu,250000.0,100352.0,5120.0,1e-05,"{'type': 'linear', 'factor': 1.125}",False,1.0,0.0,17920.0,40.0,40.0,10.0,18432.0,0.18365664780139923,37.7874,0.873,0.873,,,,,,,,16384.0,,,,,,,,,,,,,,,,,,,,,,,,,,,,,,,,,,,,,,,,,,,,,,
rodornelles-hertie-school,uncategorized,ztqh19o7,ft_unsloth_lora_gemma-3-12b-it_v1_2025-04-18_22-13-48,2025-04-18T22:14:41Z,crashed,[],https://wandb.ai/rodornelles-hertie-school/uncategorized/runs/ztqh19o7,True,False,[],3407.0,,[],adamw_8bit,50.0,1.0,,True,False,False,0.0,False,False,"{'0': 'LABEL_0', '1': 'LABEL_1'}","{'LABEL_0': 0, 'LABEL_1': 1}",ft_unsloth_lora_gemma-3-12b-it_v1_2025-04-18_22-13-48,False,False,3407,,False,<HUB_TOKEN>,passive,-1.0,1.0,last,['wandb'],1.0,False,0.9,0.999,False,0.0,10,False,0.0,20.0,0.0,gemma3,,/content/drive/MyDrive/master_thesis/ft_unsloth_lora_gemma-3-12b-it_v1_2025-04-18_22-13-48,-1.0,10.0,,1800.0,"{'xla': False, 'xla_fsdp_v2': False, 'min_num_params': 0, 'xla_fsdp_grad_ckpt': False}",,outputs_ft_unsloth_lora_gemma-3-12b-it_v1_2025-04-18_22-13-48/runs/Apr18_22-14-33_f22ea800b58d,False,True,1.0,"{'top_k': 50, 'top_p': 1, 'prefix': None, 'head_dim': 256, 'id2label': {'0': 'LABEL_0', '1': 'LABEL_1'}, 'label2id': {'LABEL_0': 0, 'LABEL_1': 1}, 'do_sample': False, 'num_beams': 1, 'typical_p': 1, 'use_cache': True, 'is_decoder': False, 'max_length': 20, 'min_length': 0, 'model_type': 'gemma3_text', 'rope_theta': 1000000, 'vocab_size': 262208, 'hidden_size': 3840, 'return_dict': True, 'temperature': 1, 'torch_dtype': 'bfloat16', 'torchscript': False, 'bos_token_id': 2, 'eos_token_id': 1, 'pad_token_id': 0, 'problem_type': None, 'rms_norm_eps': 1e-06, 'rope_scaling': {'factor': 8, 'rope_type': 'linear'}, 'sep_token_id': None, 'use_bfloat16': False, '_name_or_path': '', 'architectures': None, 'bad_words_ids': None, 'output_scores': False, 'attention_bias': False, 'early_stopping': False, 'length_penalty': 1, 'sliding_window': 1024, 'tf_legacy_loss': False, 'finetuning_task': None, 'num_beam_groups': 1, 'suppress_tokens': None, 'tokenizer_class': None, 'attention_dropout': 0, 'diversity_penalty': 0, 'hidden_activation': 'gelu_pytorch_tanh', 'initializer_range': 0.02, 'intermediate_size': 15360, 'num_hidden_layers': 48, 'output_attentions': False, 'is_encoder_decoder': False, 'repetition_penalty': 1, 'add_cross_attention': False, 'forced_bos_token_id': None, 'forced_eos_token_id': None, 'num_attention_heads': 16, 'num_key_value_heads': 8, 'tie_encoder_decoder': False, 'tie_word_embeddings': True, 'cache_implementation': 'hybrid', 'no_repeat_ngram_size': 0, 'num_return_sequences': 1, 'output_hidden_states': False, 'rope_local_base_freq': 10000, 'task_specific_params': None, 'begin_suppress_tokens': None, 'query_pre_attn_scalar': 256, 'remove_invalid_values': False, 'attn_logit_softcapping': None, 'decoder_start_token_id': None, 'sliding_window_pattern': 6, 'chunk_size_feed_forward': 0, 'final_logit_softcapping': None, 'max_position_embeddings': 131072, 'return_dict_in_generate': False, 'cross_attention_hidden_size': None, '_attn_implementation_autoset': False, 'encoder_no_repeat_ngram_size': 0, 'exponential_decay_length_penalty': None}",bfloat16,,False,1e-08,2.0,False,106,,auto,,every_save,0.0,,,False,0.1,5.0,0.01,['Gemma3ForConditionalGeneration'],,False,steps,False,2e-05,1.0,1.0,,False,steps,False,,True,"{'top_k': 50, 'top_p': 1, 'prefix': None, 'id2label': {'0': 'LABEL_0', '1': 'LABEL_1'}, 'label2id': {'LABEL_0': 0, 'LABEL_1': 1}, 'do_sample': False, 'num_beams': 1, 'typical_p': 1, 'hidden_act': 'gelu_pytorch_tanh', 'image_size': 896, 'is_decoder': False, 'max_length': 20, 'min_length': 0, 'model_type': 'siglip_vision_model', 'patch_size': 14, 'hidden_size': 1152, 'return_dict': True, 'temperature': 1, 'torch_dtype': 'bfloat16', 'torchscript': False, 'bos_token_id': None, 'eos_token_id': None, 'num_channels': 3, 'pad_token_id': None, 'problem_type': None, 'sep_token_id': None, 'use_bfloat16': False, '_name_or_path': '', 'architectures': None, 'bad_words_ids': None, 'output_scores': False, 'early_stopping': False, 'layer_norm_eps': 1e-06, 'length_penalty': 1, 'tf_legacy_loss': False, 'finetuning_task': None, 'num_beam_groups': 1, 'suppress_tokens': None, 'tokenizer_class': None, 'vision_use_head': False, 'attention_dropout': 0, 'diversity_penalty': 0, 'intermediate_size': 4304, 'num_hidden_layers': 27, 'output_attentions': False, 'is_encoder_decoder': False, 'repetition_penalty': 1, 'add_cross_attention': False, 'forced_bos_token_id': None, 'forced_eos_token_id': None, 'num_attention_heads': 16, 'tie_encoder_decoder': False, 'tie_word_embeddings': True, 'no_repeat_ngram_size': 0, 'num_return_sequences': 1, 'output_hidden_states': False, 'task_specific_params': None, 'begin_suppress_tokens': None, 'remove_invalid_values': False, 'decoder_start_token_id': None, 'chunk_size_feed_forward': 0, 'return_dict_in_generate': False, 'cross_attention_hidden_size': None, '_attn_implementation_autoset': False, 'encoder_no_repeat_ngram_size': 0, 'exponential_decay_length_penalty': None}",True,,False,False,O1,1.0,18432.0,False,False,255999.0,<CHARS_PER_TOKEN>,256000.0,,False,False,1.0,False,,,2025.3.19,1.0,False,,False,True,steps,,10.0,True,5,False,,0.0,False,262144.0,0.02,warning,linear,,False,<PUSH_TO_HUB_TOKEN>,False,False,"{'even_batches': True, 'non_blocking': False, 'split_batches': False, 'dispatch_batches': None, 'use_seedable_sampler': True, 'gradient_accumulation_kwargs': None}",False,,text,False,length,False,1.0,,-1.0,False,,,0.0,[],256.0,,True,False,True,False,False,12221553264.0,0.0,1.0,,False,,False,,,4.50.0.dev0,,,True,,eval_loss,False,True,,0.0,,True,False,False,auto,0.0,True,False,,0.0,2,,False,250.0,,,False,,,False,1.0,False,,4.0,1.0,0.0,False,False,,False,,,False,{'runtime': 426},,,,426.837117547,4.0,1745014907.2882366,0.10752688172043012,5.0,0.5394055843353271,2e-05,0.2175,"{'default': {'r': 8, 'bias': 'none', 'revision': None, 'use_dora': False, 'lora_bias': False, 'peft_type': 'LORA', 'task_type': 'CAUSAL_LM', 'eva_config': None, 'lora_alpha': 8, 'use_rslora': False, 'auto_mapping': None, 'lora_dropout': 0, 'megatron_core': 'megatron.core', 'fan_in_fan_out': False, 'inference_mode': False, 'layers_pattern': None, 'runtime_config': {'ephemeral_gpu_offload': False}, 'target_modules': ['up_proj', 'down_proj', 'k_proj', 'gate_proj', 'v_proj', 'o_proj', 'q_proj'], 'exclude_modules': None, 'megatron_config': None, 'modules_to_save': None, 'init_lora_weights': True, 'layer_replication': None, 'layers_to_transform': None, 'base_model_name_or_path': 'unsloth/gemma-3-12b-it-unsloth-bnb-4bit'}}","{'load_in_4bit': True, 'load_in_8bit': False, 'quant_method': 'bitsandbytes', 'llm_int8_threshold': 6, 'bnb_4bit_quant_type': 'nf4', 'llm_int8_skip_modules': None, 'bnb_4bit_compute_dtype': 'bfloat16', 'llm_int8_has_fp16_weight': False, 'bnb_4bit_use_double_quant': True, 'llm_int8_enable_fp32_cpu_offload': False}",,,,,,,,,,,,,,,,,,,,,,,,,,,,,,,,,,,,,,,,,,,,,,,,,,,,,,,,,,,,,,,,,,,,,,,,,,,
rodornelles-hertie-school,uncategorized,n8wajfdi,ft_hf_lora_gemma-3-4b-it_v1_2025-04-14_11-27-12,2025-04-14T11:41:52Z,finished,[],https://wandb.ai/rodornelles-hertie-school/uncategorized/runs/n8wajfdi,,,,,,,,,,,,,,,,,,,,,,,,,,,,,,,,,,,,,,,,,,,,,,,,,,,,,,,,,,,,,,,,,,,,,,,,,,,,,,,,,,,,,,,,,,,,,,,,,,,,,,,,,,,,,,,,,,,,,,,,,,,,,,,,,,,,,,,,,,,,,,,,,,,,,,,,,,,,,,,,,,,,,,,,,,,,,,,,,,,,,,,,,,,,,,,,,,,,,,,,,,,,,,{'runtime': 15},,,,,,,,,,,,,,,,,,,,,,,,,,,,,,,,,,,,,,,,,,,,,,,,,,,,,,,,,,,,,,,,,,,,,,,,,,,,,,,,,,,,,,,,
rodornelles-hertie-school,uncategorized,0xpqv4b2,ft_unsloth_lora_lawma-8b_v1_2025-04-18_19-51-43,2025-04-18T19:52:21Z,finished,[],https://wandb.ai/rodornelles-hertie-school/uncategorized/runs/0xpqv4b2,True,False,[],3407.0,,[],adamw_8bit,50.0,1.0,,True,False,False,0.0,False,False,"{'0': 'LABEL_0', '1': 'LABEL_1'}","{'LABEL_0': 0, 'LABEL_1': 1}",ft_unsloth_lora_lawma-8b_v1_2025-04-18_19-51-43,False,False,3407,,False,<HUB_TOKEN>,passive,-1.0,1.0,last,['wandb'],1.0,False,0.9,0.999,False,0.0,10,False,0.0,20.0,0.0,llama,,'/content/drive/ft_unsloth_lora_lawma-8b_v1_2025-04-18_19-51-43,-1.0,10.0,,1800.0,"{'xla': False, 'xla_fsdp_v2': False, 'min_num_params': 0, 'xla_fsdp_grad_ckpt': False}",,outputs_ft_unsloth_lora_lawma-8b_v1_2025-04-18_19-51-43/runs/Apr18_19-52-09_2030e63984d9,False,True,1.0,,bfloat16,,False,1e-08,128000.0,False,128009,,auto,,every_save,128001.0,,,False,0.1,5.0,0.01,['LlamaForCausalLM'],,False,steps,False,2e-05,1.0,1.0,,False,steps,False,,,,True,,False,False,O1,1.0,18432.0,False,False,,<CHARS_PER_TOKEN>,,,False,False,1.0,False,,,2025.3.19,1.0,False,,False,True,steps,,10.0,True,3,False,,0.0,False,,0.02,warning,linear,,False,<PUSH_TO_HUB_TOKEN>,False,False,"{'even_batches': True, 'non_blocking': False, 'split_batches': False, 'dispatch_batches': None, 'use_seedable_sampler': True, 'gradient_accumulation_kwargs': None}",False,,text,False,length,False,1.0,,-1.0,False,,,0.0,[],,,True,False,False,False,False,8072204288.0,0.0,1.0,,False,,False,,,4.50.0.dev0,,,True,,eval_loss,False,True,,0.0,,True,False,False,auto,0.0,True,False,,0.0,2,,False,250.0,,,False,,,False,1.0,False,,4.0,1.0,0.0,False,False,,False,,,False,{'runtime': 13},,,,11.220726,0.0,1745005952.1043415,0.021505376344086023,1.0,0.7679760456085205,4.000000000000001e-06,1.6158,"{'default': {'r': 16, 'bias': 'none', 'revision': None, 'use_dora': False, 'lora_bias': False, 'peft_type': 'LORA', 'task_type': 'CAUSAL_LM', 'eva_config': None, 'lora_alpha': 16, 'use_rslora': False, 'auto_mapping': None, 'lora_dropout': 0, 'megatron_core': 'megatron.core', 'fan_in_fan_out': False, 'inference_mode': False, 'layers_pattern': None, 'runtime_config': {'ephemeral_gpu_offload': False}, 'target_modules': ['k_proj', 'v_proj', 'o_proj', 'q_proj', 'down_proj', 'gate_proj', 'up_proj'], 'exclude_modules': None, 'megatron_config': None, 'modules_to_save': None, 'init_lora_weights': True, 'layer_replication': None, 'layers_to_transform': None, 'base_model_name_or_path': 'ricdomolm/lawma-8b'}}","{'load_in_4bit': True, 'load_in_8bit': False, 'quant_method': 'bitsandbytes', 'llm_int8_threshold': 6, 'bnb_4bit_quant_type': 'nf4', 'llm_int8_skip_modules': None, 'bnb_4bit_compute_dtype': 'bfloat16', 'llm_int8_has_fp16_weight': False, 'bnb_4bit_use_double_quant': True, 'llm_int8_enable_fp32_cpu_offload': False}",128.0,False,False,silu,500000.0,128256.0,4096.0,1e-05,"{'factor': 8, 'rope_type': 'llama3', 'low_freq_factor': 1, 'high_freq_factor': 4, 'original_max_position_embeddings': 8192}",False,1.0,0.0,14336.0,32.0,32.0,8.0,131072.0,,,,,,,,,,,,,,,,,,,,,,,,,,,,,,,,,,,,,,,,,,,,,,,,,,,,,,,,,,
rodornelles-hertie-school,uncategorized,oi6kq0el,ft_unsloth_lora_Tucano-2b4-Instruct_v1,2025-04-19T01:23:45Z,finished,[],https://wandb.ai/rodornelles-hertie-school/uncategorized/runs/oi6kq0el,,,,,,,,,,,,,,,,,,,,,,,,,,,,,,,,,,,,,,,,,,,,,,,,,,,,,,,,,,,,,,,,,,,,,,,,,,,,,,,,,,,,,,,,,,,,,,,,,,,,,,,,,,,,,,,,,,,,,,,,,,,,,,,,,,,,,,,,,,,,,,,,,,,,,,,,,,,,,,,,,,,,,,,,,,,,,,,,,,,,,,,,,,,,,,,,,,,,,,,,,,,,,,{'runtime': 16},,,,16.52441904,0.0,1745025841.455963,24.688172043010752,1150.0,,,,,,,,,,,,,,,,,,,,,,,,,,,,,4.213768579667251e+17,0.0,0.0124,300840.87,74401.505,,,,,,,,,,,,,,,,,,,,,,,,,,,,,,,,,,,,,,,,,,,,,,,
rodornelles-hertie-school,uncategorized,r7amehqj,ft_hf_lora_Phi-4_v1_2025-04-14_17-04-13,2025-04-14T17:04:32Z,crashed,[],https://wandb.ai/rodornelles-hertie-school/uncategorized/runs/r7amehqj,True,False,[],3407.0,,[],adamw_8bit,50.0,1.0,,True,False,False,0.0,False,False,"{'0': 'LABEL_0', '1': 'LABEL_1'}","{'LABEL_0': 0, 'LABEL_1': 1}",ft_hf_lora_Phi-4_v1_2025-04-14_17-04-13,False,False,3407,,False,<HUB_TOKEN>,passive,-1.0,1.0,last,['wandb'],1.0,False,0.9,0.999,False,0.0,10,False,0.0,20.0,0.0,llama,,outputs_ft_hf_lora_Phi-4_v1_2025-04-14_17-04-13,-1.0,10.0,,1800.0,"{'xla': False, 'xla_fsdp_v2': False, 'min_num_params': 0, 'xla_fsdp_grad_ckpt': False}",,outputs_ft_hf_lora_Phi-4_v1_2025-04-14_17-04-13/runs/Apr14_17-04-29_981637532b65,False,True,1.0,,bfloat16,,False,1e-08,100257.0,False,100265,,auto,,every_save,100351.0,,,False,0.1,5.0,0.01,['LlamaForCausalLM'],,False,steps,False,2e-05,1.0,1.0,,False,steps,False,,True,,True,,False,False,O1,1.0,18432.0,False,False,,<CHARS_PER_TOKEN>,,,False,False,1.0,False,,,2025.3.19,1.0,False,,False,True,steps,,10.0,True,3,False,,0.0,False,,0.02,warning,linear,,False,<PUSH_TO_HUB_TOKEN>,False,False,"{'even_batches': True, 'non_blocking': False, 'split_batches': False, 'dispatch_batches': None, 'use_seedable_sampler': True, 'gradient_accumulation_kwargs': None}",False,,text,False,length,False,1.0,,-1.0,False,,,0.0,[],,,True,False,False,False,False,14725043200.0,0.0,1.0,,False,,False,,,4.50.0.dev0,,,True,,eval_loss,False,True,,0.0,,True,False,False,auto,0.0,True,False,,0.0,2,,False,250.0,,,False,,,False,1.0,False,,4.0,1.0,0.0,False,False,,False,,,False,{'runtime': 1705},,,,1705.903569465,99.0,1744651978.071118,1.946236559139785,91.0,0.07652223110198975,1.621978021978022e-05,0.0191,"{'default': {'r': 16, 'bias': 'none', 'revision': None, 'use_dora': False, 'lora_bias': False, 'peft_type': 'LORA', 'task_type': 'CAUSAL_LM', 'eva_config': None, 'lora_alpha': 16, 'use_rslora': False, 'auto_mapping': None, 'lora_dropout': 0, 'megatron_core': 'megatron.core', 'fan_in_fan_out': False, 'inference_mode': False, 'layers_pattern': None, 'runtime_config': {'ephemeral_gpu_offload': False}, 'target_modules': ['k_proj', 'o_proj', 'down_proj', 'up_proj', 'gate_proj', 'v_proj', 'q_proj'], 'exclude_modules': None, 'megatron_config': None, 'modules_to_save': None, 'init_lora_weights': True, 'layer_replication': None, 'layers_to_transform': None, 'base_model_name_or_path': 'unsloth/phi-4-unsloth-bnb-4bit'}}","{'load_in_4bit': True, 'load_in_8bit': False, 'quant_method': 'bitsandbytes', 'llm_int8_threshold': 6, 'bnb_4bit_quant_type': 'nf4', 'llm_int8_skip_modules': None, 'bnb_4bit_compute_dtype': 'bfloat16', 'llm_int8_has_fp16_weight': False, 'bnb_4bit_use_double_quant': True, 'llm_int8_enable_fp32_cpu_offload': False}",128.0,False,True,silu,250000.0,100352.0,5120.0,1e-05,"{'type': 'linear', 'factor': 1.125}",False,1.0,0.0,17920.0,40.0,40.0,10.0,18432.0,0.040510933846235275,37.2749,0.885,0.885,,,,,,,,16384.0,,,,,,,,,,,,,,,,,,,,,,,,,,,,,,,,,,,,,,,,,,,,,,
rodornelles-hertie-school,uncategorized,l71u31hj,ft_unsloth_lora_Tucano-2b4-Instruct_v1_2025-04-18_20-19-44,2025-04-18T20:19:51Z,finished,[],https://wandb.ai/rodornelles-hertie-school/uncategorized/runs/l71u31hj,False,True,[],3407.0,,[],adamw_8bit,50.0,1.0,,True,False,False,0.0,False,False,"{'0': 'LABEL_0', '1': 'LABEL_1'}","{'LABEL_0': 0, 'LABEL_1': 1}",ft_unsloth_lora_Tucano-2b4-Instruct_v1_2025-04-18_20-19-44,False,False,3407,,False,<HUB_TOKEN>,passive,-1.0,1.0,last,['wandb'],1.0,False,0.9,0.999,False,0.0,10,False,0.0,20.0,0.0,llama,,/content/drive/MyDrive/ft_unsloth_lora_Tucano-2b4-Instruct_v1_2025-04-18_20-19-44,-1.0,10.0,,1800.0,"{'xla': False, 'xla_fsdp_v2': False, 'min_num_params': 0, 'xla_fsdp_grad_ckpt': False}",,outputs_ft_unsloth_lora_Tucano-2b4-Instruct_v1_2025-04-18_20-19-44/runs/Apr18_20-19-47_7f18b9434662,False,True,1.0,,float16,,False,1e-08,1.0,False,2,,auto,,every_save,3.0,,,False,0.1,5.0,0.01,['LlamaForCausalLM'],,False,steps,False,2e-05,1.0,1.0,,False,steps,False,,,,False,,False,True,O1,1.0,18432.0,False,False,,<CHARS_PER_TOKEN>,,,False,False,1.0,False,,,2025.3.19,1.0,False,,False,True,steps,,10.0,True,3,False,,0.0,False,,0.02,warning,linear,,False,<PUSH_TO_HUB_TOKEN>,False,False,"{'even_batches': True, 'non_blocking': False, 'split_batches': False, 'dispatch_batches': None, 'use_seedable_sampler': True, 'gradient_accumulation_kwargs': None}",False,,text,False,length,False,1.0,,-1.0,False,,,0.0,[],,,True,False,False,False,False,2465763840.0,0.0,1.0,,False,,False,,,4.50.0.dev0,,,True,,eval_loss,False,True,,0.0,,True,False,False,auto,0.0,True,False,,0.0,2,,False,250.0,,,False,,,False,1.0,False,,4.0,1.0,0.0,False,False,,False,,,False,,,,,,,,,,,,,"{'default': {'r': 16, 'bias': 'none', 'revision': None, 'use_dora': False, 'lora_bias': False, 'peft_type': 'LORA', 'task_type': 'CAUSAL_LM', 'eva_config': None, 'lora_alpha': 16, 'use_rslora': False, 'auto_mapping': None, 'lora_dropout': 0, 'megatron_core': 'megatron.core', 'fan_in_fan_out': False, 'inference_mode': False, 'layers_pattern': None, 'runtime_config': {'ephemeral_gpu_offload': False}, 'target_modules': ['gate_proj', 'up_proj', 'q_proj', 'k_proj', 'v_proj', 'o_proj', 'down_proj'], 'exclude_modules': None, 'megatron_config': None, 'modules_to_save': None, 'init_lora_weights': True, 'layer_replication': None, 'layers_to_transform': None, 'base_model_name_or_path': 'TucanoBR/Tucano-2b4-Instruct'}}",,160.0,False,False,silu,10000.0,32002.0,2560.0,1e-05,,False,1.0,0.0,10240.0,24.0,16.0,4.0,4096.0,,,,,,,,,,,,,,,,,,,,,,,,,,,,,,,,,,,,,,,,,,,,,,,,,,,,,,,,,,
rodornelles-hertie-school,uncategorized,28fb60qc,ft_unsloth_lora_Tucano-2b4-Instruct_v1_2025-04-18_20-43-31_v2,2025-04-18T21:23:42Z,finished,[],https://wandb.ai/rodornelles-hertie-school/uncategorized/runs/28fb60qc,,,,,,,,,,,,,,,,,,,,,,,,,,,,,,,,,,,,,,,,,,,,,,,,,,,,,,,,,,,,,,,,,,,,,,,,,,,,,,,,,,,,,,,,,,,,,,,,,,,,,,,,,,,,,,,,,,,,,,,,,,,,,,,,,,,,,,,,,,,,,,,,,,,,,,,,,,,,,,,,,,,,,,,,,,,,,,,,,,,,,,,,,,,,,,,,,,,,,,,,,,,,,,{'runtime': 1},,,,,,,,,,,,,,,,,,,,,,,,,,,,,,,,,,,,,,,,,,,,,,,,,,,,,,,,,,,,,,,,,,,,,,,,,,,,,,,,,,,,,,,,
rodornelles-hertie-school,uncategorized,qo0a4ok5,ft_unsloth_lora_Tucano-2b4-Instruct_v1,2025-04-19T01:12:00Z,finished,[],https://wandb.ai/rodornelles-hertie-school/uncategorized/runs/qo0a4ok5,True,False,[],3407.0,,[],adamw_8bit,50.0,1.0,,True,False,False,0.0,False,False,"{'0': 'LABEL_0', '1': 'LABEL_1'}","{'LABEL_0': 0, 'LABEL_1': 1}",ft_unsloth_lora_Tucano-2b4-Instruct_v1,False,False,3407,,False,<HUB_TOKEN>,passive,-1.0,1.0,last,['wandb'],1.0,False,0.9,0.999,False,0.0,10,False,0.0,20.0,0.0,llama,,/content/drive/MyDrive/master_thesis/ft_unsloth_lora_Tucano-2b4-Instruct_v1,-1.0,10.0,,1800.0,"{'xla': False, 'xla_fsdp_v2': False, 'min_num_params': 0, 'xla_fsdp_grad_ckpt': False}",,outputs_ft_unsloth_lora_Tucano-2b4-Instruct_v1/runs/Apr19_01-11-50_d2a1ef4df1ce,False,True,1.0,,bfloat16,,False,1e-08,1.0,False,2,,auto,,every_save,3.0,,,False,0.1,5.0,0.01,['LlamaForCausalLM'],,False,steps,False,2e-05,1.0,1.0,,False,steps,False,,,,True,,False,False,O1,1.0,18432.0,False,False,,<CHARS_PER_TOKEN>,,,False,False,1.0,False,,,2025.3.19,1.0,False,,False,True,steps,,20.0,True,3,False,,0.0,False,,0.02,warning,linear,,False,<PUSH_TO_HUB_TOKEN>,False,False,"{'even_batches': True, 'non_blocking': False, 'split_batches': False, 'dispatch_batches': None, 'use_seedable_sampler': True, 'gradient_accumulation_kwargs': None}",False,,text,False,length,False,1.0,,-1.0,False,,,0.0,[],,,True,False,False,False,False,2465763840.0,0.0,1.0,,False,,False,,,4.50.0.dev0,,,True,,eval_loss,False,True,,0.0,,True,False,False,auto,0.0,True,False,,0.0,2,,False,250.0,,,False,,,False,1.0,False,,4.0,1.0,0.0,False,False,,False,,,False,{'runtime': 679},,,,678.255539094,163.0,1745025793.8255615,3.193548387096774,150.0,0.19308315217494965,1.6830601092896177e-05,0.988,"{'default': {'r': 16, 'bias': 'none', 'revision': None, 'use_dora': False, 'lora_bias': False, 'peft_type': 'LORA', 'task_type': 'CAUSAL_LM', 'eva_config': None, 'lora_alpha': 16, 'use_rslora': False, 'auto_mapping': None, 'lora_dropout': 0, 'megatron_core': 'megatron.core', 'fan_in_fan_out': False, 'inference_mode': False, 'layers_pattern': None, 'runtime_config': {'ephemeral_gpu_offload': False}, 'target_modules': ['gate_proj', 'down_proj', 'v_proj', 'k_proj', 'q_proj', 'o_proj', 'up_proj'], 'exclude_modules': None, 'megatron_config': None, 'modules_to_save': None, 'init_lora_weights': True, 'layer_replication': None, 'layers_to_transform': None, 'base_model_name_or_path': 'TucanoBR/Tucano-2b4-Instruct'}}",,160.0,False,False,silu,10000.0,32002.0,2560.0,1e-05,,False,1.0,0.0,10240.0,24.0,16.0,4.0,4096.0,0.9986698031425476,7.6876,4.293,4.293,,,,,,,,,,,,,,,,,,,,,,,,,,,,,,,,,,,,,,,,,,,,,,,,,,,,,,
rodornelles-hertie-school,uncategorized,iyybqqbh,ft_hf_lora_gemma-3-4b-it_v1_2025-04-14_11-27-12,2025-04-14T11:42:08Z,finished,[],https://wandb.ai/rodornelles-hertie-school/uncategorized/runs/iyybqqbh,,,,,,,,,,,,,,,,,,,,,,,,,,,,,,,,,,,,,,,,,,,,,,,,,,,,,,,,,,,,,,,,,,,,,,,,,,,,,,,,,,,,,,,,,,,,,,,,,,,,,,,,,,,,,,,,,,,,,,,,,,,,,,,,,,,,,,,,,,,,,,,,,,,,,,,,,,,,,,,,,,,,,,,,,,,,,,,,,,,,,,,,,,,,,,,,,,,,,,,,,,,,,,{'runtime': 373},,,,327.466571155,9.0,1744631256.127965,0.21505376344086025,10.0,0.6152940988540649,1.9780219780219784e-05,0.2929,,,,,,,,,,,,,,,,,,,,,,,,,,,,,,,,,,,,,,,,,,,,,,,,,,,,,,,,,,,,,,,,,,,,,,,,,,,,,
rodornelles-hertie-school,uncategorized,tfhv7ua6,ft_hf_lora_gemma-3-12b-it_v1_2025-04-14_09-58-37,2025-04-14T10:02:12Z,crashed,[],https://wandb.ai/rodornelles-hertie-school/uncategorized/runs/tfhv7ua6,True,False,[],3407.0,,[],adamw_8bit,50.0,1.0,,True,False,False,0.0,False,False,"{'0': 'LABEL_0', '1': 'LABEL_1'}","{'LABEL_0': 0, 'LABEL_1': 1}",ft_hf_lora_gemma-3-12b-it_v1_2025-04-14_09-58-37,False,False,3407,,False,<HUB_TOKEN>,passive,-1.0,1.0,last,['wandb'],1.0,False,0.9,0.999,False,0.0,10,False,0.0,20.0,0.0,gemma3,,outputs_ft_hf_lora_gemma-3-12b-it_v1_2025-04-14_09-58-37,-1.0,10.0,,1800.0,"{'xla': False, 'xla_fsdp_v2': False, 'min_num_params': 0, 'xla_fsdp_grad_ckpt': False}",,outputs_ft_hf_lora_gemma-3-12b-it_v1_2025-04-14_09-58-37/runs/Apr14_10-01-29_cf55c549cb2f,False,True,1.0,"{'top_k': 50, 'top_p': 1, 'prefix': None, 'head_dim': 256, 'id2label': {'0': 'LABEL_0', '1': 'LABEL_1'}, 'label2id': {'LABEL_0': 0, 'LABEL_1': 1}, 'do_sample': False, 'num_beams': 1, 'typical_p': 1, 'use_cache': True, 'is_decoder': False, 'max_length': 20, 'min_length': 0, 'model_type': 'gemma3_text', 'rope_theta': 1000000.0, 'vocab_size': 262208, 'hidden_size': 3840, 'return_dict': True, 'temperature': 1, 'torch_dtype': 'bfloat16', 'torchscript': False, 'bos_token_id': 2, 'eos_token_id': 1, 'pad_token_id': 0, 'problem_type': None, 'rms_norm_eps': 1e-06, 'rope_scaling': {'factor': 8, 'rope_type': 'linear'}, 'sep_token_id': None, 'use_bfloat16': False, '_name_or_path': '', 'architectures': None, 'bad_words_ids': None, 'output_scores': False, 'attention_bias': False, 'early_stopping': False, 'length_penalty': 1, 'sliding_window': 1024, 'tf_legacy_loss': False, 'finetuning_task': None, 'num_beam_groups': 1, 'suppress_tokens': None, 'tokenizer_class': None, 'attention_dropout': 0, 'diversity_penalty': 0, 'hidden_activation': 'gelu_pytorch_tanh', 'initializer_range': 0.02, 'intermediate_size': 15360, 'num_hidden_layers': 48, 'output_attentions': False, 'is_encoder_decoder': False, 'repetition_penalty': 1, 'add_cross_attention': False, 'forced_bos_token_id': None, 'forced_eos_token_id': None, 'num_attention_heads': 16, 'num_key_value_heads': 8, 'tie_encoder_decoder': False, 'tie_word_embeddings': True, 'cache_implementation': 'hybrid', 'no_repeat_ngram_size': 0, 'num_return_sequences': 1, 'output_hidden_states': False, 'rope_local_base_freq': 10000, 'task_specific_params': None, 'begin_suppress_tokens': None, 'query_pre_attn_scalar': 256, 'remove_invalid_values': False, 'attn_logit_softcapping': None, 'decoder_start_token_id': None, 'sliding_window_pattern': 6, 'chunk_size_feed_forward': 0, 'final_logit_softcapping': None, 'max_position_embeddings': 131072, 'return_dict_in_generate': False, 'cross_attention_hidden_size': None, '_attn_implementation_autoset': False, 'encoder_no_repeat_ngram_size': 0, 'exponential_decay_length_penalty': None}",bfloat16,,False,1e-08,2.0,False,106,,auto,,every_save,0.0,,,False,0.1,5.0,0.01,['Gemma3ForConditionalGeneration'],,False,steps,False,2e-05,1.0,1.0,,False,steps,False,,True,"{'top_k': 50, 'top_p': 1, 'prefix': None, 'id2label': {'0': 'LABEL_0', '1': 'LABEL_1'}, 'label2id': {'LABEL_0': 0, 'LABEL_1': 1}, 'do_sample': False, 'num_beams': 1, 'typical_p': 1, 'hidden_act': 'gelu_pytorch_tanh', 'image_size': 896, 'is_decoder': False, 'max_length': 20, 'min_length': 0, 'model_type': 'siglip_vision_model', 'patch_size': 14, 'hidden_size': 1152, 'return_dict': True, 'temperature': 1, 'torch_dtype': 'bfloat16', 'torchscript': False, 'bos_token_id': None, 'eos_token_id': None, 'num_channels': 3, 'pad_token_id': None, 'problem_type': None, 'sep_token_id': None, 'use_bfloat16': False, '_name_or_path': '', 'architectures': None, 'bad_words_ids': None, 'output_scores': False, 'early_stopping': False, 'layer_norm_eps': 1e-06, 'length_penalty': 1, 'tf_legacy_loss': False, 'finetuning_task': None, 'num_beam_groups': 1, 'suppress_tokens': None, 'tokenizer_class': None, 'vision_use_head': False, 'attention_dropout': 0, 'diversity_penalty': 0, 'intermediate_size': 4304, 'num_hidden_layers': 27, 'output_attentions': False, 'is_encoder_decoder': False, 'repetition_penalty': 1, 'add_cross_attention': False, 'forced_bos_token_id': None, 'forced_eos_token_id': None, 'num_attention_heads': 16, 'tie_encoder_decoder': False, 'tie_word_embeddings': True, 'no_repeat_ngram_size': 0, 'num_return_sequences': 1, 'output_hidden_states': False, 'task_specific_params': None, 'begin_suppress_tokens': None, 'remove_invalid_values': False, 'decoder_start_token_id': None, 'chunk_size_feed_forward': 0, 'return_dict_in_generate': False, 'cross_attention_hidden_size': None, '_attn_implementation_autoset': False, 'encoder_no_repeat_ngram_size': 0, 'exponential_decay_length_penalty': None}",True,,False,False,O1,1.0,18432.0,False,False,255999.0,<CHARS_PER_TOKEN>,256000.0,,False,False,1.0,False,,,2025.3.19,1.0,False,,False,True,steps,,10.0,True,3,False,,0.0,False,262144.0,0.02,warning,linear,,False,<PUSH_TO_HUB_TOKEN>,False,False,"{'even_batches': True, 'non_blocking': False, 'split_batches': False, 'dispatch_batches': None, 'use_seedable_sampler': True, 'gradient_accumulation_kwargs': None}",False,,text,False,length,False,1.0,,-1.0,False,,,0.0,[],256.0,,True,False,True,False,False,12221553264.0,0.0,1.0,,False,,False,,,4.50.0.dev0,,,True,,eval_loss,False,True,,0.0,,True,False,False,auto,0.0,True,False,,0.0,2,,False,250.0,,,False,,,False,1.0,False,,4.0,1.0,0.0,False,False,,False,,,False,{'runtime': 432},,,,432.11023885,4.0,1744625363.486586,0.10752688172043012,5.0,0.5304075479507446,2e-05,0.2159,"{'default': {'r': 8, 'bias': 'none', 'revision': None, 'use_dora': False, 'lora_bias': False, 'peft_type': 'LORA', 'task_type': 'CAUSAL_LM', 'eva_config': None, 'lora_alpha': 8, 'use_rslora': False, 'auto_mapping': None, 'lora_dropout': 0, 'megatron_core': 'megatron.core', 'fan_in_fan_out': False, 'inference_mode': False, 'layers_pattern': None, 'runtime_config': {'ephemeral_gpu_offload': False}, 'target_modules': ['up_proj', 'gate_proj', 'q_proj', 'o_proj', 'v_proj', 'down_proj', 'k_proj'], 'exclude_modules': None, 'megatron_config': None, 'modules_to_save': None, 'init_lora_weights': True, 'layer_replication': None, 'layers_to_transform': None, 'base_model_name_or_path': 'unsloth/gemma-3-12b-it-unsloth-bnb-4bit'}}","{'load_in_4bit': True, 'load_in_8bit': False, 'quant_method': 'bitsandbytes', 'llm_int8_threshold': 6, 'bnb_4bit_quant_type': 'nf4', 'llm_int8_skip_modules': None, 'bnb_4bit_compute_dtype': 'bfloat16', 'llm_int8_has_fp16_weight': False, 'bnb_4bit_use_double_quant': True, 'llm_int8_enable_fp32_cpu_offload': False}",,,,,,,,,,,,,,,,,,,,,,,,,,,,,,,,,,,,,,,,,,,,,,,,,,,,,,,,,,,,,,,,,,,,,,,,,,,
rodornelles-hertie-school,uncategorized,30ga6ff2,ft_unsloth_lora_gemma-3-4b-it_v1_2025-04-18_22-42-25,2025-04-18T22:43:35Z,crashed,[],https://wandb.ai/rodornelles-hertie-school/uncategorized/runs/30ga6ff2,True,False,[],3407.0,,[],adamw_8bit,50.0,1.0,,True,False,False,0.0,False,False,"{'0': 'LABEL_0', '1': 'LABEL_1'}","{'LABEL_0': 0, 'LABEL_1': 1}",ft_unsloth_lora_gemma-3-4b-it_v1_2025-04-18_22-42-25,False,False,3407,,False,<HUB_TOKEN>,passive,-1.0,1.0,last,['wandb'],1.0,False,0.9,0.999,False,0.0,10,False,0.0,20.0,0.0,gemma3,,/content/drive/MyDrive/master_thesis/ft_unsloth_lora_gemma-3-4b-it_v1_2025-04-18_22-42-25,-1.0,10.0,,1800.0,"{'xla': False, 'xla_fsdp_v2': False, 'min_num_params': 0, 'xla_fsdp_grad_ckpt': False}",,outputs_ft_unsloth_lora_gemma-3-4b-it_v1_2025-04-18_22-42-25/runs/Apr18_22-43-26_f22ea800b58d,False,True,1.0,"{'top_k': 50, 'top_p': 1, 'prefix': None, 'head_dim': 256, 'id2label': {'0': 'LABEL_0', '1': 'LABEL_1'}, 'label2id': {'LABEL_0': 0, 'LABEL_1': 1}, 'do_sample': False, 'num_beams': 1, 'typical_p': 1, 'use_cache': True, 'is_decoder': False, 'max_length': 20, 'min_length': 0, 'model_type': 'gemma3_text', 'rope_theta': 1000000, 'vocab_size': 262208, 'hidden_size': 2560, 'return_dict': True, 'temperature': 1, 'torch_dtype': 'bfloat16', 'torchscript': False, 'bos_token_id': 2, 'eos_token_id': 1, 'pad_token_id': 0, 'problem_type': None, 'rms_norm_eps': 1e-06, 'rope_scaling': {'factor': 8, 'rope_type': 'linear'}, 'sep_token_id': None, 'use_bfloat16': False, '_name_or_path': '', 'architectures': None, 'bad_words_ids': None, 'output_scores': False, 'attention_bias': False, 'early_stopping': False, 'length_penalty': 1, 'sliding_window': 1024, 'tf_legacy_loss': False, 'finetuning_task': None, 'num_beam_groups': 1, 'suppress_tokens': None, 'tokenizer_class': None, 'attention_dropout': 0, 'diversity_penalty': 0, 'hidden_activation': 'gelu_pytorch_tanh', 'initializer_range': 0.02, 'intermediate_size': 10240, 'num_hidden_layers': 34, 'output_attentions': False, 'is_encoder_decoder': False, 'repetition_penalty': 1, 'add_cross_attention': False, 'forced_bos_token_id': None, 'forced_eos_token_id': None, 'num_attention_heads': 8, 'num_key_value_heads': 4, 'tie_encoder_decoder': False, 'tie_word_embeddings': True, 'cache_implementation': 'hybrid', 'no_repeat_ngram_size': 0, 'num_return_sequences': 1, 'output_hidden_states': False, 'rope_local_base_freq': 10000, 'task_specific_params': None, 'begin_suppress_tokens': None, 'query_pre_attn_scalar': 256, 'remove_invalid_values': False, 'attn_logit_softcapping': None, 'decoder_start_token_id': None, 'sliding_window_pattern': 6, 'chunk_size_feed_forward': 0, 'final_logit_softcapping': None, 'max_position_embeddings': 131072, 'return_dict_in_generate': False, 'cross_attention_hidden_size': None, '_attn_implementation_autoset': False, 'encoder_no_repeat_ngram_size': 0, 'exponential_decay_length_penalty': None}",bfloat16,,False,1e-08,2.0,False,106,,auto,,every_save,0.0,,,False,0.1,5.0,0.01,['Gemma3ForConditionalGeneration'],,False,steps,False,2e-05,1.0,1.0,,False,steps,False,,True,"{'top_k': 50, 'top_p': 1, 'prefix': None, 'id2label': {'0': 'LABEL_0', '1': 'LABEL_1'}, 'label2id': {'LABEL_0': 0, 'LABEL_1': 1}, 'do_sample': False, 'num_beams': 1, 'typical_p': 1, 'hidden_act': 'gelu_pytorch_tanh', 'image_size': 896, 'is_decoder': False, 'max_length': 20, 'min_length': 0, 'model_type': 'siglip_vision_model', 'patch_size': 14, 'hidden_size': 1152, 'return_dict': True, 'temperature': 1, 'torch_dtype': 'bfloat16', 'torchscript': False, 'bos_token_id': None, 'eos_token_id': None, 'num_channels': 3, 'pad_token_id': None, 'problem_type': None, 'sep_token_id': None, 'use_bfloat16': False, '_name_or_path': '', 'architectures': None, 'bad_words_ids': None, 'output_scores': False, 'early_stopping': False, 'layer_norm_eps': 1e-06, 'length_penalty': 1, 'tf_legacy_loss': False, 'finetuning_task': None, 'num_beam_groups': 1, 'suppress_tokens': None, 'tokenizer_class': None, 'vision_use_head': False, 'attention_dropout': 0, 'diversity_penalty': 0, 'intermediate_size': 4304, 'num_hidden_layers': 27, 'output_attentions': False, 'is_encoder_decoder': False, 'repetition_penalty': 1, 'add_cross_attention': False, 'forced_bos_token_id': None, 'forced_eos_token_id': None, 'num_attention_heads': 16, 'tie_encoder_decoder': False, 'tie_word_embeddings': True, 'no_repeat_ngram_size': 0, 'num_return_sequences': 1, 'output_hidden_states': False, 'task_specific_params': None, 'begin_suppress_tokens': None, 'remove_invalid_values': False, 'decoder_start_token_id': None, 'chunk_size_feed_forward': 0, 'return_dict_in_generate': False, 'cross_attention_hidden_size': None, '_attn_implementation_autoset': False, 'encoder_no_repeat_ngram_size': 0, 'exponential_decay_length_penalty': None}",True,,False,False,O1,1.0,18432.0,False,False,255999.0,<CHARS_PER_TOKEN>,256000.0,,False,False,1.0,False,,,2025.3.19,1.0,False,,False,True,steps,,10.0,True,5,False,,0.0,False,262144.0,0.02,warning,linear,,False,<PUSH_TO_HUB_TOKEN>,False,False,"{'even_batches': True, 'non_blocking': False, 'split_batches': False, 'dispatch_batches': None, 'use_seedable_sampler': True, 'gradient_accumulation_kwargs': None}",False,,text,False,length,False,1.0,,-1.0,False,,,0.0,[],256.0,,True,False,True,False,False,4308276592.0,0.0,1.0,,False,,False,,,4.50.0.dev0,,,True,,eval_loss,False,True,,0.0,,True,False,False,auto,0.0,True,False,,0.0,2,,False,250.0,,,False,,,False,1.0,False,,4.0,1.0,0.0,False,False,,False,,,False,{'runtime': 367},,,,367.859126371,9.0,1745016582.194905,0.21505376344086025,10.0,0.6879979968070984,1.9780219780219784e-05,0.3303,"{'default': {'r': 4, 'bias': 'none', 'revision': None, 'use_dora': False, 'lora_bias': False, 'peft_type': 'LORA', 'task_type': 'CAUSAL_LM', 'eva_config': None, 'lora_alpha': 4, 'use_rslora': False, 'auto_mapping': None, 'lora_dropout': 0, 'megatron_core': 'megatron.core', 'fan_in_fan_out': False, 'inference_mode': False, 'layers_pattern': None, 'runtime_config': {'ephemeral_gpu_offload': False}, 'target_modules': ['v_proj', 'up_proj', 'k_proj', 'gate_proj', 'o_proj', 'down_proj', 'q_proj'], 'exclude_modules': None, 'megatron_config': None, 'modules_to_save': None, 'init_lora_weights': True, 'layer_replication': None, 'layers_to_transform': None, 'base_model_name_or_path': 'unsloth/gemma-3-4b-it'}}",,,,,,,,,,,,,,,,,,,,,,,,,,,,,,,,,,,,,,,,,,,,,,,,,,,,,,,,,,,,,,,,,,,,,,,,,,,,
rodornelles-hertie-school,uncategorized,hcxcfhyq,ft_unsloth_lora_Tucano-2b4-Instruct_v1_2025-04-18_20-43-31,2025-04-18T20:43:39Z,finished,[],https://wandb.ai/rodornelles-hertie-school/uncategorized/runs/hcxcfhyq,True,False,[],3407.0,,[],adamw_8bit,50.0,1.0,,True,False,False,0.0,False,False,"{'0': 'LABEL_0', '1': 'LABEL_1'}","{'LABEL_0': 0, 'LABEL_1': 1}",ft_unsloth_lora_Tucano-2b4-Instruct_v1_2025-04-18_20-43-31,False,False,3407,,False,<HUB_TOKEN>,passive,-1.0,1.0,last,['wandb'],1.0,False,0.9,0.999,False,0.0,10,False,0.0,20.0,0.0,llama,,/content/drive/MyDrive/master_thesis/ft_unsloth_lora_Tucano-2b4-Instruct_v1_2025-04-18_20-43-31,-1.0,10.0,,1800.0,"{'xla': False, 'xla_fsdp_v2': False, 'min_num_params': 0, 'xla_fsdp_grad_ckpt': False}",,outputs_ft_unsloth_lora_Tucano-2b4-Instruct_v1_2025-04-18_20-43-31/runs/Apr18_20-43-33_29d8f714edc4,False,True,1.0,,bfloat16,,False,1e-08,1.0,False,2,,auto,,every_save,3.0,,,False,0.1,5.0,0.01,['LlamaForCausalLM'],,False,steps,False,2e-05,1.0,1.0,,False,steps,False,,,,True,,False,False,O1,1.0,18432.0,False,False,,<CHARS_PER_TOKEN>,,,False,False,1.0,False,,,2025.3.19,1.0,False,,False,True,steps,,10.0,True,3,False,,0.0,False,,0.02,warning,linear,,False,<PUSH_TO_HUB_TOKEN>,False,False,"{'even_batches': True, 'non_blocking': False, 'split_batches': False, 'dispatch_batches': None, 'use_seedable_sampler': True, 'gradient_accumulation_kwargs': None}",False,,text,False,length,False,1.0,,-1.0,False,,,0.0,[],,,True,False,False,False,False,2465763840.0,0.0,1.0,,False,,False,,,4.50.0.dev0,,,True,,eval_loss,False,True,,0.0,,True,False,False,auto,0.0,True,False,,0.0,2,,False,250.0,,,False,,,False,1.0,False,,4.0,1.0,0.0,False,False,,False,,,False,{'runtime': 1926},,,,1926.19206244,506.0,1745010945.3979948,9.795698924731182,460.0,0.08679571747779846,0.0,0.8328,"{'default': {'r': 16, 'bias': 'none', 'revision': None, 'use_dora': False, 'lora_bias': False, 'peft_type': 'LORA', 'task_type': 'CAUSAL_LM', 'eva_config': None, 'lora_alpha': 16, 'use_rslora': False, 'auto_mapping': None, 'lora_dropout': 0, 'megatron_core': 'megatron.core', 'fan_in_fan_out': False, 'inference_mode': False, 'layers_pattern': None, 'runtime_config': {'ephemeral_gpu_offload': False}, 'target_modules': ['k_proj', 'down_proj', 'v_proj', 'o_proj', 'q_proj', 'gate_proj', 'up_proj'], 'exclude_modules': None, 'megatron_config': None, 'modules_to_save': None, 'init_lora_weights': True, 'layer_replication': None, 'layers_to_transform': None, 'base_model_name_or_path': 'TucanoBR/Tucano-2b4-Instruct'}}",,160.0,False,False,silu,10000.0,32002.0,2560.0,1e-05,,False,1.0,0.0,10240.0,24.0,16.0,4.0,4096.0,0.7841108441352844,7.6899,4.291,4.291,,,1.6862253868772352e+17,0.993897838631402,1923.201,0.967,0.239,,,,,,,,,,,,,,,,,,,,,,,,,,,,,,,,,,,,,,,,,,,,,,,
rodornelles-hertie-school,huggingface,heqiae54,./results/HF--gemma-3-4b-it_v1_2025-04-12_17-32-03,2025-04-12T17:41:41Z,crashed,[],https://wandb.ai/rodornelles-hertie-school/huggingface/runs/heqiae54,False,True,[],3407.0,,[],adamw_bnb_8bit,50.0,1.0,,True,False,False,0.0,False,False,"{'0': 'LABEL_0', '1': 'LABEL_1'}","{'LABEL_0': 0, 'LABEL_1': 1}",./results/HF--gemma-3-4b-it_v1_2025-04-12_17-32-03,False,False,,,False,<HUB_TOKEN>,passive,-1.0,1.0,last,['wandb'],1.0,,0.9,0.999,False,0.0,10,False,0.0,16384.0,0.0,gemma3,,./results/HF--gemma-3-4b-it_v1_2025-04-12_17-32-03,-1.0,100.0,,1800.0,"{'xla': False, 'xla_fsdp_v2': False, 'min_num_params': 0, 'xla_fsdp_grad_ckpt': False}",,./results/HF--gemma-3-4b-it_v1_2025-04-12_17-32-03/runs/Apr12_17-33-42_7783fa843c9d,False,True,1.0,"{'top_k': 50, 'top_p': 1, 'prefix': None, 'head_dim': 256, 'id2label': {'0': 'LABEL_0', '1': 'LABEL_1'}, 'label2id': {'LABEL_0': 0, 'LABEL_1': 1}, 'do_sample': False, 'num_beams': 1, 'typical_p': 1, 'use_cache': True, 'is_decoder': False, 'max_length': 20, 'min_length': 0, 'model_type': 'gemma3_text', 'rope_theta': 1000000.0, 'vocab_size': 262208, 'hidden_size': 2560, 'return_dict': True, 'temperature': 1, 'torch_dtype': 'float16', 'torchscript': False, 'bos_token_id': 2, 'eos_token_id': 1, 'pad_token_id': 0, 'problem_type': None, 'rms_norm_eps': 1e-06, 'rope_scaling': {'factor': 8, 'rope_type': 'linear'}, 'sep_token_id': None, 'use_bfloat16': False, '_name_or_path': '', 'architectures': None, 'bad_words_ids': None, 'output_scores': False, 'attention_bias': False, 'early_stopping': False, 'length_penalty': 1, 'sliding_window': 1024, 'tf_legacy_loss': False, 'finetuning_task': None, 'num_beam_groups': 1, 'suppress_tokens': None, 'tokenizer_class': None, 'attention_dropout': 0, 'diversity_penalty': 0, 'hidden_activation': 'gelu_pytorch_tanh', 'initializer_range': 0.02, 'intermediate_size': 10240, 'num_hidden_layers': 34, 'output_attentions': False, 'is_encoder_decoder': False, 'repetition_penalty': 1, 'add_cross_attention': False, 'forced_bos_token_id': None, 'forced_eos_token_id': None, 'num_attention_heads': 8, 'num_key_value_heads': 4, 'tie_encoder_decoder': False, 'tie_word_embeddings': True, 'cache_implementation': 'hybrid', 'no_repeat_ngram_size': 0, 'num_return_sequences': 1, 'output_hidden_states': False, 'rope_local_base_freq': 10000, 'task_specific_params': None, 'begin_suppress_tokens': None, 'query_pre_attn_scalar': 256, 'remove_invalid_values': False, 'attn_logit_softcapping': None, 'decoder_start_token_id': None, 'sliding_window_pattern': 6, 'chunk_size_feed_forward': 0, 'final_logit_softcapping': None, 'max_position_embeddings': 131072, 'return_dict_in_generate': False, 'cross_attention_hidden_size': None, '_attn_implementation_autoset': False, 'encoder_no_repeat_ngram_size': 0, 'exponential_decay_length_penalty': None}",float16,,False,1e-08,,False,"[1, 106]",,auto,,every_save,,,,False,0.0,5.0,0.01,['Gemma3ForConditionalGeneration'],,False,steps,False,2e-05,1.0,1.0,,False,steps,False,,,"{'top_k': 50, 'top_p': 1, 'prefix': None, 'id2label': {'0': 'LABEL_0', '1': 'LABEL_1'}, 'label2id': {'LABEL_0': 0, 'LABEL_1': 1}, 'do_sample': False, 'num_beams': 1, 'typical_p': 1, 'hidden_act': 'gelu_pytorch_tanh', 'image_size': 896, 'is_decoder': False, 'max_length': 20, 'min_length': 0, 'model_type': 'siglip_vision_model', 'patch_size': 14, 'hidden_size': 1152, 'return_dict': True, 'temperature': 1, 'torch_dtype': 'float16', 'torchscript': False, 'bos_token_id': None, 'eos_token_id': None, 'num_channels': 3, 'pad_token_id': None, 'problem_type': None, 'sep_token_id': None, 'use_bfloat16': False, '_name_or_path': '', 'architectures': None, 'bad_words_ids': None, 'output_scores': False, 'early_stopping': False, 'layer_norm_eps': 1e-06, 'length_penalty': 1, 'tf_legacy_loss': False, 'finetuning_task': None, 'num_beam_groups': 1, 'suppress_tokens': None, 'tokenizer_class': None, 'vision_use_head': False, 'attention_dropout': 0, 'diversity_penalty': 0, 'intermediate_size': 4304, 'num_hidden_layers': 27, 'output_attentions': False, 'is_encoder_decoder': False, 'repetition_penalty': 1, 'add_cross_attention': False, 'forced_bos_token_id': None, 'forced_eos_token_id': None, 'num_attention_heads': 16, 'tie_encoder_decoder': False, 'tie_word_embeddings': True, 'no_repeat_ngram_size': 0, 'num_return_sequences': 1, 'output_hidden_states': False, 'task_specific_params': None, 'begin_suppress_tokens': None, 'remove_invalid_values': False, 'decoder_start_token_id': None, 'chunk_size_feed_forward': 0, 'return_dict_in_generate': False, 'cross_attention_hidden_size': None, '_attn_implementation_autoset': False, 'encoder_no_repeat_ngram_size': 0, 'exponential_decay_length_penalty': None}",False,{'text_field': 'text'},False,False,O1,1.0,16384.0,False,False,255999.0,<CHARS_PER_TOKEN>,256000.0,,False,False,1.0,False,,,,,False,,False,True,steps,,3.0,True,,False,,0.0,False,262144.0,0.02,warning,linear,,False,<PUSH_TO_HUB_TOKEN>,False,False,"{'even_batches': True, 'non_blocking': False, 'split_batches': False, 'dispatch_batches': None, 'use_seedable_sampler': True, 'gradient_accumulation_kwargs': None}",False,,text,False,length,False,1.0,,,False,,,0.0,[],256.0,,True,False,True,False,False,5648533872.0,0.0,1.0,,False,False,False,,,4.51.2,,,True,,loss,False,False,,0.0,,True,False,True,auto,0.0,True,True,,0.0,,,False,,,,False,,,False,8.0,False,,8.0,1.0,0.0,False,False,,False,,,False,,,,,,,,,,,,,"{'default': {'r': 8, 'bias': 'none', 'revision': None, 'use_dora': False, 'lora_bias': False, 'peft_type': 'LORA', 'task_type': 'CAUSAL_LM', 'eva_config': None, 'lora_alpha': 16, 'use_rslora': False, 'auto_mapping': None, 'lora_dropout': 0.1, 'megatron_core': 'megatron.core', 'fan_in_fan_out': False, 'inference_mode': False, 'layers_pattern': None, 'runtime_config': {'ephemeral_gpu_offload': False}, 'target_modules': ['k_proj', 'o_proj', 'v_proj', 'q_proj'], 'exclude_modules': None, 'megatron_config': None, 'modules_to_save': ['lm_head', 'embed_tokens'], 'init_lora_weights': True, 'layer_replication': None, 'layers_to_transform': None, 'base_model_name_or_path': 'google/gemma-3-4b-it'}}","{'load_in_4bit': True, 'load_in_8bit': False, 'quant_method': 'BITS_AND_BYTES', '_load_in_4bit': True, '_load_in_8bit': False, 'llm_int8_threshold': 6, 'bnb_4bit_quant_type': 'nf4', 'llm_int8_skip_modules': None, 'bnb_4bit_compute_dtype': 'bfloat16', 'bnb_4bit_quant_storage': 'uint8', 'llm_int8_has_fp16_weight': False, 'bnb_4bit_use_double_quant': True, 'llm_int8_enable_fp32_cpu_offload': False}",,,,,,,,,,,,,,,,,,,,,,<PAD_TOKEN>,False,,,,,,,,,,,,,,,,,,,,,,,,,,,,,,,,,,,,,,,,,,,,,,,,,,,,
rodornelles-hertie-school,huggingface,h0003tjv,./results/HF--gemma-3-12b-it_v1_2025-04-12_16-59-11,2025-04-12T17:26:38Z,crashed,[],https://wandb.ai/rodornelles-hertie-school/huggingface/runs/h0003tjv,,,,,,,,,,,,,,,,,,,,,,,,,,,,,,,,,,,,,,,,,,,,,,,,,,,,,,,,,,,,,,,,,,,,,,,,,,,,,,,,,,,,,,,,,,,,,,,,,,,,,,,,,,,,,,,,,,,,,,,,,,,,,,,,,,,,,,,,,,,,,,,,,,,,,,,,,,,,,,,,,,,,,,,,,,,,,,,,,,,,,,,,,,,,,,,,,,,,,,,,,,,,,,,,,,,,,,,,,,,,,,,,,,,,,,,,,,,,,,,,,,,,,,,,,,,,,,,,,,,,,,,,,,,,,,,,,,,,,,,,,,,,,,,,,,,,,,
rodornelles-hertie-school,huggingface,8ntm8gbf,outputs_ft_hf_lora_gemma-3-12b-it_v1_2025-04-14_07-10-02,2025-04-14T07:37:45Z,crashed,[],https://wandb.ai/rodornelles-hertie-school/huggingface/runs/8ntm8gbf,True,False,[],3407.0,,[],adamw_torch,50.0,1.0,,True,False,False,0.0,False,False,"{'0': 'LABEL_0', '1': 'LABEL_1'}","{'LABEL_0': 0, 'LABEL_1': 1}",outputs_ft_hf_lora_gemma-3-12b-it_v1_2025-04-14_07-10-02,False,False,,,False,<HUB_TOKEN>,passive,-1.0,1.0,last,['wandb'],1.0,False,0.9,0.999,False,0.0,10,False,0.0,20.0,0.0,gemma3,,outputs_ft_hf_lora_gemma-3-12b-it_v1_2025-04-14_07-10-02,-1.0,10.0,,1800.0,"{'xla': False, 'xla_fsdp_v2': False, 'min_num_params': 0, 'xla_fsdp_grad_ckpt': False}",,outputs_ft_hf_lora_gemma-3-12b-it_v1_2025-04-14_07-10-02/runs/Apr14_07-23-03_7783fa843c9d,False,True,1.0,"{'top_k': 50, 'top_p': 1, 'prefix': None, 'head_dim': 256, 'id2label': {'0': 'LABEL_0', '1': 'LABEL_1'}, 'label2id': {'LABEL_0': 0, 'LABEL_1': 1}, 'do_sample': False, 'num_beams': 1, 'typical_p': 1, 'use_cache': True, 'is_decoder': False, 'max_length': 20, 'min_length': 0, 'model_type': 'gemma3_text', 'rope_theta': 1000000.0, 'vocab_size': 262208, 'hidden_size': 3840, 'return_dict': True, 'temperature': 1, 'torch_dtype': 'float16', 'torchscript': False, 'bos_token_id': 2, 'eos_token_id': 1, 'pad_token_id': 0, 'problem_type': None, 'rms_norm_eps': 1e-06, 'rope_scaling': {'factor': 8, 'rope_type': 'linear'}, 'sep_token_id': None, 'use_bfloat16': False, '_name_or_path': '', 'architectures': None, 'bad_words_ids': None, 'output_scores': False, 'attention_bias': False, 'early_stopping': False, 'length_penalty': 1, 'sliding_window': 1024, 'tf_legacy_loss': False, 'finetuning_task': None, 'num_beam_groups': 1, 'suppress_tokens': None, 'tokenizer_class': None, 'attention_dropout': 0, 'diversity_penalty': 0, 'hidden_activation': 'gelu_pytorch_tanh', 'initializer_range': 0.02, 'intermediate_size': 15360, 'num_hidden_layers': 48, 'output_attentions': False, 'is_encoder_decoder': False, 'repetition_penalty': 1, 'add_cross_attention': False, 'forced_bos_token_id': None, 'forced_eos_token_id': None, 'num_attention_heads': 16, 'num_key_value_heads': 8, 'tie_encoder_decoder': False, 'tie_word_embeddings': True, 'cache_implementation': 'hybrid', 'no_repeat_ngram_size': 0, 'num_return_sequences': 1, 'output_hidden_states': False, 'rope_local_base_freq': 10000, 'task_specific_params': None, 'begin_suppress_tokens': None, 'query_pre_attn_scalar': 256, 'remove_invalid_values': False, 'attn_logit_softcapping': None, 'decoder_start_token_id': None, 'sliding_window_pattern': 6, 'chunk_size_feed_forward': 0, 'final_logit_softcapping': None, 'max_position_embeddings': 131072, 'return_dict_in_generate': False, 'cross_attention_hidden_size': None, '_attn_implementation_autoset': False, 'encoder_no_repeat_ngram_size': 0, 'exponential_decay_length_penalty': None}",float16,,False,1e-08,,False,"[1, 106]",,auto,,every_save,,,,False,0.0,5.0,0.01,['Gemma3ForConditionalGeneration'],,False,steps,False,2e-05,1.0,1.0,,False,steps,False,,,"{'top_k': 50, 'top_p': 1, 'prefix': None, 'id2label': {'0': 'LABEL_0', '1': 'LABEL_1'}, 'label2id': {'LABEL_0': 0, 'LABEL_1': 1}, 'do_sample': False, 'num_beams': 1, 'typical_p': 1, 'hidden_act': 'gelu_pytorch_tanh', 'image_size': 896, 'is_decoder': False, 'max_length': 20, 'min_length': 0, 'model_type': 'siglip_vision_model', 'patch_size': 14, 'hidden_size': 1152, 'return_dict': True, 'temperature': 1, 'torch_dtype': 'float16', 'torchscript': False, 'bos_token_id': None, 'eos_token_id': None, 'num_channels': 3, 'pad_token_id': None, 'problem_type': None, 'sep_token_id': None, 'use_bfloat16': False, '_name_or_path': '', 'architectures': None, 'bad_words_ids': None, 'output_scores': False, 'early_stopping': False, 'layer_norm_eps': 1e-06, 'length_penalty': 1, 'tf_legacy_loss': False, 'finetuning_task': None, 'num_beam_groups': 1, 'suppress_tokens': None, 'tokenizer_class': None, 'vision_use_head': False, 'attention_dropout': 0, 'diversity_penalty': 0, 'intermediate_size': 4304, 'num_hidden_layers': 27, 'output_attentions': False, 'is_encoder_decoder': False, 'repetition_penalty': 1, 'add_cross_attention': False, 'forced_bos_token_id': None, 'forced_eos_token_id': None, 'num_attention_heads': 16, 'tie_encoder_decoder': False, 'tie_word_embeddings': True, 'no_repeat_ngram_size': 0, 'num_return_sequences': 1, 'output_hidden_states': False, 'task_specific_params': None, 'begin_suppress_tokens': None, 'remove_invalid_values': False, 'decoder_start_token_id': None, 'chunk_size_feed_forward': 0, 'return_dict_in_generate': False, 'cross_attention_hidden_size': None, '_attn_implementation_autoset': False, 'encoder_no_repeat_ngram_size': 0, 'exponential_decay_length_penalty': None}",False,,False,False,O1,1.0,1024.0,False,False,255999.0,<CHARS_PER_TOKEN>,256000.0,,False,False,1.0,False,,,,,False,,False,True,steps,,10.0,True,3,False,,0.0,False,262144.0,0.02,warning,linear,,False,<PUSH_TO_HUB_TOKEN>,False,False,"{'even_batches': True, 'non_blocking': False, 'split_batches': False, 'dispatch_batches': None, 'use_seedable_sampler': True, 'gradient_accumulation_kwargs': None}",False,,text,False,length,False,1.0,,,False,,,0.0,[],256.0,,True,False,True,False,False,12255781488.0,0.0,1.0,,False,False,False,,,4.51.2,,,True,,eval_loss,False,True,,0.0,,True,False,False,auto,0.0,True,True,,0.0,,,False,,,,False,,,False,1.0,False,,8.0,1.0,0.0,False,False,,False,,,False,,,,,,,,,,,,,"{'default': {'r': 16, 'bias': 'none', 'revision': None, 'use_dora': False, 'lora_bias': False, 'peft_type': 'LORA', 'task_type': 'CAUSAL_LM', 'eva_config': None, 'lora_alpha': 16, 'use_rslora': False, 'auto_mapping': None, 'lora_dropout': 0, 'megatron_core': 'megatron.core', 'fan_in_fan_out': False, 'inference_mode': False, 'layers_pattern': None, 'runtime_config': {'ephemeral_gpu_offload': False}, 'target_modules': ['o_proj', 'v_proj', 'down_proj', 'k_proj', 'up_proj', 'gate_proj', 'q_proj'], 'exclude_modules': None, 'megatron_config': None, 'modules_to_save': None, 'init_lora_weights': True, 'layer_replication': None, 'layers_to_transform': None, 'base_model_name_or_path': 'google/gemma-3-12b-it'}}","{'load_in_4bit': True, 'load_in_8bit': False, 'quant_method': 'BITS_AND_BYTES', '_load_in_4bit': True, '_load_in_8bit': False, 'llm_int8_threshold': 6, 'bnb_4bit_quant_type': 'nf4', 'llm_int8_skip_modules': None, 'bnb_4bit_compute_dtype': 'bfloat16', 'bnb_4bit_quant_storage': 'uint8', 'llm_int8_has_fp16_weight': False, 'bnb_4bit_use_double_quant': False, 'llm_int8_enable_fp32_cpu_offload': False}",,,,,,,,,,,,,,,,,,,,,,,,,,,,,,,,,,,,,,,,,,,,,,,,,,,,,,,,,,,,,,,,,,,,,,,,,,,
rodornelles-hertie-school,huggingface,9tng3jum,ft_unsloth__Llama-3.2-3B-Instruct_v1_2025-04-13_17-08-59,2025-04-13T17:18:34Z,crashed,[],https://wandb.ai/rodornelles-hertie-school/huggingface/runs/9tng3jum,True,False,[],3407.0,,[],adamw_8bit,50.0,1.0,,True,False,False,0.0,False,False,"{'0': 'LABEL_0', '1': 'LABEL_1'}","{'LABEL_0': 0, 'LABEL_1': 1}",ft_unsloth__Llama-3.2-3B-Instruct_v1_2025-04-13_17-08-59,False,False,,,False,<HUB_TOKEN>,passive,-1.0,1.0,last,['wandb'],1.0,False,0.9,0.999,False,0.0,1,False,0.0,20.0,0.0,llama,,outputs_ft_unsloth__Llama-3.2-3B-Instruct_v1_2025-04-13_17-08-59,-1.0,10.0,,1800.0,"{'xla': False, 'xla_fsdp_v2': False, 'min_num_params': 0, 'xla_fsdp_grad_ckpt': False}",,outputs_ft_unsloth__Llama-3.2-3B-Instruct_v1_2025-04-13_17-08-59/runs/Apr13_17-09-25_7783fa843c9d,False,True,1.0,,bfloat16,,False,1e-08,128000.0,False,128009,,auto,,every_save,128004.0,,,False,0.0,5.0,0.01,['LlamaForCausalLM'],,False,steps,False,2e-05,1.0,1.0,,False,steps,False,,True,,True,,False,False,O1,1.0,16384.0,False,False,,<CHARS_PER_TOKEN>,,,False,False,1.0,False,,,2025.3.19,1.0,False,,False,True,steps,,10.0,True,3,False,,0.0,False,,0.02,warning,linear,,False,<PUSH_TO_HUB_TOKEN>,False,False,"{'even_batches': True, 'non_blocking': False, 'split_batches': False, 'dispatch_batches': None, 'use_seedable_sampler': True, 'gradient_accumulation_kwargs': None}",False,,text,False,length,False,1.0,,-1.0,False,,,0.0,[],,,True,False,True,False,False,3237063680.0,0.0,1.0,,False,False,False,,,4.51.2,,,True,,eval_loss,False,True,,0.0,,True,False,False,auto,0.0,True,True,,0.0,4,,False,,,,False,,,False,1.0,False,,4.0,1.0,0.0,False,False,,False,,,False,{'runtime': 82},,,,82.502742396,3.0,1744564252.1418684,0.043010752688172046,2.0,0.2835017144680023,4.000000000000001e-06,0.2302,"{'default': {'r': 16, 'bias': 'none', 'revision': None, 'use_dora': False, 'lora_bias': False, 'peft_type': 'LORA', 'task_type': 'CAUSAL_LM', 'eva_config': None, 'lora_alpha': 16, 'use_rslora': False, 'auto_mapping': None, 'lora_dropout': 0, 'megatron_core': 'megatron.core', 'fan_in_fan_out': False, 'inference_mode': False, 'layers_pattern': None, 'runtime_config': {'ephemeral_gpu_offload': False}, 'target_modules': ['k_proj', 'up_proj', 'v_proj', 'gate_proj', 'o_proj', 'down_proj', 'q_proj'], 'exclude_modules': None, 'megatron_config': None, 'modules_to_save': None, 'init_lora_weights': True, 'layer_replication': None, 'layers_to_transform': None, 'base_model_name_or_path': 'unsloth/llama-3.2-3b-instruct-unsloth-bnb-4bit'}}","{'load_in_4bit': True, 'load_in_8bit': False, 'quant_method': 'bitsandbytes', 'llm_int8_threshold': 6, 'bnb_4bit_quant_type': 'nf4', 'llm_int8_skip_modules': None, 'bnb_4bit_compute_dtype': 'bfloat16', 'llm_int8_has_fp16_weight': False, 'bnb_4bit_use_double_quant': True, 'llm_int8_enable_fp32_cpu_offload': False}",128.0,False,True,silu,500000.0,128256.0,3072.0,1e-05,"{'factor': 32, 'rope_type': 'llama3', 'low_freq_factor': 1, 'high_freq_factor': 4, 'original_max_position_embeddings': 8192}",False,1.0,0.0,8192.0,28.0,24.0,8.0,131072.0,NaN,24.8592,1.327,1.327,,,,,,,,,,,,,,,,,,,,,,,,,,,,,,,,,,,,,,,,,,,,,,,,,,,,,,
rodornelles-hertie-school,huggingface,zqmmgnro,./results/HF--gemma-3-4b-it_v1_2025-04-12_17-21-23,2025-04-12T17:31:56Z,crashed,[],https://wandb.ai/rodornelles-hertie-school/huggingface/runs/zqmmgnro,False,True,[],3407.0,,[],adamw_bnb_8bit,50.0,1.0,,True,False,False,0.0,False,False,"{'0': 'LABEL_0', '1': 'LABEL_1'}","{'LABEL_0': 0, 'LABEL_1': 1}",./results/HF--gemma-3-4b-it_v1_2025-04-12_17-21-23,False,False,,,False,<HUB_TOKEN>,passive,-1.0,1.0,last,['wandb'],1.0,,0.9,0.999,False,0.0,10,False,0.0,16384.0,0.0,gemma3,,./results/HF--gemma-3-4b-it_v1_2025-04-12_17-21-23,-1.0,100.0,,1800.0,"{'xla': False, 'xla_fsdp_v2': False, 'min_num_params': 0, 'xla_fsdp_grad_ckpt': False}",,./results/HF--gemma-3-4b-it_v1_2025-04-12_17-21-23/runs/Apr12_17-22-46_7783fa843c9d,False,True,1.0,"{'top_k': 50, 'top_p': 1, 'prefix': None, 'head_dim': 256, 'id2label': {'0': 'LABEL_0', '1': 'LABEL_1'}, 'label2id': {'LABEL_0': 0, 'LABEL_1': 1}, 'do_sample': False, 'num_beams': 1, 'typical_p': 1, 'use_cache': True, 'is_decoder': False, 'max_length': 20, 'min_length': 0, 'model_type': 'gemma3_text', 'rope_theta': 1000000.0, 'vocab_size': 262208, 'hidden_size': 2560, 'return_dict': True, 'temperature': 1, 'torch_dtype': 'float16', 'torchscript': False, 'bos_token_id': 2, 'eos_token_id': 1, 'pad_token_id': 0, 'problem_type': None, 'rms_norm_eps': 1e-06, 'rope_scaling': {'factor': 8, 'rope_type': 'linear'}, 'sep_token_id': None, 'use_bfloat16': False, '_name_or_path': '', 'architectures': None, 'bad_words_ids': None, 'output_scores': False, 'attention_bias': False, 'early_stopping': False, 'length_penalty': 1, 'sliding_window': 1024, 'tf_legacy_loss': False, 'finetuning_task': None, 'num_beam_groups': 1, 'suppress_tokens': None, 'tokenizer_class': None, 'attention_dropout': 0, 'diversity_penalty': 0, 'hidden_activation': 'gelu_pytorch_tanh', 'initializer_range': 0.02, 'intermediate_size': 10240, 'num_hidden_layers': 34, 'output_attentions': False, 'is_encoder_decoder': False, 'repetition_penalty': 1, 'add_cross_attention': False, 'forced_bos_token_id': None, 'forced_eos_token_id': None, 'num_attention_heads': 8, 'num_key_value_heads': 4, 'tie_encoder_decoder': False, 'tie_word_embeddings': True, 'cache_implementation': 'hybrid', 'no_repeat_ngram_size': 0, 'num_return_sequences': 1, 'output_hidden_states': False, 'rope_local_base_freq': 10000, 'task_specific_params': None, 'begin_suppress_tokens': None, 'query_pre_attn_scalar': 256, 'remove_invalid_values': False, 'attn_logit_softcapping': None, 'decoder_start_token_id': None, 'sliding_window_pattern': 6, 'chunk_size_feed_forward': 0, 'final_logit_softcapping': None, 'max_position_embeddings': 131072, 'return_dict_in_generate': False, 'cross_attention_hidden_size': None, '_attn_implementation_autoset': False, 'encoder_no_repeat_ngram_size': 0, 'exponential_decay_length_penalty': None}",float16,,False,1e-08,,False,"[1, 106]",,auto,,every_save,,,,False,0.0,5.0,0.01,['Gemma3ForConditionalGeneration'],,False,steps,False,2e-05,1.0,1.0,,False,steps,False,,,"{'top_k': 50, 'top_p': 1, 'prefix': None, 'id2label': {'0': 'LABEL_0', '1': 'LABEL_1'}, 'label2id': {'LABEL_0': 0, 'LABEL_1': 1}, 'do_sample': False, 'num_beams': 1, 'typical_p': 1, 'hidden_act': 'gelu_pytorch_tanh', 'image_size': 896, 'is_decoder': False, 'max_length': 20, 'min_length': 0, 'model_type': 'siglip_vision_model', 'patch_size': 14, 'hidden_size': 1152, 'return_dict': True, 'temperature': 1, 'torch_dtype': 'float16', 'torchscript': False, 'bos_token_id': None, 'eos_token_id': None, 'num_channels': 3, 'pad_token_id': None, 'problem_type': None, 'sep_token_id': None, 'use_bfloat16': False, '_name_or_path': '', 'architectures': None, 'bad_words_ids': None, 'output_scores': False, 'early_stopping': False, 'layer_norm_eps': 1e-06, 'length_penalty': 1, 'tf_legacy_loss': False, 'finetuning_task': None, 'num_beam_groups': 1, 'suppress_tokens': None, 'tokenizer_class': None, 'vision_use_head': False, 'attention_dropout': 0, 'diversity_penalty': 0, 'intermediate_size': 4304, 'num_hidden_layers': 27, 'output_attentions': False, 'is_encoder_decoder': False, 'repetition_penalty': 1, 'add_cross_attention': False, 'forced_bos_token_id': None, 'forced_eos_token_id': None, 'num_attention_heads': 16, 'tie_encoder_decoder': False, 'tie_word_embeddings': True, 'no_repeat_ngram_size': 0, 'num_return_sequences': 1, 'output_hidden_states': False, 'task_specific_params': None, 'begin_suppress_tokens': None, 'remove_invalid_values': False, 'decoder_start_token_id': None, 'chunk_size_feed_forward': 0, 'return_dict_in_generate': False, 'cross_attention_hidden_size': None, '_attn_implementation_autoset': False, 'encoder_no_repeat_ngram_size': 0, 'exponential_decay_length_penalty': None}",False,{'text_field': 'text'},False,False,O1,1.0,16384.0,False,False,255999.0,<CHARS_PER_TOKEN>,256000.0,,False,False,1.0,False,,,,,False,,False,True,steps,,3.0,True,,False,,0.0,False,262144.0,0.02,warning,linear,,False,<PUSH_TO_HUB_TOKEN>,False,False,"{'even_batches': True, 'non_blocking': False, 'split_batches': False, 'dispatch_batches': None, 'use_seedable_sampler': True, 'gradient_accumulation_kwargs': None}",False,,text,False,length,False,1.0,,,False,,,0.0,[],256.0,,True,False,True,False,False,5654483312.0,0.0,1.0,,False,False,False,,,4.51.2,,,True,,loss,False,False,,0.0,,True,False,False,auto,0.0,True,True,,0.0,,,False,,,,False,,,False,8.0,False,,4.0,1.0,0.0,False,False,,False,,,False,,,,,,,,,,,,,"{'default': {'r': 16, 'bias': 'none', 'revision': None, 'use_dora': False, 'lora_bias': False, 'peft_type': 'LORA', 'task_type': 'CAUSAL_LM', 'eva_config': None, 'lora_alpha': 32, 'use_rslora': False, 'auto_mapping': None, 'lora_dropout': 0.05, 'megatron_core': 'megatron.core', 'fan_in_fan_out': False, 'inference_mode': False, 'layers_pattern': None, 'runtime_config': {'ephemeral_gpu_offload': False}, 'target_modules': ['q_proj', 'k_proj', 'v_proj', 'o_proj'], 'exclude_modules': None, 'megatron_config': None, 'modules_to_save': ['lm_head', 'embed_tokens'], 'init_lora_weights': True, 'layer_replication': None, 'layers_to_transform': None, 'base_model_name_or_path': 'google/gemma-3-4b-it'}}","{'load_in_4bit': True, 'load_in_8bit': False, 'quant_method': 'BITS_AND_BYTES', '_load_in_4bit': True, '_load_in_8bit': False, 'llm_int8_threshold': 6, 'bnb_4bit_quant_type': 'nf4', 'llm_int8_skip_modules': None, 'bnb_4bit_compute_dtype': 'bfloat16', 'bnb_4bit_quant_storage': 'uint8', 'llm_int8_has_fp16_weight': False, 'bnb_4bit_use_double_quant': False, 'llm_int8_enable_fp32_cpu_offload': False}",,,,,,,,,,,,,,,,,,,,,,<PAD_TOKEN>,False,,,,,,,,,,,,,,,,,,,,,,,,,,,,,,,,,,,,,,,,,,,,,,,,,,,,
rodornelles-hertie-school,huggingface,2dw6wh8v,desert-frost-1,2024-11-25T15:43:55Z,finished,[],https://wandb.ai/rodornelles-hertie-school/huggingface/runs/2dw6wh8v,False,False,[],42.0,None,[],adamw_hf,50.0,1.0,,False,False,,,,False,"{'0': 'entailment', '1': 'not_entailment'}","{'entailment': 0, 'not_entailment': 1}",./results/BERT-nli-demo,False,False,None,None,False,<HUB_TOKEN>,passive,-1.0,1.0,last,"['tensorboard', 'wandb']",1.0,,0.9,0.999,False,0.0,None,False,0.0,20.0,0.0,deberta-v2,None,./results/BERT-nli-demo,-1.0,500.0,None,1800.0,"{'fsdp_min_num_params': 0, 'xla': False, 'xla_fsdp_grad_ckpt': False}",None,./logs/BERT-nli-demo,False,True,1.0,,float16,None,False,1e-08,,False,,,auto,None,every_save,0.0,,,False,0.25,0.0,0.1,['DebertaV2ForSequenceClassification'],,,,False,2e-05,500.0,1.0,,False,steps,False,None,,,False,,False,False,O1,1.0,,False,False,,,,,False,,1.0,,,,,,False,False,False,True,steps,,1.0,False,None,,None,0.0,None,,0.02,warning,linear,,False,<PUSH_TO_HUB_TOKEN>,False,False,,,,,False,length,False,1.0,None,,False,,,0.0,,,,True,False,True,False,False,,0.0,1.0,,False,False,False,None,,4.31.0,,,True,None,None,False,True,None,0.0,,,,False,auto,0.0,False,True,None,0.0,None,None,False,,None,None,,,None,False,80.0,False,,1.0,16.0,0.0,,,,,,None,,{'runtime': 600},,,no,281.570205369,1.0,1732549722.381454,1.0,123.0,,,,,,,,,gelu,,128100.0,768.0,,,,,,3072.0,12.0,12.0,,512.0,0.14977027475833893,180.6634,66.422,0.83,,,,,,,,,[],None,layer_norm,"['p2c', 'c2p']",True,1e-07,0.0,80.0,0.0,256.0,16.0,gelu,768.0,True,0.1,False,-1.0,0.1,0.9325,0.7510974961290701,0.6847798601090042,0.9325,0.65636368990443,0.9325,0.7510974961290701,0.9325,136631087992512.0,0.32074442917738505,220.5352,8.924,0.558,,,,,,,,,,,,,,,
rodornelles-hertie-school,huggingface,v9l901hx,./results/HF--gemma-3-12b-it_v1_2025-04-12_17-18-17,2025-04-12T17:29:26Z,crashed,[],https://wandb.ai/rodornelles-hertie-school/huggingface/runs/v9l901hx,,,,,,,,,,,,,,,,,,,,,,,,,,,,,,,,,,,,,,,,,,,,,,,,,,,,,,,,,,,,,,,,,,,,,,,,,,,,,,,,,,,,,,,,,,,,,,,,,,,,,,,,,,,,,,,,,,,,,,,,,,,,,,,,,,,,,,,,,,,,,,,,,,,,,,,,,,,,,,,,,,,,,,,,,,,,,,,,,,,,,,,,,,,,,,,,,,,,,,,,,,,,,,,,,,,,,,,,,,,,,,,,,,,,,,,,,,,,,,,,,,,,,,,,,,,,,,,,,,,,,,,,,,,,,,,,,,,,,,,,,,,,,,,,,,,,,,
rodornelles-hertie-school,master_thesis-open_source_models,iqz6vmdh,ft_unsloth_full_Llama-3.2-3B-Instruct_v1_2025-04-13_15-28-10,2025-04-13T15:39:51Z,finished,[],https://wandb.ai/rodornelles-hertie-school/master_thesis-open_source_models/runs/iqz6vmdh,True,False,[],3407.0,,[],adamw_8bit,50.0,1.0,,True,False,False,0.0,False,False,"{'0': 'LABEL_0', '1': 'LABEL_1'}","{'LABEL_0': 0, 'LABEL_1': 1}",ft_unsloth_full_Llama-3.2-3B-Instruct_v1_2025-04-13_15-28-10,False,False,,,False,<HUB_TOKEN>,passive,-1.0,1.0,last,['wandb'],1.0,False,0.9,0.999,False,0.0,1,False,0.0,20.0,0.0,llama,,outputs_ft_unsloth_full_Llama-3.2-3B-Instruct_v1_2025-04-13_15-28-10,-1.0,500.0,,1800.0,"{'xla': False, 'xla_fsdp_v2': False, 'min_num_params': 0, 'xla_fsdp_grad_ckpt': False}",,outputs_ft_unsloth_full_Llama-3.2-3B-Instruct_v1_2025-04-13_15-28-10/runs/Apr13_15-30-21_7783fa843c9d,False,True,1.0,,bfloat16,,False,1e-08,128000.0,False,128009,,auto,,every_save,128004.0,,,False,0.0,5.0,0.01,['LlamaForCausalLM'],,False,steps,False,0.0002,1.0,1.0,,False,steps,False,,True,,True,,False,False,O1,1.0,16384.0,False,False,,<CHARS_PER_TOKEN>,,,False,False,1.0,False,,,2025.3.19,1.0,False,,False,True,steps,,5.0,True,,False,,0.0,False,,0.02,warning,linear,,False,<PUSH_TO_HUB_TOKEN>,False,False,"{'even_batches': True, 'non_blocking': False, 'split_batches': False, 'dispatch_batches': None, 'use_seedable_sampler': True, 'gradient_accumulation_kwargs': None}",False,,text,False,length,False,1.0,,-1.0,False,,,0.0,[],,,True,False,True,False,False,3212749824.0,0.0,1.0,,False,False,False,,,4.51.2,,,True,,eval_loss,False,True,,0.0,,True,False,False,auto,0.0,True,True,,0.0,4,,False,,,,False,,,False,1.0,False,,4.0,1.0,0.0,False,False,,False,,,False,{'runtime': 205},,,,205.367206791,8.0,1744558451.8985658,0.08602150537634409,4.0,69.0,0.00012,1.4562,,,128.0,False,True,silu,500000.0,128256.0,3072.0,1e-05,"{'factor': 32, 'rope_type': 'llama3', 'low_freq_factor': 1, 'high_freq_factor': 4, 'original_max_position_embeddings': 8192}",False,1.0,0.0,8192.0,28.0,24.0,8.0,131072.0,3.2448763847351074,21.4984,1.814,1.814,,,1691214610231296.0,0.5756619311869144,202.87,4.584,1.134,,,,,,,,,,,,,,,,,,,,,,,,,,,,,,,,,,,,,,,,,,,,,,,
rodornelles-hertie-school,master_thesis-open_source_models,blxx7ahm,ft_unsloth__Llama-3.1-8B-Instruct_v1_2025-04-14_05-15-29,2025-04-14T05:24:53Z,failed,[],https://wandb.ai/rodornelles-hertie-school/master_thesis-open_source_models/runs/blxx7ahm,True,False,[],3407.0,,[],adamw_8bit,50.0,1.0,,True,False,False,0.0,False,False,"{'0': 'LABEL_0', '1': 'LABEL_1'}","{'LABEL_0': 0, 'LABEL_1': 1}",ft_unsloth__Llama-3.1-8B-Instruct_v1_2025-04-14_05-15-29,False,False,,,False,<HUB_TOKEN>,passive,-1.0,1.0,last,['wandb'],1.0,False,0.9,0.999,False,0.0,10,False,0.0,20.0,0.0,llama,,outputs_ft_unsloth__Llama-3.1-8B-Instruct_v1_2025-04-14_05-15-29,-1.0,10.0,,1800.0,"{'xla': False, 'xla_fsdp_v2': False, 'min_num_params': 0, 'xla_fsdp_grad_ckpt': False}",,outputs_ft_unsloth__Llama-3.1-8B-Instruct_v1_2025-04-14_05-15-29/runs/Apr14_05-15-43_7783fa843c9d,False,True,1.0,,bfloat16,,False,1e-08,128000.0,False,128009,,auto,,every_save,128004.0,,,False,0.0,5.0,0.01,['LlamaForCausalLM'],,False,steps,False,2e-05,1.0,1.0,,False,steps,False,,True,,True,,False,False,O1,1.0,18432.0,False,False,,<CHARS_PER_TOKEN>,,,False,False,1.0,False,,,2025.3.19,1.0,False,,False,True,steps,,10.0,True,3,False,,0.0,False,,0.02,warning,linear,,False,<PUSH_TO_HUB_TOKEN>,False,False,"{'even_batches': True, 'non_blocking': False, 'split_batches': False, 'dispatch_batches': None, 'use_seedable_sampler': True, 'gradient_accumulation_kwargs': None}",False,,text,False,length,False,1.0,,-1.0,False,,,0.0,[],,,True,False,False,False,False,8072204288.0,0.0,1.0,,False,False,False,,,4.51.2,,,True,,eval_loss,False,True,,0.0,,True,False,False,auto,0.0,True,True,,0.0,4,,False,,,,False,,,False,1.0,False,,4.0,1.0,0.0,False,False,,False,,,False,{'runtime': 4},,,,,,,,,,,,"{'default': {'r': 16, 'bias': 'none', 'revision': None, 'use_dora': False, 'lora_bias': False, 'peft_type': 'LORA', 'task_type': 'CAUSAL_LM', 'eva_config': None, 'lora_alpha': 16, 'use_rslora': False, 'auto_mapping': None, 'corda_config': None, 'lora_dropout': 0, 'megatron_core': 'megatron.core', 'fan_in_fan_out': False, 'inference_mode': False, 'layers_pattern': None, 'runtime_config': {'ephemeral_gpu_offload': False}, 'target_modules': ['down_proj', 'gate_proj', 'k_proj', 'up_proj', 'v_proj', 'q_proj', 'o_proj'], 'exclude_modules': None, 'megatron_config': None, 'modules_to_save': None, 'init_lora_weights': True, 'layer_replication': None, 'layers_to_transform': None, 'base_model_name_or_path': 'unsloth/llama-3.1-8b-instruct-unsloth-bnb-4bit', 'trainable_token_indices': None}}","{'load_in_4bit': True, 'load_in_8bit': False, 'quant_method': 'bitsandbytes', 'llm_int8_threshold': 6, 'bnb_4bit_quant_type': 'nf4', 'llm_int8_skip_modules': None, 'bnb_4bit_compute_dtype': 'bfloat16', 'llm_int8_has_fp16_weight': False, 'bnb_4bit_use_double_quant': True, 'llm_int8_enable_fp32_cpu_offload': False}",128.0,False,True,silu,500000.0,128256.0,4096.0,1e-05,"{'factor': 8, 'rope_type': 'llama3', 'low_freq_factor': 1, 'high_freq_factor': 4, 'original_max_position_embeddings': 8192}",False,1.0,0.0,14336.0,32.0,32.0,8.0,131072.0,,,,,,,,,,,,,,,,,,,,,,,,,,,,,,,,,,,,,,,,,,,,,,,,,,,,,,,,,,
rodornelles-hertie-school,master_thesis-open_source_models,2nhjsdw6,ft_unsloth__Llama-3.1-8B-Instruct_v1_2025-04-13_21-19-01,2025-04-13T21:28:30Z,failed,[],https://wandb.ai/rodornelles-hertie-school/master_thesis-open_source_models/runs/2nhjsdw6,True,False,[],3407.0,,[],adamw_8bit,50.0,1.0,,True,False,False,0.0,False,False,"{'0': 'LABEL_0', '1': 'LABEL_1'}","{'LABEL_0': 0, 'LABEL_1': 1}",ft_unsloth__Llama-3.1-8B-Instruct_v1_2025-04-13_21-19-01,False,False,,,False,<HUB_TOKEN>,passive,-1.0,1.0,last,['wandb'],1.0,False,0.9,0.999,False,0.0,10,False,0.0,20.0,0.0,llama,,outputs_ft_unsloth__Llama-3.1-8B-Instruct_v1_2025-04-13_21-19-01,-1.0,10.0,,1800.0,"{'xla': False, 'xla_fsdp_v2': False, 'min_num_params': 0, 'xla_fsdp_grad_ckpt': False}",,outputs_ft_unsloth__Llama-3.1-8B-Instruct_v1_2025-04-13_21-19-01/runs/Apr13_21-19-22_7783fa843c9d,False,True,1.0,,bfloat16,,False,1e-08,128000.0,False,128009,,auto,,every_save,128004.0,,,False,0.0,5.0,0.01,['LlamaForCausalLM'],,False,steps,False,2e-05,1.0,1.0,,False,steps,False,,True,,True,,False,False,O1,1.0,18432.0,False,False,,<CHARS_PER_TOKEN>,,,False,False,1.0,False,,,2025.3.19,1.0,False,,False,True,steps,,10.0,True,3,False,,0.0,False,,0.02,warning,linear,,False,<PUSH_TO_HUB_TOKEN>,False,False,"{'even_batches': True, 'non_blocking': False, 'split_batches': False, 'dispatch_batches': None, 'use_seedable_sampler': True, 'gradient_accumulation_kwargs': None}",False,,text,False,length,False,1.0,,-1.0,False,,,0.0,[],,,True,False,False,False,False,8072204288.0,0.0,1.0,,False,False,False,,,4.51.2,,,True,,eval_loss,False,True,,0.0,,True,False,False,auto,0.0,True,True,,0.0,4,,False,,,,False,,,False,1.0,False,,4.0,1.0,0.0,False,False,,False,,,False,{'runtime': 6},,,,,,,,,,,,"{'default': {'r': 16, 'bias': 'none', 'revision': None, 'use_dora': False, 'lora_bias': False, 'peft_type': 'LORA', 'task_type': 'CAUSAL_LM', 'eva_config': None, 'lora_alpha': 16, 'use_rslora': False, 'auto_mapping': None, 'corda_config': None, 'lora_dropout': 0, 'megatron_core': 'megatron.core', 'fan_in_fan_out': False, 'inference_mode': False, 'layers_pattern': None, 'runtime_config': {'ephemeral_gpu_offload': False}, 'target_modules': ['k_proj', 'up_proj', 'o_proj', 'gate_proj', 'down_proj', 'q_proj', 'v_proj'], 'exclude_modules': None, 'megatron_config': None, 'modules_to_save': None, 'init_lora_weights': True, 'layer_replication': None, 'layers_to_transform': None, 'base_model_name_or_path': 'unsloth/llama-3.1-8b-instruct-unsloth-bnb-4bit', 'trainable_token_indices': None}}","{'load_in_4bit': True, 'load_in_8bit': False, 'quant_method': 'bitsandbytes', 'llm_int8_threshold': 6, 'bnb_4bit_quant_type': 'nf4', 'llm_int8_skip_modules': None, 'bnb_4bit_compute_dtype': 'bfloat16', 'llm_int8_has_fp16_weight': False, 'bnb_4bit_use_double_quant': True, 'llm_int8_enable_fp32_cpu_offload': False}",128.0,False,True,silu,500000.0,128256.0,4096.0,1e-05,"{'factor': 8, 'rope_type': 'llama3', 'low_freq_factor': 1, 'high_freq_factor': 4, 'original_max_position_embeddings': 8192}",False,1.0,0.0,14336.0,32.0,32.0,8.0,131072.0,,,,,,,,,,,,,,,,,,,,,,,,,,,,,,,,,,,,,,,,,,,,,,,,,,,,,,,,,,
rodornelles-hertie-school,master_thesis-open_source_models,4akprg0u,ft_unsloth__gemma-3-12b-it_v1_2025-04-14_07-01-55,2025-04-14T07:12:11Z,killed,[],https://wandb.ai/rodornelles-hertie-school/master_thesis-open_source_models/runs/4akprg0u,True,False,[],3407.0,,[],adamw_8bit,50.0,1.0,,True,False,False,0.0,False,False,"{'0': 'LABEL_0', '1': 'LABEL_1'}","{'LABEL_0': 0, 'LABEL_1': 1}",ft_unsloth__gemma-3-12b-it_v1_2025-04-14_07-01-55,False,False,3407,,False,<HUB_TOKEN>,passive,-1.0,1.0,last,['wandb'],1.0,False,0.9,0.999,False,0.0,10,False,0.0,20.0,0.0,gemma3,,outputs_ft_unsloth__gemma-3-12b-it_v1_2025-04-14_07-01-55,-1.0,10.0,,1800.0,"{'xla': False, 'xla_fsdp_v2': False, 'min_num_params': 0, 'xla_fsdp_grad_ckpt': False}",,outputs_ft_unsloth__gemma-3-12b-it_v1_2025-04-14_07-01-55/runs/Apr14_07-02-41_7783fa843c9d,False,True,1.0,"{'top_k': 50, 'top_p': 1, 'prefix': None, 'head_dim': 256, 'id2label': {'0': 'LABEL_0', '1': 'LABEL_1'}, 'label2id': {'LABEL_0': 0, 'LABEL_1': 1}, 'do_sample': False, 'num_beams': 1, 'typical_p': 1, 'use_cache': True, 'is_decoder': False, 'max_length': 20, 'min_length': 0, 'model_type': 'gemma3_text', 'rope_theta': 1000000.0, 'vocab_size': 262208, 'hidden_size': 3840, 'return_dict': True, 'temperature': 1, 'torch_dtype': 'bfloat16', 'torchscript': False, 'bos_token_id': 2, 'eos_token_id': 1, 'pad_token_id': 0, 'problem_type': None, 'rms_norm_eps': 1e-06, 'rope_scaling': {'factor': 8, 'rope_type': 'linear'}, 'sep_token_id': None, 'use_bfloat16': False, '_name_or_path': '', 'architectures': None, 'bad_words_ids': None, 'output_scores': False, 'attention_bias': False, 'early_stopping': False, 'length_penalty': 1, 'sliding_window': 1024, 'tf_legacy_loss': False, 'finetuning_task': None, 'num_beam_groups': 1, 'suppress_tokens': None, 'tokenizer_class': None, 'attention_dropout': 0, 'diversity_penalty': 0, 'hidden_activation': 'gelu_pytorch_tanh', 'initializer_range': 0.02, 'intermediate_size': 15360, 'num_hidden_layers': 48, 'output_attentions': False, 'is_encoder_decoder': False, 'repetition_penalty': 1, 'add_cross_attention': False, 'forced_bos_token_id': None, 'forced_eos_token_id': None, 'num_attention_heads': 16, 'num_key_value_heads': 8, 'tie_encoder_decoder': False, 'tie_word_embeddings': True, 'cache_implementation': 'hybrid', 'no_repeat_ngram_size': 0, 'num_return_sequences': 1, 'output_hidden_states': False, 'rope_local_base_freq': 10000, 'task_specific_params': None, 'begin_suppress_tokens': None, 'query_pre_attn_scalar': 256, 'remove_invalid_values': False, 'attn_logit_softcapping': None, 'decoder_start_token_id': None, 'sliding_window_pattern': 6, 'chunk_size_feed_forward': 0, 'final_logit_softcapping': None, 'max_position_embeddings': 131072, 'return_dict_in_generate': False, 'cross_attention_hidden_size': None, '_attn_implementation_autoset': False, 'encoder_no_repeat_ngram_size': 0, 'exponential_decay_length_penalty': None}",bfloat16,,False,1e-08,2.0,False,106,,auto,,every_save,0.0,,,False,0.1,5.0,0.01,['Gemma3ForConditionalGeneration'],,False,steps,False,2e-05,1.0,1.0,,False,steps,False,,True,"{'top_k': 50, 'top_p': 1, 'prefix': None, 'id2label': {'0': 'LABEL_0', '1': 'LABEL_1'}, 'label2id': {'LABEL_0': 0, 'LABEL_1': 1}, 'do_sample': False, 'num_beams': 1, 'typical_p': 1, 'hidden_act': 'gelu_pytorch_tanh', 'image_size': 896, 'is_decoder': False, 'max_length': 20, 'min_length': 0, 'model_type': 'siglip_vision_model', 'patch_size': 14, 'hidden_size': 1152, 'return_dict': True, 'temperature': 1, 'torch_dtype': 'bfloat16', 'torchscript': False, 'bos_token_id': None, 'eos_token_id': None, 'num_channels': 3, 'pad_token_id': None, 'problem_type': None, 'sep_token_id': None, 'use_bfloat16': False, '_name_or_path': '', 'architectures': None, 'bad_words_ids': None, 'output_scores': False, 'early_stopping': False, 'layer_norm_eps': 1e-06, 'length_penalty': 1, 'tf_legacy_loss': False, 'finetuning_task': None, 'num_beam_groups': 1, 'suppress_tokens': None, 'tokenizer_class': None, 'vision_use_head': False, 'attention_dropout': 0, 'diversity_penalty': 0, 'intermediate_size': 4304, 'num_hidden_layers': 27, 'output_attentions': False, 'is_encoder_decoder': False, 'repetition_penalty': 1, 'add_cross_attention': False, 'forced_bos_token_id': None, 'forced_eos_token_id': None, 'num_attention_heads': 16, 'tie_encoder_decoder': False, 'tie_word_embeddings': True, 'no_repeat_ngram_size': 0, 'num_return_sequences': 1, 'output_hidden_states': False, 'task_specific_params': None, 'begin_suppress_tokens': None, 'remove_invalid_values': False, 'decoder_start_token_id': None, 'chunk_size_feed_forward': 0, 'return_dict_in_generate': False, 'cross_attention_hidden_size': None, '_attn_implementation_autoset': False, 'encoder_no_repeat_ngram_size': 0, 'exponential_decay_length_penalty': None}",True,,False,False,O1,1.0,18432.0,False,False,255999.0,<CHARS_PER_TOKEN>,256000.0,,False,False,1.0,False,,,2025.3.19,1.0,False,,False,True,steps,,10.0,True,3,False,,0.0,False,262144.0,0.02,warning,linear,,False,<PUSH_TO_HUB_TOKEN>,False,False,"{'even_batches': True, 'non_blocking': False, 'split_batches': False, 'dispatch_batches': None, 'use_seedable_sampler': True, 'gradient_accumulation_kwargs': None}",False,,text,False,length,False,1.0,,-1.0,False,,,0.0,[],256.0,,True,False,True,False,False,12255781488.0,0.0,1.0,,False,,False,,,4.51.2,,,True,,eval_loss,False,True,,0.0,,True,False,False,auto,0.0,True,False,,0.0,2,,False,250.0,,,False,,,False,1.0,False,,4.0,1.0,0.0,False,False,,False,,,False,{'runtime': 254},,,,,,,,,,,,"{'default': {'r': 16, 'bias': 'none', 'revision': None, 'use_dora': False, 'lora_bias': False, 'peft_type': 'LORA', 'task_type': 'CAUSAL_LM', 'eva_config': None, 'lora_alpha': 16, 'use_rslora': False, 'auto_mapping': None, 'corda_config': None, 'lora_dropout': 0, 'megatron_core': 'megatron.core', 'fan_in_fan_out': False, 'inference_mode': False, 'layers_pattern': None, 'runtime_config': {'ephemeral_gpu_offload': False}, 'target_modules': ['gate_proj', 'v_proj', 'q_proj', 'down_proj', 'k_proj', 'up_proj', 'o_proj'], 'exclude_modules': None, 'megatron_config': None, 'modules_to_save': None, 'init_lora_weights': True, 'layer_replication': None, 'layers_to_transform': None, 'base_model_name_or_path': 'unsloth/gemma-3-12b-it-unsloth-bnb-4bit', 'trainable_token_indices': None}}","{'load_in_4bit': True, 'load_in_8bit': False, 'quant_method': 'bitsandbytes', 'llm_int8_threshold': 6, 'bnb_4bit_quant_type': 'nf4', 'llm_int8_skip_modules': None, 'bnb_4bit_compute_dtype': 'bfloat16', 'llm_int8_has_fp16_weight': False, 'bnb_4bit_use_double_quant': True, 'llm_int8_enable_fp32_cpu_offload': False}",,,,,,,,,,,,,,,,,,,,,,,,,,,,,,,,,,,,,,,,,,,,,,,,,,,,,,,,,,,,,,,,,,,,,,,,,,,
rodornelles-hertie-school,master_thesis-open_source_models,9xwluuhj,ft_unsloth__Llama-3.2-3B-Instruct_v1_2025-04-13_17-41-44,2025-04-13T17:51:12Z,crashed,[],https://wandb.ai/rodornelles-hertie-school/master_thesis-open_source_models/runs/9xwluuhj,True,False,[],3407.0,,[],adamw_8bit,50.0,1.0,,True,False,False,0.0,False,False,"{'0': 'LABEL_0', '1': 'LABEL_1'}","{'LABEL_0': 0, 'LABEL_1': 1}",ft_unsloth__Llama-3.2-3B-Instruct_v1_2025-04-13_17-41-44,False,False,,,False,<HUB_TOKEN>,passive,-1.0,1.0,last,['wandb'],1.0,False,0.9,0.999,False,0.0,1,False,0.0,20.0,0.0,llama,,outputs_ft_unsloth__Llama-3.2-3B-Instruct_v1_2025-04-13_17-41-44,-1.0,10.0,,1800.0,"{'xla': False, 'xla_fsdp_v2': False, 'min_num_params': 0, 'xla_fsdp_grad_ckpt': False}",,outputs_ft_unsloth__Llama-3.2-3B-Instruct_v1_2025-04-13_17-41-44/runs/Apr13_17-42-02_7783fa843c9d,False,True,1.0,,bfloat16,,False,1e-08,128000.0,False,128009,,auto,,every_save,128004.0,,,False,0.0,5.0,0.01,['LlamaForCausalLM'],,False,steps,False,2e-05,1.0,1.0,,False,steps,False,,True,,True,,False,False,O1,1.0,16384.0,False,False,,<CHARS_PER_TOKEN>,,,False,False,1.0,False,,,2025.3.19,2.0,False,,False,True,steps,,10.0,True,3,False,,0.0,False,,0.02,warning,linear,,False,<PUSH_TO_HUB_TOKEN>,False,False,"{'even_batches': True, 'non_blocking': False, 'split_batches': False, 'dispatch_batches': None, 'use_seedable_sampler': True, 'gradient_accumulation_kwargs': None}",False,,text,False,length,False,1.0,,-1.0,False,,,0.0,[],,,True,False,True,False,False,3237063680.0,0.0,1.0,,False,False,False,,,4.51.2,,,True,,eval_loss,False,True,,0.0,,True,False,False,auto,0.0,True,True,,0.0,4,,False,,,,False,,,False,1.0,False,,4.0,1.0,0.0,False,False,,False,,,False,{'runtime': 16},,,,,,,,,,,,"{'default': {'r': 16, 'bias': 'none', 'revision': None, 'use_dora': False, 'lora_bias': False, 'peft_type': 'LORA', 'task_type': 'CAUSAL_LM', 'eva_config': None, 'lora_alpha': 16, 'use_rslora': False, 'auto_mapping': None, 'lora_dropout': 0, 'megatron_core': 'megatron.core', 'fan_in_fan_out': False, 'inference_mode': False, 'layers_pattern': None, 'runtime_config': {'ephemeral_gpu_offload': False}, 'target_modules': ['q_proj', 'down_proj', 'up_proj', 'k_proj', 'gate_proj', 'o_proj', 'v_proj'], 'exclude_modules': None, 'megatron_config': None, 'modules_to_save': None, 'init_lora_weights': True, 'layer_replication': None, 'layers_to_transform': None, 'base_model_name_or_path': 'unsloth/llama-3.2-3b-instruct-unsloth-bnb-4bit'}}","{'load_in_4bit': True, 'load_in_8bit': False, 'quant_method': 'bitsandbytes', 'llm_int8_threshold': 6, 'bnb_4bit_quant_type': 'nf4', 'llm_int8_skip_modules': None, 'bnb_4bit_compute_dtype': 'bfloat16', 'llm_int8_has_fp16_weight': False, 'bnb_4bit_use_double_quant': True, 'llm_int8_enable_fp32_cpu_offload': False}",128.0,False,True,silu,500000.0,128256.0,3072.0,1e-05,"{'factor': 32, 'rope_type': 'llama3', 'low_freq_factor': 1, 'high_freq_factor': 4, 'original_max_position_embeddings': 8192}",False,1.0,0.0,8192.0,28.0,24.0,8.0,131072.0,,,,,,,,,,,,,,,,,,,,,,,,,,,,,,,,,,,,,,,,,,,,,,,,,,,,,,,,,,
rodornelles-hertie-school,master_thesis-open_source_models,u029l5ha,ft_unsloth__Llama-3.2-3B-Instruct_v1_2025-04-13_16-22-03,2025-04-13T16:31:27Z,crashed,[],https://wandb.ai/rodornelles-hertie-school/master_thesis-open_source_models/runs/u029l5ha,True,False,[],3407.0,,[],adamw_8bit,50.0,1.0,,True,False,False,0.0,False,False,"{'0': 'LABEL_0', '1': 'LABEL_1'}","{'LABEL_0': 0, 'LABEL_1': 1}",ft_unsloth__Llama-3.2-3B-Instruct_v1_2025-04-13_16-22-03,False,False,,,False,<HUB_TOKEN>,passive,-1.0,1.0,last,['wandb'],1.0,False,0.9,0.999,False,0.0,5,False,0.0,20.0,0.0,llama,,outputs_ft_unsloth__Llama-3.2-3B-Instruct_v1_2025-04-13_16-22-03,-1.0,10.0,,1800.0,"{'xla': False, 'xla_fsdp_v2': False, 'min_num_params': 0, 'xla_fsdp_grad_ckpt': False}",,outputs_ft_unsloth__Llama-3.2-3B-Instruct_v1_2025-04-13_16-22-03/runs/Apr13_16-22-20_7783fa843c9d,False,True,1.0,,bfloat16,,False,1e-08,128000.0,False,128009,,auto,,every_save,128004.0,,,False,0.0,5.0,0.01,['LlamaForCausalLM'],,False,steps,False,2e-05,1.0,1.0,,False,steps,False,,True,,True,,False,False,O1,1.0,16384.0,False,False,,<CHARS_PER_TOKEN>,,,False,False,1.0,False,,,2025.3.19,1.0,False,,False,True,steps,,10.0,True,3,False,,0.0,False,,0.02,warning,linear,,False,<PUSH_TO_HUB_TOKEN>,False,False,"{'even_batches': True, 'non_blocking': False, 'split_batches': False, 'dispatch_batches': None, 'use_seedable_sampler': True, 'gradient_accumulation_kwargs': None}",False,,text,False,length,False,1.0,,-1.0,False,,,0.0,[],,,True,False,True,False,False,3237063680.0,0.0,1.0,,False,False,False,,,4.51.2,,,True,,eval_loss,False,True,,0.0,,True,False,False,auto,0.0,True,True,,0.0,4,,False,,,,False,,,False,1.0,False,,4.0,1.0,0.0,False,False,,False,,,False,{'runtime': 44},,,,44.038148793,4.0,1744561386.8767598,0.10752688172043012,5.0,0.2904885411262512,1.6000000000000003e-05,0.2231,"{'default': {'r': 16, 'bias': 'none', 'revision': None, 'use_dora': False, 'lora_bias': False, 'peft_type': 'LORA', 'task_type': 'CAUSAL_LM', 'eva_config': None, 'lora_alpha': 16, 'use_rslora': False, 'auto_mapping': None, 'corda_config': None, 'lora_dropout': 0, 'megatron_core': 'megatron.core', 'fan_in_fan_out': False, 'inference_mode': False, 'layers_pattern': None, 'runtime_config': {'ephemeral_gpu_offload': False}, 'target_modules': ['gate_proj', 'q_proj', 'o_proj', 'k_proj', 'v_proj', 'up_proj', 'down_proj'], 'exclude_modules': None, 'megatron_config': None, 'modules_to_save': None, 'init_lora_weights': True, 'layer_replication': None, 'layers_to_transform': None, 'base_model_name_or_path': 'unsloth/llama-3.2-3b-instruct-unsloth-bnb-4bit', 'trainable_token_indices': None}}","{'load_in_4bit': True, 'load_in_8bit': False, 'quant_method': 'bitsandbytes', 'llm_int8_threshold': 6, 'bnb_4bit_quant_type': 'nf4', 'llm_int8_skip_modules': None, 'bnb_4bit_compute_dtype': 'bfloat16', 'llm_int8_has_fp16_weight': False, 'bnb_4bit_use_double_quant': True, 'llm_int8_enable_fp32_cpu_offload': False}",128.0,False,True,silu,500000.0,128256.0,3072.0,1e-05,"{'factor': 32, 'rope_type': 'llama3', 'low_freq_factor': 1, 'high_freq_factor': 4, 'original_max_position_embeddings': 8192}",False,1.0,0.0,8192.0,28.0,24.0,8.0,131072.0,,,,,,,,,,,,,,,,,,,,,,,,,,,,,,,,,,,,,,,,,,,,,,,,,,,,,,,,,,
rodornelles-hertie-school,master_thesis-open_source_models,vr0mxnlz,ft_unsloth__gemma-3-12b-it_v1_2025-04-14_06-42-35,2025-04-14T06:56:51Z,failed,[],https://wandb.ai/rodornelles-hertie-school/master_thesis-open_source_models/runs/vr0mxnlz,True,False,[],3407.0,,[],adamw_8bit,50.0,1.0,,True,False,False,0.0,False,False,"{'0': 'LABEL_0', '1': 'LABEL_1'}","{'LABEL_0': 0, 'LABEL_1': 1}",ft_unsloth__gemma-3-12b-it_v1_2025-04-14_06-42-35,False,False,3407,,False,<HUB_TOKEN>,passive,-1.0,1.0,last,['wandb'],1.0,False,0.9,0.999,False,0.0,10,False,0.0,20.0,0.0,gemma3,,outputs_ft_unsloth__gemma-3-12b-it_v1_2025-04-14_06-42-35,-1.0,10.0,,1800.0,"{'xla': False, 'xla_fsdp_v2': False, 'min_num_params': 0, 'xla_fsdp_grad_ckpt': False}",,outputs_ft_unsloth__gemma-3-12b-it_v1_2025-04-14_06-42-35/runs/Apr14_06-47-22_7783fa843c9d,False,True,1.0,"{'top_k': 50, 'top_p': 1, 'prefix': None, 'head_dim': 256, 'id2label': {'0': 'LABEL_0', '1': 'LABEL_1'}, 'label2id': {'LABEL_0': 0, 'LABEL_1': 1}, 'do_sample': False, 'num_beams': 1, 'typical_p': 1, 'use_cache': True, 'is_decoder': False, 'max_length': 20, 'min_length': 0, 'model_type': 'gemma3_text', 'rope_theta': 1000000.0, 'vocab_size': 262208, 'hidden_size': 3840, 'return_dict': True, 'temperature': 1, 'torch_dtype': 'bfloat16', 'torchscript': False, 'bos_token_id': 2, 'eos_token_id': 1, 'pad_token_id': 0, 'problem_type': None, 'rms_norm_eps': 1e-06, 'rope_scaling': {'factor': 8, 'rope_type': 'linear'}, 'sep_token_id': None, 'use_bfloat16': False, '_name_or_path': '', 'architectures': None, 'bad_words_ids': None, 'output_scores': False, 'attention_bias': False, 'early_stopping': False, 'length_penalty': 1, 'sliding_window': 1024, 'tf_legacy_loss': False, 'finetuning_task': None, 'num_beam_groups': 1, 'suppress_tokens': None, 'tokenizer_class': None, 'attention_dropout': 0, 'diversity_penalty': 0, 'hidden_activation': 'gelu_pytorch_tanh', 'initializer_range': 0.02, 'intermediate_size': 15360, 'num_hidden_layers': 48, 'output_attentions': False, 'is_encoder_decoder': False, 'repetition_penalty': 1, 'add_cross_attention': False, 'forced_bos_token_id': None, 'forced_eos_token_id': None, 'num_attention_heads': 16, 'num_key_value_heads': 8, 'tie_encoder_decoder': False, 'tie_word_embeddings': True, 'cache_implementation': 'hybrid', 'no_repeat_ngram_size': 0, 'num_return_sequences': 1, 'output_hidden_states': False, 'rope_local_base_freq': 10000, 'task_specific_params': None, 'begin_suppress_tokens': None, 'query_pre_attn_scalar': 256, 'remove_invalid_values': False, 'attn_logit_softcapping': None, 'decoder_start_token_id': None, 'sliding_window_pattern': 6, 'chunk_size_feed_forward': 0, 'final_logit_softcapping': None, 'max_position_embeddings': 131072, 'return_dict_in_generate': False, 'cross_attention_hidden_size': None, '_attn_implementation_autoset': False, 'encoder_no_repeat_ngram_size': 0, 'exponential_decay_length_penalty': None}",bfloat16,,False,1e-08,2.0,False,106,,auto,,every_save,0.0,,,False,0.1,5.0,0.01,['Gemma3ForConditionalGeneration'],,False,steps,False,2e-05,1.0,1.0,,False,steps,False,,True,"{'top_k': 50, 'top_p': 1, 'prefix': None, 'id2label': {'0': 'LABEL_0', '1': 'LABEL_1'}, 'label2id': {'LABEL_0': 0, 'LABEL_1': 1}, 'do_sample': False, 'num_beams': 1, 'typical_p': 1, 'hidden_act': 'gelu_pytorch_tanh', 'image_size': 896, 'is_decoder': False, 'max_length': 20, 'min_length': 0, 'model_type': 'siglip_vision_model', 'patch_size': 14, 'hidden_size': 1152, 'return_dict': True, 'temperature': 1, 'torch_dtype': 'bfloat16', 'torchscript': False, 'bos_token_id': None, 'eos_token_id': None, 'num_channels': 3, 'pad_token_id': None, 'problem_type': None, 'sep_token_id': None, 'use_bfloat16': False, '_name_or_path': '', 'architectures': None, 'bad_words_ids': None, 'output_scores': False, 'early_stopping': False, 'layer_norm_eps': 1e-06, 'length_penalty': 1, 'tf_legacy_loss': False, 'finetuning_task': None, 'num_beam_groups': 1, 'suppress_tokens': None, 'tokenizer_class': None, 'vision_use_head': False, 'attention_dropout': 0, 'diversity_penalty': 0, 'intermediate_size': 4304, 'num_hidden_layers': 27, 'output_attentions': False, 'is_encoder_decoder': False, 'repetition_penalty': 1, 'add_cross_attention': False, 'forced_bos_token_id': None, 'forced_eos_token_id': None, 'num_attention_heads': 16, 'tie_encoder_decoder': False, 'tie_word_embeddings': True, 'no_repeat_ngram_size': 0, 'num_return_sequences': 1, 'output_hidden_states': False, 'task_specific_params': None, 'begin_suppress_tokens': None, 'remove_invalid_values': False, 'decoder_start_token_id': None, 'chunk_size_feed_forward': 0, 'return_dict_in_generate': False, 'cross_attention_hidden_size': None, '_attn_implementation_autoset': False, 'encoder_no_repeat_ngram_size': 0, 'exponential_decay_length_penalty': None}",True,,False,False,O1,1.0,18432.0,False,False,255999.0,<CHARS_PER_TOKEN>,256000.0,,False,False,1.0,False,,,2025.3.19,1.0,False,,False,True,steps,,10.0,True,3,False,,0.0,False,262144.0,0.02,warning,linear,,False,<PUSH_TO_HUB_TOKEN>,False,False,"{'even_batches': True, 'non_blocking': False, 'split_batches': False, 'dispatch_batches': None, 'use_seedable_sampler': True, 'gradient_accumulation_kwargs': None}",False,,text,False,length,False,1.0,,-1.0,False,,,0.0,[],256.0,,True,False,True,False,False,12255781488.0,0.0,1.0,,False,,False,,,4.51.2,,,True,,eval_loss,False,True,,0.0,,True,False,False,auto,0.0,True,False,,0.0,2,,False,250.0,,,False,,,False,1.0,False,,8.0,1.0,0.0,False,False,,False,,,False,{'runtime': 741},,,,594.944907405,1.0,1744613858.6877606,0.08602150537634409,2.0,0.6608962416648865,4.000000000000001e-06,0.2694,"{'default': {'r': 16, 'bias': 'none', 'revision': None, 'use_dora': False, 'lora_bias': False, 'peft_type': 'LORA', 'task_type': 'CAUSAL_LM', 'eva_config': None, 'lora_alpha': 16, 'use_rslora': False, 'auto_mapping': None, 'corda_config': None, 'lora_dropout': 0, 'megatron_core': 'megatron.core', 'fan_in_fan_out': False, 'inference_mode': False, 'layers_pattern': None, 'runtime_config': {'ephemeral_gpu_offload': False}, 'target_modules': ['up_proj', 'v_proj', 'gate_proj', 'o_proj', 'k_proj', 'down_proj', 'q_proj'], 'exclude_modules': None, 'megatron_config': None, 'modules_to_save': None, 'init_lora_weights': True, 'layer_replication': None, 'layers_to_transform': None, 'base_model_name_or_path': 'unsloth/gemma-3-12b-it-unsloth-bnb-4bit', 'trainable_token_indices': None}}","{'load_in_4bit': True, 'load_in_8bit': False, 'quant_method': 'bitsandbytes', 'llm_int8_threshold': 6, 'bnb_4bit_quant_type': 'nf4', 'llm_int8_skip_modules': None, 'bnb_4bit_compute_dtype': 'bfloat16', 'llm_int8_has_fp16_weight': False, 'bnb_4bit_use_double_quant': True, 'llm_int8_enable_fp32_cpu_offload': False}",,,,,,,,,,,,,,,,,,,,,,,,,,,,,,,,,,,,,,,,,,,,,,,,,,,,,,,,,,,,,,,,,,,,,,,,,,,
rodornelles-hertie-school,master_thesis-open_source_models,qdwqanw9,ft_unsloth_full_finetunning_Llama-3.2-3B-Instruct_v1_2025-04-13_19-28-22,2025-04-13T19:37:42Z,finished,[],https://wandb.ai/rodornelles-hertie-school/master_thesis-open_source_models/runs/qdwqanw9,True,False,[],3407.0,,[],adamw_8bit,50.0,1.0,,True,False,False,0.0,False,False,"{'0': 'LABEL_0', '1': 'LABEL_1'}","{'LABEL_0': 0, 'LABEL_1': 1}",ft_unsloth_full_finetunning_Llama-3.2-3B-Instruct_v1_2025-04-13_19-28-22,False,False,,,False,<HUB_TOKEN>,passive,-1.0,1.0,last,['wandb'],1.0,False,0.9,0.999,False,0.0,10,False,0.0,20.0,0.0,llama,,outputs_ft_unsloth_full_finetunning_Llama-3.2-3B-Instruct_v1_2025-04-13_19-28-22,-1.0,10.0,,1800.0,"{'xla': False, 'xla_fsdp_v2': False, 'min_num_params': 0, 'xla_fsdp_grad_ckpt': False}",,outputs_ft_unsloth_full_finetunning_Llama-3.2-3B-Instruct_v1_2025-04-13_19-28-22/runs/Apr13_19-28-32_7783fa843c9d,False,True,1.0,,bfloat16,,False,1e-08,128000.0,False,128009,,auto,,every_save,128004.0,,,False,0.0,5.0,0.01,['LlamaForCausalLM'],,False,steps,False,2e-05,1.0,1.0,,False,steps,False,,True,,True,,False,False,O1,1.0,18432.0,False,False,,<CHARS_PER_TOKEN>,,,False,False,1.0,False,,,2025.3.19,1.0,False,,False,True,steps,,10.0,True,3,False,,0.0,False,,0.02,warning,linear,,False,<PUSH_TO_HUB_TOKEN>,False,False,"{'even_batches': True, 'non_blocking': False, 'split_batches': False, 'dispatch_batches': None, 'use_seedable_sampler': True, 'gradient_accumulation_kwargs': None}",False,,text,False,length,False,1.0,,-1.0,False,,,0.0,[],,,True,False,True,False,False,3212749824.0,0.0,1.0,,False,False,False,,,4.51.2,,,True,,eval_loss,False,True,,0.0,,True,False,False,auto,0.0,True,True,,0.0,4,,False,,,,False,,,False,1.0,False,,4.0,1.0,0.0,False,False,,False,,,False,{'runtime': 1606},,,,1606.942918976,165.0,1744574122.6483834,3.193548387096774,150.0,0.99609375,1.3670329670329672e-05,0.0278,,,128.0,False,True,silu,500000.0,128256.0,3072.0,1e-05,"{'factor': 32, 'rope_type': 'llama3', 'low_freq_factor': 1, 'high_freq_factor': 4, 'original_max_position_embeddings': 8192}",False,1.0,0.0,8192.0,28.0,24.0,8.0,131072.0,0.03882725536823273,15.0554,2.192,2.192,,,7.015780515013632e+16,0.03041409684655567,1603.5844,1.16,0.287,,,,,,,,,,,,,,,,,,,,,,,,,,,,,,,,,,,,,,,,,,,,,,,
rodornelles-hertie-school,master_thesis-open_source_models,e6rm36x3,ft_unsloth_Llama-3.2-3B-Instruct_v1_2025-04-13_15-10-58,2025-04-13T15:20:33Z,finished,[],https://wandb.ai/rodornelles-hertie-school/master_thesis-open_source_models/runs/e6rm36x3,True,False,[],3407.0,,[],adamw_8bit,50.0,1.0,,True,False,False,0.0,False,False,"{'0': 'LABEL_0', '1': 'LABEL_1'}","{'LABEL_0': 0, 'LABEL_1': 1}",ft_unsloth_Llama-3.2-3B-Instruct_v1_2025-04-13_15-10-58,False,False,,,False,<HUB_TOKEN>,passive,-1.0,1.0,last,['wandb'],1.0,False,0.9,0.999,False,0.0,1,False,0.0,20.0,0.0,llama,,outputs_ft_unsloth_Llama-3.2-3B-Instruct_v1_2025-04-13_15-10-58,-1.0,500.0,,1800.0,"{'xla': False, 'xla_fsdp_v2': False, 'min_num_params': 0, 'xla_fsdp_grad_ckpt': False}",,outputs_ft_unsloth_Llama-3.2-3B-Instruct_v1_2025-04-13_15-10-58/runs/Apr13_15-11-18_7783fa843c9d,False,True,1.0,,bfloat16,,False,1e-08,128000.0,False,128009,,auto,,every_save,128004.0,,,False,0.0,5.0,0.01,['LlamaForCausalLM'],,False,steps,False,0.0002,1.0,1.0,,False,steps,False,,True,,True,,False,False,O1,1.0,16384.0,False,False,,<CHARS_PER_TOKEN>,,,False,False,1.0,False,,,2025.3.19,1.0,False,,False,True,steps,,5.0,True,,False,,0.0,False,,0.02,warning,linear,,False,<PUSH_TO_HUB_TOKEN>,False,False,"{'even_batches': True, 'non_blocking': False, 'split_batches': False, 'dispatch_batches': None, 'use_seedable_sampler': True, 'gradient_accumulation_kwargs': None}",False,,text,False,length,False,1.0,,-1.0,False,,,0.0,[],,,True,False,True,False,False,3237063680.0,0.0,1.0,,False,False,False,,,4.51.2,,,True,,eval_loss,False,True,,0.0,,True,False,False,auto,0.0,True,True,,0.0,4,,False,,,,False,,,False,1.0,False,,4.0,1.0,0.0,False,False,,False,,,False,{'runtime': 531},,,,531.059188732,34.0,1744557619.2090523,0.3655913978494624,17.0,0.35731759667396545,0.00019022222222222224,0.0885,"{'default': {'r': 16, 'bias': 'none', 'revision': None, 'use_dora': False, 'lora_bias': False, 'peft_type': 'LORA', 'task_type': 'CAUSAL_LM', 'eva_config': None, 'lora_alpha': 16, 'use_rslora': False, 'auto_mapping': None, 'corda_config': None, 'lora_dropout': 0, 'megatron_core': 'megatron.core', 'fan_in_fan_out': False, 'inference_mode': False, 'layers_pattern': None, 'runtime_config': {'ephemeral_gpu_offload': False}, 'target_modules': ['up_proj', 'q_proj', 'k_proj', 'gate_proj', 'o_proj', 'down_proj', 'v_proj'], 'exclude_modules': None, 'megatron_config': None, 'modules_to_save': None, 'init_lora_weights': True, 'layer_replication': None, 'layers_to_transform': None, 'base_model_name_or_path': 'unsloth/llama-3.2-3b-instruct-unsloth-bnb-4bit', 'trainable_token_indices': None}}","{'load_in_4bit': True, 'load_in_8bit': False, 'quant_method': 'bitsandbytes', 'llm_int8_threshold': 6, 'bnb_4bit_quant_type': 'nf4', 'llm_int8_skip_modules': None, 'bnb_4bit_compute_dtype': 'bfloat16', 'llm_int8_has_fp16_weight': False, 'bnb_4bit_use_double_quant': True, 'llm_int8_enable_fp32_cpu_offload': False}",128.0,False,True,silu,500000.0,128256.0,3072.0,1e-05,"{'factor': 32, 'rope_type': 'llama3', 'low_freq_factor': 1, 'high_freq_factor': 4, 'original_max_position_embeddings': 8192}",False,1.0,0.0,8192.0,28.0,24.0,8.0,131072.0,0.38995012640953064,23.6791,1.647,1.647,,,8102656323330048.0,0.4159158371827182,528.6838,1.759,0.435,,,,,,,,,,,,,,,,,,,,,,,,,,,,,,,,,,,,,,,,,,,,,,,
rodornelles-hertie-school,master_thesis-open_source_models,7jopfw2r,ft_unsloth__Llama-3.2-3B-Instruct_v1_2025-04-13_17-30-28,2025-04-13T17:39:56Z,finished,[],https://wandb.ai/rodornelles-hertie-school/master_thesis-open_source_models/runs/7jopfw2r,True,False,[],3407.0,,[],adamw_8bit,50.0,1.0,,True,False,False,0.0,False,False,"{'0': 'LABEL_0', '1': 'LABEL_1'}","{'LABEL_0': 0, 'LABEL_1': 1}",ft_unsloth__Llama-3.2-3B-Instruct_v1_2025-04-13_17-30-28,False,False,,,False,<HUB_TOKEN>,passive,-1.0,1.0,last,['wandb'],1.0,False,0.9,0.999,False,0.0,1,False,0.0,20.0,0.0,llama,,outputs_ft_unsloth__Llama-3.2-3B-Instruct_v1_2025-04-13_17-30-28,-1.0,10.0,,1800.0,"{'xla': False, 'xla_fsdp_v2': False, 'min_num_params': 0, 'xla_fsdp_grad_ckpt': False}",,outputs_ft_unsloth__Llama-3.2-3B-Instruct_v1_2025-04-13_17-30-28/runs/Apr13_17-30-48_7783fa843c9d,False,True,1.0,,bfloat16,,False,1e-08,128000.0,False,128009,,auto,,every_save,128004.0,,,False,0.0,5.0,0.01,['LlamaForCausalLM'],,False,steps,False,2e-05,1.0,1.0,,False,steps,False,,True,,True,,False,False,O1,1.0,16384.0,False,False,,<CHARS_PER_TOKEN>,,,False,False,1.0,False,,,2025.3.19,1.0,False,,False,True,steps,,10.0,True,3,False,,0.0,False,,0.02,warning,linear,,False,<PUSH_TO_HUB_TOKEN>,False,False,"{'even_batches': True, 'non_blocking': False, 'split_batches': False, 'dispatch_batches': None, 'use_seedable_sampler': True, 'gradient_accumulation_kwargs': None}",False,,text,False,length,False,1.0,,-1.0,False,,,0.0,[],,,True,False,True,False,False,3237063680.0,0.0,1.0,,False,False,False,,,4.51.2,,,True,,eval_loss,False,True,,0.0,,True,False,False,auto,0.0,True,True,,0.0,4,,False,,,,False,,,False,1.0,False,,4.0,1.0,0.0,False,False,,False,,,False,{'runtime': 189},,,,189.095569953,12.0,1744565639.8927746,0.12903225806451613,6.0,1.2536691427230835,2e-05,1.9034,"{'default': {'r': 16, 'bias': 'none', 'revision': None, 'use_dora': False, 'lora_bias': False, 'peft_type': 'LORA', 'task_type': 'CAUSAL_LM', 'eva_config': None, 'lora_alpha': 16, 'use_rslora': False, 'auto_mapping': None, 'corda_config': None, 'lora_dropout': 0, 'megatron_core': 'megatron.core', 'fan_in_fan_out': False, 'inference_mode': False, 'layers_pattern': None, 'runtime_config': {'ephemeral_gpu_offload': False}, 'target_modules': ['up_proj', 'v_proj', 'o_proj', 'k_proj', 'gate_proj', 'down_proj', 'q_proj'], 'exclude_modules': None, 'megatron_config': None, 'modules_to_save': None, 'init_lora_weights': True, 'layer_replication': None, 'layers_to_transform': None, 'base_model_name_or_path': 'unsloth/llama-3.2-3b-instruct-unsloth-bnb-4bit', 'trainable_token_indices': None}}","{'load_in_4bit': True, 'load_in_8bit': False, 'quant_method': 'bitsandbytes', 'llm_int8_threshold': 6, 'bnb_4bit_quant_type': 'nf4', 'llm_int8_skip_modules': None, 'bnb_4bit_compute_dtype': 'bfloat16', 'llm_int8_has_fp16_weight': False, 'bnb_4bit_use_double_quant': True, 'llm_int8_enable_fp32_cpu_offload': False}",128.0,False,True,silu,500000.0,128256.0,3072.0,1e-05,"{'factor': 32, 'rope_type': 'llama3', 'low_freq_factor': 1, 'high_freq_factor': 4, 'original_max_position_embeddings': 8192}",False,1.0,0.0,8192.0,28.0,24.0,8.0,131072.0,NaN,20.4968,1.61,1.61,,,2769784187394048.0,0.5008099898695946,186.8533,9.954,2.462,,,,,,,,,,,,,,,,,,,,,,,,,,,,,,,,,,,,,,,,,,,,,,,
rodornelles-hertie-school,master_thesis-open_source_models,ygm4kasq,ft_unsloth__Llama-3.2-3B-Instruct_v1_2025-04-13_15-51-44,2025-04-13T16:01:12Z,finished,[],https://wandb.ai/rodornelles-hertie-school/master_thesis-open_source_models/runs/ygm4kasq,True,False,[],3407.0,,[],adamw_8bit,50.0,1.0,,True,False,False,0.0,False,False,"{'0': 'LABEL_0', '1': 'LABEL_1'}","{'LABEL_0': 0, 'LABEL_1': 1}",ft_unsloth__Llama-3.2-3B-Instruct_v1_2025-04-13_15-51-44,False,False,,,False,<HUB_TOKEN>,passive,-1.0,1.0,last,['wandb'],1.0,False,0.9,0.999,False,0.0,5,False,0.0,20.0,0.0,llama,,outputs_ft_unsloth__Llama-3.2-3B-Instruct_v1_2025-04-13_15-51-44,-1.0,5.0,,1800.0,"{'xla': False, 'xla_fsdp_v2': False, 'min_num_params': 0, 'xla_fsdp_grad_ckpt': False}",,outputs_ft_unsloth__Llama-3.2-3B-Instruct_v1_2025-04-13_15-51-44/runs/Apr13_15-52-00_7783fa843c9d,False,True,1.0,,bfloat16,,False,1e-08,128000.0,False,128009,,auto,,every_save,128004.0,,,False,0.0,5.0,0.01,['LlamaForCausalLM'],,False,steps,False,0.0002,1.0,1.0,,False,steps,False,,True,,True,,False,False,O1,1.0,16384.0,False,False,,<CHARS_PER_TOKEN>,,,False,False,1.0,False,,,2025.3.19,1.0,False,,False,True,steps,,10.0,True,3,False,,0.0,False,,0.02,warning,linear,,False,<PUSH_TO_HUB_TOKEN>,False,False,"{'even_batches': True, 'non_blocking': False, 'split_batches': False, 'dispatch_batches': None, 'use_seedable_sampler': True, 'gradient_accumulation_kwargs': None}",False,,text,False,length,False,1.0,,-1.0,False,,,0.0,[],,,True,False,True,False,False,3224906752.0,0.0,1.0,,False,False,False,,,4.51.2,,,True,,eval_loss,False,True,,0.0,,True,False,False,auto,0.0,True,True,,0.0,4,,False,,,,False,,,False,1.0,False,,4.0,1.0,0.0,False,False,,False,,,False,{'runtime': 219},,,,219.150673748,24.0,1744559746.1656718,0.4301075268817205,20.0,0.22276903688907623,0.00019384615384615385,0.0732,"{'default': {'r': 8, 'bias': 'none', 'revision': None, 'use_dora': False, 'lora_bias': False, 'peft_type': 'LORA', 'task_type': 'CAUSAL_LM', 'eva_config': None, 'lora_alpha': 8, 'use_rslora': False, 'auto_mapping': None, 'corda_config': None, 'lora_dropout': 0, 'megatron_core': 'megatron.core', 'fan_in_fan_out': False, 'inference_mode': False, 'layers_pattern': None, 'runtime_config': {'ephemeral_gpu_offload': False}, 'target_modules': ['q_proj', 'o_proj', 'gate_proj', 'up_proj', 'down_proj', 'v_proj', 'k_proj'], 'exclude_modules': None, 'megatron_config': None, 'modules_to_save': None, 'init_lora_weights': True, 'layer_replication': None, 'layers_to_transform': None, 'base_model_name_or_path': 'unsloth/llama-3.2-3b-instruct-unsloth-bnb-4bit', 'trainable_token_indices': None}}","{'load_in_4bit': True, 'load_in_8bit': False, 'quant_method': 'bitsandbytes', 'llm_int8_threshold': 6, 'bnb_4bit_quant_type': 'nf4', 'llm_int8_skip_modules': None, 'bnb_4bit_compute_dtype': 'bfloat16', 'llm_int8_has_fp16_weight': False, 'bnb_4bit_use_double_quant': True, 'llm_int8_enable_fp32_cpu_offload': False}",128.0,False,True,silu,500000.0,128256.0,3072.0,1e-05,"{'factor': 32, 'rope_type': 'llama3', 'low_freq_factor': 1, 'high_freq_factor': 4, 'original_max_position_embeddings': 8192}",False,1.0,0.0,8192.0,28.0,24.0,8.0,131072.0,NaN,19.2307,1.716,1.716,,,9444304461742080.0,0.4276341201737523,215.9533,8.613,2.13,,,,,,,,,,,,,,,,,,,,,,,,,,,,,,,,,,,,,,,,,,,,,,,
rodornelles-hertie-school,master_thesis-open_source_models,ujm2kzwh,ft_unsloth__Llama-3.1-8B-Instruct_v1_2025-04-13_20-56-45,2025-04-13T21:06:16Z,failed,[],https://wandb.ai/rodornelles-hertie-school/master_thesis-open_source_models/runs/ujm2kzwh,True,False,[],3407.0,,[],adamw_8bit,50.0,1.0,,True,False,False,0.0,False,False,"{'0': 'LABEL_0', '1': 'LABEL_1'}","{'LABEL_0': 0, 'LABEL_1': 1}",ft_unsloth__Llama-3.1-8B-Instruct_v1_2025-04-13_20-56-45,False,False,,,False,<HUB_TOKEN>,passive,-1.0,1.0,last,['wandb'],1.0,False,0.9,0.999,False,0.0,10,False,0.0,20.0,0.0,llama,,outputs_ft_unsloth__Llama-3.1-8B-Instruct_v1_2025-04-13_20-56-45,-1.0,10.0,,1800.0,"{'xla': False, 'xla_fsdp_v2': False, 'min_num_params': 0, 'xla_fsdp_grad_ckpt': False}",,outputs_ft_unsloth__Llama-3.1-8B-Instruct_v1_2025-04-13_20-56-45/runs/Apr13_20-57-08_7783fa843c9d,False,True,1.0,,bfloat16,,False,1e-08,128000.0,False,128009,,auto,,every_save,128004.0,,,False,0.0,5.0,0.01,['LlamaForCausalLM'],,False,steps,False,2e-05,1.0,1.0,,False,steps,False,,True,,True,,False,False,O1,1.0,18432.0,False,False,,<CHARS_PER_TOKEN>,,,False,False,1.0,False,,,2025.3.19,1.0,False,,False,True,steps,,10.0,True,3,False,,0.0,False,,0.02,warning,linear,,False,<PUSH_TO_HUB_TOKEN>,False,False,"{'even_batches': True, 'non_blocking': False, 'split_batches': False, 'dispatch_batches': None, 'use_seedable_sampler': True, 'gradient_accumulation_kwargs': None}",False,,text,False,length,False,1.0,,-1.0,False,,,0.0,[],,,True,False,False,False,False,8072204288.0,0.0,1.0,,False,False,False,,,4.51.2,,,True,,eval_loss,False,True,,0.0,,True,False,False,auto,0.0,True,True,,0.0,4,,False,,,,False,,,False,1.0,False,,4.0,1.0,0.0,False,False,,False,,,False,{'runtime': 243},,,,231.614145987,9.0,1744578062.078086,0.4301075268817205,10.0,0.2512047588825226,1.9644444444444447e-05,0.1237,"{'default': {'r': 16, 'bias': 'none', 'revision': None, 'use_dora': False, 'lora_bias': False, 'peft_type': 'LORA', 'task_type': 'CAUSAL_LM', 'eva_config': None, 'lora_alpha': 16, 'use_rslora': False, 'auto_mapping': None, 'corda_config': None, 'lora_dropout': 0, 'megatron_core': 'megatron.core', 'fan_in_fan_out': False, 'inference_mode': False, 'layers_pattern': None, 'runtime_config': {'ephemeral_gpu_offload': False}, 'target_modules': ['q_proj', 'up_proj', 'gate_proj', 'v_proj', 'o_proj', 'k_proj', 'down_proj'], 'exclude_modules': None, 'megatron_config': None, 'modules_to_save': None, 'init_lora_weights': True, 'layer_replication': None, 'layers_to_transform': None, 'base_model_name_or_path': 'unsloth/llama-3.1-8b-instruct-unsloth-bnb-4bit', 'trainable_token_indices': None}}","{'load_in_4bit': True, 'load_in_8bit': False, 'quant_method': 'bitsandbytes', 'llm_int8_threshold': 6, 'bnb_4bit_quant_type': 'nf4', 'llm_int8_skip_modules': None, 'bnb_4bit_compute_dtype': 'bfloat16', 'llm_int8_has_fp16_weight': False, 'bnb_4bit_use_double_quant': True, 'llm_int8_enable_fp32_cpu_offload': False}",128.0,False,True,silu,500000.0,128256.0,4096.0,1e-05,"{'factor': 8, 'rope_type': 'llama3', 'low_freq_factor': 1, 'high_freq_factor': 4, 'original_max_position_embeddings': 8192}",False,1.0,0.0,14336.0,32.0,32.0,8.0,131072.0,,,,,,,,,,,,,,,,,,,,,,,,,,,,,,,,,,,,,,,,,,,,,,,,,,,,,,,,,,
rodornelles-hertie-school,master_thesis-open_source_models,cofxa0ar,ft_unsloth__Llama-3.2-3B-Instruct_v1_2025-04-13_15-57-27,2025-04-13T16:06:53Z,killed,[],https://wandb.ai/rodornelles-hertie-school/master_thesis-open_source_models/runs/cofxa0ar,True,False,[],3407.0,,[],adamw_8bit,50.0,1.0,,True,False,False,0.0,False,False,"{'0': 'LABEL_0', '1': 'LABEL_1'}","{'LABEL_0': 0, 'LABEL_1': 1}",ft_unsloth__Llama-3.2-3B-Instruct_v1_2025-04-13_15-57-27,False,False,,,False,<HUB_TOKEN>,passive,-1.0,1.0,last,['wandb'],1.0,False,0.9,0.999,False,0.0,5,False,0.0,20.0,0.0,llama,,outputs_ft_unsloth__Llama-3.2-3B-Instruct_v1_2025-04-13_15-57-27,-1.0,5.0,,1800.0,"{'xla': False, 'xla_fsdp_v2': False, 'min_num_params': 0, 'xla_fsdp_grad_ckpt': False}",,outputs_ft_unsloth__Llama-3.2-3B-Instruct_v1_2025-04-13_15-57-27/runs/Apr13_15-57-46_7783fa843c9d,False,True,1.0,,bfloat16,,False,1e-08,128000.0,False,128009,,auto,,every_save,128004.0,,,False,0.0,5.0,0.01,['LlamaForCausalLM'],,False,steps,False,0.0002,1.0,1.0,,False,steps,False,,True,,True,,False,False,O1,1.0,16384.0,False,False,,<CHARS_PER_TOKEN>,,,False,False,1.0,False,,,2025.3.19,1.0,False,,False,True,steps,,10.0,True,3,False,,0.0,False,,0.02,warning,linear,,False,<PUSH_TO_HUB_TOKEN>,False,False,"{'even_batches': True, 'non_blocking': False, 'split_batches': False, 'dispatch_batches': None, 'use_seedable_sampler': True, 'gradient_accumulation_kwargs': None}",False,,text,False,length,False,1.0,,-1.0,False,,,0.0,[],,,True,False,True,False,False,3224906752.0,0.0,1.0,,False,False,False,,,4.51.2,,,True,,eval_loss,False,True,,0.0,,True,False,False,auto,0.0,True,True,,0.0,4,,False,,,,False,,,False,1.0,False,,4.0,1.0,0.0,False,False,,False,,,False,{'runtime': 63},,,,59.473322515,5.0,1744559927.9907248,0.10752688172043012,5.0,0.24944229423999784,0.00016,0.2108,"{'default': {'r': 8, 'bias': 'none', 'revision': None, 'use_dora': False, 'lora_bias': False, 'peft_type': 'LORA', 'task_type': 'CAUSAL_LM', 'eva_config': None, 'lora_alpha': 8, 'use_rslora': False, 'auto_mapping': None, 'corda_config': None, 'lora_dropout': 0, 'megatron_core': 'megatron.core', 'fan_in_fan_out': False, 'inference_mode': False, 'layers_pattern': None, 'runtime_config': {'ephemeral_gpu_offload': False}, 'target_modules': ['up_proj', 'q_proj', 'down_proj', 'k_proj', 'v_proj', 'gate_proj', 'o_proj'], 'exclude_modules': None, 'megatron_config': None, 'modules_to_save': None, 'init_lora_weights': True, 'layer_replication': None, 'layers_to_transform': None, 'base_model_name_or_path': 'unsloth/llama-3.2-3b-instruct-unsloth-bnb-4bit', 'trainable_token_indices': None}}","{'load_in_4bit': True, 'load_in_8bit': False, 'quant_method': 'bitsandbytes', 'llm_int8_threshold': 6, 'bnb_4bit_quant_type': 'nf4', 'llm_int8_skip_modules': None, 'bnb_4bit_compute_dtype': 'bfloat16', 'llm_int8_has_fp16_weight': False, 'bnb_4bit_use_double_quant': True, 'llm_int8_enable_fp32_cpu_offload': False}",128.0,False,True,silu,500000.0,128256.0,3072.0,1e-05,"{'factor': 32, 'rope_type': 'llama3', 'low_freq_factor': 1, 'high_freq_factor': 4, 'original_max_position_embeddings': 8192}",False,1.0,0.0,8192.0,28.0,24.0,8.0,131072.0,NaN,20.5022,1.61,1.61,,,,,,,,,,,,,,,,,,,,,,,,,,,,,,,,,,,,,,,,,,,,,,,,,,,,,,
rodornelles-hertie-school,master_thesis-open_source_models,wvdtyirr,ft_unsloth__Llama-3.1-8B-Instruct_v1_2025-04-14_11-47-32,2025-04-14T11:57:11Z,failed,[],https://wandb.ai/rodornelles-hertie-school/master_thesis-open_source_models/runs/wvdtyirr,True,False,[],3407.0,,[],adamw_8bit,50.0,1.0,,True,False,False,0.0,False,False,"{'0': 'LABEL_0', '1': 'LABEL_1'}","{'LABEL_0': 0, 'LABEL_1': 1}",ft_unsloth__Llama-3.1-8B-Instruct_v1_2025-04-14_11-47-32,False,False,,,False,<HUB_TOKEN>,passive,-1.0,1.0,last,['wandb'],1.0,False,0.9,0.999,False,0.0,10,False,0.0,20.0,0.0,llama,,outputs_ft_unsloth__Llama-3.1-8B-Instruct_v1_2025-04-14_11-47-32,-1.0,10.0,,1800.0,"{'xla': False, 'xla_fsdp_v2': False, 'min_num_params': 0, 'xla_fsdp_grad_ckpt': False}",,outputs_ft_unsloth__Llama-3.1-8B-Instruct_v1_2025-04-14_11-47-32/runs/Apr14_11-47-54_7783fa843c9d,False,True,1.0,,bfloat16,,False,1e-08,128000.0,False,128009,,auto,,every_save,128004.0,,,False,0.0,5.0,0.01,['LlamaForCausalLM'],,False,steps,False,2e-05,1.0,1.0,,False,steps,False,,True,,True,,False,False,O1,1.0,18432.0,False,False,,<CHARS_PER_TOKEN>,,,False,False,1.0,False,,,2025.3.19,2.0,False,,False,True,steps,,10.0,True,3,False,,0.0,False,,0.02,warning,linear,,False,<PUSH_TO_HUB_TOKEN>,False,False,"{'even_batches': True, 'non_blocking': False, 'split_batches': False, 'dispatch_batches': None, 'use_seedable_sampler': True, 'gradient_accumulation_kwargs': None}",False,,text,False,length,False,1.0,,-1.0,False,,,0.0,[],,,True,False,False,False,False,8051232768.0,0.0,1.0,,False,False,False,,,4.51.2,,,True,,eval_loss,False,True,,0.0,,True,False,False,auto,0.0,True,True,,0.0,4,,False,,,,False,,,False,1.0,False,,4.0,1.0,0.0,False,False,,False,,,False,{'runtime': 9},,,,,,,,,,,,"{'default': {'r': 8, 'bias': 'none', 'revision': None, 'use_dora': False, 'lora_bias': False, 'peft_type': 'LORA', 'task_type': 'CAUSAL_LM', 'eva_config': None, 'lora_alpha': 8, 'use_rslora': False, 'auto_mapping': None, 'corda_config': None, 'lora_dropout': 0, 'megatron_core': 'megatron.core', 'fan_in_fan_out': False, 'inference_mode': False, 'layers_pattern': None, 'runtime_config': {'ephemeral_gpu_offload': False}, 'target_modules': ['gate_proj', 'up_proj', 'q_proj', 'down_proj', 'v_proj', 'o_proj', 'k_proj'], 'exclude_modules': None, 'megatron_config': None, 'modules_to_save': None, 'init_lora_weights': True, 'layer_replication': None, 'layers_to_transform': None, 'base_model_name_or_path': 'unsloth/Llama-3.1-8B-Instruct', 'trainable_token_indices': None}}",,128.0,False,True,silu,500000.0,128256.0,4096.0,1e-05,"{'factor': 8, 'rope_type': 'llama3', 'low_freq_factor': 1, 'high_freq_factor': 4, 'original_max_position_embeddings': 8192}",False,1.0,0.0,14336.0,32.0,32.0,8.0,131072.0,,,,,,,,,,,,,,,,,,,,,,,,,,,,,,,,,,,,,,,,,,,,,,,,,,,,,,,,,,
rodornelles-hertie-school,master_thesis-open_source_models,ns93sntv,ft_unsloth__Llama-3.1-8B-Instruct_v1_2025-04-13_21-13-34,2025-04-13T21:23:05Z,failed,[],https://wandb.ai/rodornelles-hertie-school/master_thesis-open_source_models/runs/ns93sntv,True,False,[],3407.0,,[],adamw_8bit,50.0,1.0,,True,False,False,0.0,False,False,"{'0': 'LABEL_0', '1': 'LABEL_1'}","{'LABEL_0': 0, 'LABEL_1': 1}",ft_unsloth__Llama-3.1-8B-Instruct_v1_2025-04-13_21-13-34,False,False,,,False,<HUB_TOKEN>,passive,-1.0,1.0,last,['wandb'],1.0,False,0.9,0.999,False,0.0,10,False,0.0,20.0,0.0,llama,,outputs_ft_unsloth__Llama-3.1-8B-Instruct_v1_2025-04-13_21-13-34,-1.0,10.0,,1800.0,"{'xla': False, 'xla_fsdp_v2': False, 'min_num_params': 0, 'xla_fsdp_grad_ckpt': False}",,outputs_ft_unsloth__Llama-3.1-8B-Instruct_v1_2025-04-13_21-13-34/runs/Apr13_21-13-56_7783fa843c9d,False,True,1.0,,bfloat16,,False,1e-08,128000.0,False,128009,,auto,,every_save,128004.0,,,False,0.0,5.0,0.01,['LlamaForCausalLM'],,False,steps,False,2e-05,1.0,1.0,,False,steps,False,,True,,True,,False,False,O1,1.0,18432.0,False,False,,<CHARS_PER_TOKEN>,,,False,False,1.0,False,,,2025.3.19,1.0,False,,False,True,steps,,10.0,True,3,False,,0.0,False,,0.02,warning,linear,,False,<PUSH_TO_HUB_TOKEN>,False,False,"{'even_batches': True, 'non_blocking': False, 'split_batches': False, 'dispatch_batches': None, 'use_seedable_sampler': True, 'gradient_accumulation_kwargs': None}",False,,text,False,length,False,1.0,,-1.0,False,,,0.0,[],,,True,False,False,False,False,8072204288.0,0.0,1.0,,False,False,False,,,4.51.2,,,True,,eval_loss,False,True,,0.0,,True,False,False,auto,0.0,True,True,,0.0,4,,False,,,,False,,,False,1.0,False,,4.0,1.0,0.0,False,False,,False,,,False,{'runtime': 6},,,,,,,,,,,,"{'default': {'r': 16, 'bias': 'none', 'revision': None, 'use_dora': False, 'lora_bias': False, 'peft_type': 'LORA', 'task_type': 'CAUSAL_LM', 'eva_config': None, 'lora_alpha': 16, 'use_rslora': False, 'auto_mapping': None, 'corda_config': None, 'lora_dropout': 0, 'megatron_core': 'megatron.core', 'fan_in_fan_out': False, 'inference_mode': False, 'layers_pattern': None, 'runtime_config': {'ephemeral_gpu_offload': False}, 'target_modules': ['up_proj', 'k_proj', 'v_proj', 'q_proj', 'o_proj', 'gate_proj', 'down_proj'], 'exclude_modules': None, 'megatron_config': None, 'modules_to_save': None, 'init_lora_weights': True, 'layer_replication': None, 'layers_to_transform': None, 'base_model_name_or_path': 'unsloth/llama-3.1-8b-instruct-unsloth-bnb-4bit', 'trainable_token_indices': None}}","{'load_in_4bit': True, 'load_in_8bit': False, 'quant_method': 'bitsandbytes', 'llm_int8_threshold': 6, 'bnb_4bit_quant_type': 'nf4', 'llm_int8_skip_modules': None, 'bnb_4bit_compute_dtype': 'bfloat16', 'llm_int8_has_fp16_weight': False, 'bnb_4bit_use_double_quant': True, 'llm_int8_enable_fp32_cpu_offload': False}",128.0,False,True,silu,500000.0,128256.0,4096.0,1e-05,"{'factor': 8, 'rope_type': 'llama3', 'low_freq_factor': 1, 'high_freq_factor': 4, 'original_max_position_embeddings': 8192}",False,1.0,0.0,14336.0,32.0,32.0,8.0,131072.0,,,,,,,,,,,,,,,,,,,,,,,,,,,,,,,,,,,,,,,,,,,,,,,,,,,,,,,,,,
rodornelles-hertie-school,master_thesis-open_source_models,vz5xnqvq,ft_unsloth_full_finetunning_Llama-3.2-3B-Instruct_v1_2025-04-13_18-52-40,2025-04-13T19:02:24Z,finished,[],https://wandb.ai/rodornelles-hertie-school/master_thesis-open_source_models/runs/vz5xnqvq,True,False,[],3407.0,,[],adamw_8bit,50.0,1.0,,True,False,False,0.0,False,False,"{'0': 'LABEL_0', '1': 'LABEL_1'}","{'LABEL_0': 0, 'LABEL_1': 1}",ft_unsloth_full_finetunning_Llama-3.2-3B-Instruct_v1_2025-04-13_18-52-40,False,False,,,False,<HUB_TOKEN>,passive,-1.0,1.0,last,['wandb'],1.0,False,0.9,0.999,False,0.0,10,False,0.0,20.0,0.0,llama,,outputs_ft_unsloth_full_finetunning_Llama-3.2-3B-Instruct_v1_2025-04-13_18-52-40,-1.0,10.0,,1800.0,"{'xla': False, 'xla_fsdp_v2': False, 'min_num_params': 0, 'xla_fsdp_grad_ckpt': False}",,outputs_ft_unsloth_full_finetunning_Llama-3.2-3B-Instruct_v1_2025-04-13_18-52-40/runs/Apr13_18-52-55_7783fa843c9d,False,True,1.0,,bfloat16,,False,1e-08,128000.0,False,128009,,auto,,every_save,128004.0,,,False,0.0,5.0,0.01,['LlamaForCausalLM'],,False,steps,False,2e-05,1.0,1.0,,False,steps,False,,True,,True,,False,False,O1,1.0,18432.0,False,False,,<CHARS_PER_TOKEN>,,,False,False,1.0,False,,,2025.3.19,1.0,False,,False,True,steps,,10.0,True,3,False,,0.0,False,,0.02,warning,linear,,False,<PUSH_TO_HUB_TOKEN>,False,False,"{'even_batches': True, 'non_blocking': False, 'split_batches': False, 'dispatch_batches': None, 'use_seedable_sampler': True, 'gradient_accumulation_kwargs': None}",False,,text,False,length,False,1.0,,-1.0,False,,,0.0,[],,,True,False,True,False,False,3212749824.0,0.0,1.0,,False,False,False,,,4.51.2,,,True,,eval_loss,False,True,,0.0,,True,False,False,auto,0.0,True,True,,0.0,4,,False,,,,False,,,False,1.0,False,,4.0,1.0,0.0,False,False,,False,,,False,{'runtime': 1667},,,,1667.522382478,154.0,1744572066.721914,2.989247311827957,140.0,0.9375,1.4109890109890112e-05,0.0069,,,128.0,False,True,silu,500000.0,128256.0,3072.0,1e-05,"{'factor': 32, 'rope_type': 'llama3', 'low_freq_factor': 1, 'high_freq_factor': 4, 'original_max_position_embeddings': 8192}",False,1.0,0.0,8192.0,28.0,24.0,8.0,131072.0,0.04022110626101494,23.2225,1.421,1.421,,,6.547822220484403e+16,0.03133422162999133,1665.2256,1.117,0.276,,,,,,,,,,,,,,,,,,,,,,,,,,,,,,,,,,,,,,,,,,,,,,,
rodornelles-hertie-school,master_thesis-open_source_models,w6i6363c,ft_unsloth__gemma-3-4b-it_v1_2025-04-14_05-45-47,2025-04-14T05:55:58Z,crashed,[],https://wandb.ai/rodornelles-hertie-school/master_thesis-open_source_models/runs/w6i6363c,True,False,[],3407.0,,[],adamw_8bit,50.0,1.0,,True,False,False,0.0,False,False,"{'0': 'LABEL_0', '1': 'LABEL_1'}","{'LABEL_0': 0, 'LABEL_1': 1}",ft_unsloth__gemma-3-4b-it_v1_2025-04-14_05-45-47,False,False,3407,,False,<HUB_TOKEN>,passive,-1.0,1.0,last,['wandb'],1.0,False,0.9,0.999,False,0.0,10,False,0.0,20.0,0.0,gemma3,,outputs_ft_unsloth__gemma-3-4b-it_v1_2025-04-14_05-45-47,-1.0,10.0,,1800.0,"{'xla': False, 'xla_fsdp_v2': False, 'min_num_params': 0, 'xla_fsdp_grad_ckpt': False}",,outputs_ft_unsloth__gemma-3-4b-it_v1_2025-04-14_05-45-47/runs/Apr14_05-46-26_7783fa843c9d,False,True,1.0,"{'top_k': 50, 'top_p': 1, 'prefix': None, 'head_dim': 256, 'id2label': {'0': 'LABEL_0', '1': 'LABEL_1'}, 'label2id': {'LABEL_0': 0, 'LABEL_1': 1}, 'do_sample': False, 'num_beams': 1, 'typical_p': 1, 'use_cache': True, 'is_decoder': False, 'max_length': 20, 'min_length': 0, 'model_type': 'gemma3_text', 'rope_theta': 1000000.0, 'vocab_size': 262208, 'hidden_size': 2560, 'return_dict': True, 'temperature': 1, 'torch_dtype': 'bfloat16', 'torchscript': False, 'bos_token_id': 2, 'eos_token_id': 1, 'pad_token_id': 0, 'problem_type': None, 'rms_norm_eps': 1e-06, 'rope_scaling': {'factor': 8, 'rope_type': 'linear'}, 'sep_token_id': None, 'use_bfloat16': False, '_name_or_path': '', 'architectures': None, 'bad_words_ids': None, 'output_scores': False, 'attention_bias': False, 'early_stopping': False, 'length_penalty': 1, 'sliding_window': 1024, 'tf_legacy_loss': False, 'finetuning_task': None, 'num_beam_groups': 1, 'suppress_tokens': None, 'tokenizer_class': None, 'attention_dropout': 0, 'diversity_penalty': 0, 'hidden_activation': 'gelu_pytorch_tanh', 'initializer_range': 0.02, 'intermediate_size': 10240, 'num_hidden_layers': 34, 'output_attentions': False, 'is_encoder_decoder': False, 'repetition_penalty': 1, 'add_cross_attention': False, 'forced_bos_token_id': None, 'forced_eos_token_id': None, 'num_attention_heads': 8, 'num_key_value_heads': 4, 'tie_encoder_decoder': False, 'tie_word_embeddings': True, 'cache_implementation': 'hybrid', 'no_repeat_ngram_size': 0, 'num_return_sequences': 1, 'output_hidden_states': False, 'rope_local_base_freq': 10000, 'task_specific_params': None, 'begin_suppress_tokens': None, 'query_pre_attn_scalar': 256, 'remove_invalid_values': False, 'attn_logit_softcapping': None, 'decoder_start_token_id': None, 'sliding_window_pattern': 6, 'chunk_size_feed_forward': 0, 'final_logit_softcapping': None, 'max_position_embeddings': 131072, 'return_dict_in_generate': False, 'cross_attention_hidden_size': None, '_attn_implementation_autoset': False, 'encoder_no_repeat_ngram_size': 0, 'exponential_decay_length_penalty': None}",bfloat16,,False,1e-08,2.0,False,106,,auto,,every_save,0.0,,,False,0.1,5.0,0.01,['Gemma3ForConditionalGeneration'],,False,steps,False,2e-05,1.0,1.0,,False,steps,False,,True,"{'top_k': 50, 'top_p': 1, 'prefix': None, 'id2label': {'0': 'LABEL_0', '1': 'LABEL_1'}, 'label2id': {'LABEL_0': 0, 'LABEL_1': 1}, 'do_sample': False, 'num_beams': 1, 'typical_p': 1, 'hidden_act': 'gelu_pytorch_tanh', 'image_size': 896, 'is_decoder': False, 'max_length': 20, 'min_length': 0, 'model_type': 'siglip_vision_model', 'patch_size': 14, 'hidden_size': 1152, 'return_dict': True, 'temperature': 1, 'torch_dtype': 'bfloat16', 'torchscript': False, 'bos_token_id': None, 'eos_token_id': None, 'num_channels': 3, 'pad_token_id': None, 'problem_type': None, 'sep_token_id': None, 'use_bfloat16': False, '_name_or_path': '', 'architectures': None, 'bad_words_ids': None, 'output_scores': False, 'early_stopping': False, 'layer_norm_eps': 1e-06, 'length_penalty': 1, 'tf_legacy_loss': False, 'finetuning_task': None, 'num_beam_groups': 1, 'suppress_tokens': None, 'tokenizer_class': None, 'vision_use_head': False, 'attention_dropout': 0, 'diversity_penalty': 0, 'intermediate_size': 4304, 'num_hidden_layers': 27, 'output_attentions': False, 'is_encoder_decoder': False, 'repetition_penalty': 1, 'add_cross_attention': False, 'forced_bos_token_id': None, 'forced_eos_token_id': None, 'num_attention_heads': 16, 'tie_encoder_decoder': False, 'tie_word_embeddings': True, 'no_repeat_ngram_size': 0, 'num_return_sequences': 1, 'output_hidden_states': False, 'task_specific_params': None, 'begin_suppress_tokens': None, 'remove_invalid_values': False, 'decoder_start_token_id': None, 'chunk_size_feed_forward': 0, 'return_dict_in_generate': False, 'cross_attention_hidden_size': None, '_attn_implementation_autoset': False, 'encoder_no_repeat_ngram_size': 0, 'exponential_decay_length_penalty': None}",True,,False,False,O1,1.0,18432.0,False,False,255999.0,<CHARS_PER_TOKEN>,256000.0,,False,False,1.0,False,,,2025.3.19,1.0,False,,False,True,steps,,10.0,True,3,False,,0.0,False,262144.0,0.02,warning,linear,,False,<PUSH_TO_HUB_TOKEN>,False,False,"{'even_batches': True, 'non_blocking': False, 'split_batches': False, 'dispatch_batches': None, 'use_seedable_sampler': True, 'gradient_accumulation_kwargs': None}",False,,text,False,length,False,1.0,,-1.0,False,,,0.0,[],256.0,,True,False,True,False,False,4332867952.0,0.0,1.0,,False,,False,,,4.51.2,,,True,,eval_loss,False,True,,0.0,,True,False,False,auto,0.0,True,False,,0.0,2,,False,250.0,,,False,,,False,1.0,False,,4.0,1.0,0.0,False,False,,False,,,False,{'runtime': 659},,,,478.08146658,9.0,1744610088.2895646,0.21505376344086025,10.0,1.2191977500915527,1.9824175824175825e-05,0.2661,"{'default': {'r': 16, 'bias': 'none', 'revision': None, 'use_dora': False, 'lora_bias': False, 'peft_type': 'LORA', 'task_type': 'CAUSAL_LM', 'eva_config': None, 'lora_alpha': 16, 'use_rslora': False, 'auto_mapping': None, 'lora_dropout': 0, 'megatron_core': 'megatron.core', 'fan_in_fan_out': False, 'inference_mode': False, 'layers_pattern': None, 'runtime_config': {'ephemeral_gpu_offload': False}, 'target_modules': ['v_proj', 'down_proj', 'up_proj', 'q_proj', 'k_proj', 'gate_proj', 'o_proj'], 'exclude_modules': None, 'megatron_config': None, 'modules_to_save': None, 'init_lora_weights': True, 'layer_replication': None, 'layers_to_transform': None, 'base_model_name_or_path': 'unsloth/gemma-3-4b-it'}}",,,,,,,,,,,,,,,,,,,,,,,,,,,,,,,,,,,,,,,,,,,,,,,,,,,,,,,,,,,,,,,,,,,,,,,,,,,,
rodornelles-hertie-school,master_thesis-open_source_models,vw7khsy2,ft_unsloth__gemma-3-12b-it_v1_2025-04-14_05-59-33,2025-04-14T06:09:28Z,failed,[],https://wandb.ai/rodornelles-hertie-school/master_thesis-open_source_models/runs/vw7khsy2,True,False,[],3407.0,,[],adamw_8bit,50.0,1.0,,True,False,False,0.0,False,False,"{'0': 'LABEL_0', '1': 'LABEL_1'}","{'LABEL_0': 0, 'LABEL_1': 1}",ft_unsloth__gemma-3-12b-it_v1_2025-04-14_05-59-33,False,False,3407,,False,<HUB_TOKEN>,passive,-1.0,1.0,last,['wandb'],1.0,False,0.9,0.999,False,0.0,10,False,0.0,20.0,0.0,gemma3,,outputs_ft_unsloth__gemma-3-12b-it_v1_2025-04-14_05-59-33,-1.0,10.0,,1800.0,"{'xla': False, 'xla_fsdp_v2': False, 'min_num_params': 0, 'xla_fsdp_grad_ckpt': False}",,outputs_ft_unsloth__gemma-3-12b-it_v1_2025-04-14_05-59-33/runs/Apr14_06-00-02_7783fa843c9d,False,True,1.0,"{'top_k': 50, 'top_p': 1, 'prefix': None, 'head_dim': 256, 'id2label': {'0': 'LABEL_0', '1': 'LABEL_1'}, 'label2id': {'LABEL_0': 0, 'LABEL_1': 1}, 'do_sample': False, 'num_beams': 1, 'typical_p': 1, 'use_cache': True, 'is_decoder': False, 'max_length': 20, 'min_length': 0, 'model_type': 'gemma3_text', 'rope_theta': 1000000.0, 'vocab_size': 262208, 'hidden_size': 3840, 'return_dict': True, 'temperature': 1, 'torch_dtype': 'bfloat16', 'torchscript': False, 'bos_token_id': 2, 'eos_token_id': 1, 'pad_token_id': 0, 'problem_type': None, 'rms_norm_eps': 1e-06, 'rope_scaling': {'factor': 8, 'rope_type': 'linear'}, 'sep_token_id': None, 'use_bfloat16': False, '_name_or_path': '', 'architectures': None, 'bad_words_ids': None, 'output_scores': False, 'attention_bias': False, 'early_stopping': False, 'length_penalty': 1, 'sliding_window': 1024, 'tf_legacy_loss': False, 'finetuning_task': None, 'num_beam_groups': 1, 'suppress_tokens': None, 'tokenizer_class': None, 'attention_dropout': 0, 'diversity_penalty': 0, 'hidden_activation': 'gelu_pytorch_tanh', 'initializer_range': 0.02, 'intermediate_size': 15360, 'num_hidden_layers': 48, 'output_attentions': False, 'is_encoder_decoder': False, 'repetition_penalty': 1, 'add_cross_attention': False, 'forced_bos_token_id': None, 'forced_eos_token_id': None, 'num_attention_heads': 16, 'num_key_value_heads': 8, 'tie_encoder_decoder': False, 'tie_word_embeddings': True, 'cache_implementation': 'hybrid', 'no_repeat_ngram_size': 0, 'num_return_sequences': 1, 'output_hidden_states': False, 'rope_local_base_freq': 10000, 'task_specific_params': None, 'begin_suppress_tokens': None, 'query_pre_attn_scalar': 256, 'remove_invalid_values': False, 'attn_logit_softcapping': None, 'decoder_start_token_id': None, 'sliding_window_pattern': 6, 'chunk_size_feed_forward': 0, 'final_logit_softcapping': None, 'max_position_embeddings': 131072, 'return_dict_in_generate': False, 'cross_attention_hidden_size': None, '_attn_implementation_autoset': False, 'encoder_no_repeat_ngram_size': 0, 'exponential_decay_length_penalty': None}",bfloat16,,False,1e-08,,False,"[1, 106]",,auto,,every_save,0.0,,,False,0.1,5.0,0.01,['Gemma3ForConditionalGeneration'],,False,steps,False,2e-05,1.0,1.0,,False,steps,False,,,"{'top_k': 50, 'top_p': 1, 'prefix': None, 'id2label': {'0': 'LABEL_0', '1': 'LABEL_1'}, 'label2id': {'LABEL_0': 0, 'LABEL_1': 1}, 'do_sample': False, 'num_beams': 1, 'typical_p': 1, 'hidden_act': 'gelu_pytorch_tanh', 'image_size': 896, 'is_decoder': False, 'max_length': 20, 'min_length': 0, 'model_type': 'siglip_vision_model', 'patch_size': 14, 'hidden_size': 1152, 'return_dict': True, 'temperature': 1, 'torch_dtype': 'bfloat16', 'torchscript': False, 'bos_token_id': None, 'eos_token_id': None, 'num_channels': 3, 'pad_token_id': None, 'problem_type': None, 'sep_token_id': None, 'use_bfloat16': False, '_name_or_path': '', 'architectures': None, 'bad_words_ids': None, 'output_scores': False, 'early_stopping': False, 'layer_norm_eps': 1e-06, 'length_penalty': 1, 'tf_legacy_loss': False, 'finetuning_task': None, 'num_beam_groups': 1, 'suppress_tokens': None, 'tokenizer_class': None, 'vision_use_head': False, 'attention_dropout': 0, 'diversity_penalty': 0, 'intermediate_size': 4304, 'num_hidden_layers': 27, 'output_attentions': False, 'is_encoder_decoder': False, 'repetition_penalty': 1, 'add_cross_attention': False, 'forced_bos_token_id': None, 'forced_eos_token_id': None, 'num_attention_heads': 16, 'tie_encoder_decoder': False, 'tie_word_embeddings': True, 'no_repeat_ngram_size': 0, 'num_return_sequences': 1, 'output_hidden_states': False, 'task_specific_params': None, 'begin_suppress_tokens': None, 'remove_invalid_values': False, 'decoder_start_token_id': None, 'chunk_size_feed_forward': 0, 'return_dict_in_generate': False, 'cross_attention_hidden_size': None, '_attn_implementation_autoset': False, 'encoder_no_repeat_ngram_size': 0, 'exponential_decay_length_penalty': None}",True,,False,False,O1,1.0,18432.0,False,False,255999.0,<CHARS_PER_TOKEN>,256000.0,,False,False,1.0,False,,,2025.3.19,1.0,False,,False,True,steps,,10.0,True,3,False,,0.0,False,262144.0,0.02,warning,linear,,False,<PUSH_TO_HUB_TOKEN>,False,False,"{'even_batches': True, 'non_blocking': False, 'split_batches': False, 'dispatch_batches': None, 'use_seedable_sampler': True, 'gradient_accumulation_kwargs': None}",False,,text,False,length,False,1.0,,-1.0,False,,,0.0,[],256.0,,True,False,True,False,False,12255781488.0,0.0,1.0,,False,,False,,,4.51.2,,,True,,eval_loss,False,True,,0.0,,True,False,False,auto,0.0,True,False,,0.0,2,,False,250.0,,,False,,,False,1.0,False,,4.0,1.0,0.0,False,False,,False,,,False,{'runtime': 565},,,,539.276892337,4.0,1744610959.9212675,0.10752688172043012,5.0,0.6580603718757629,1.6000000000000003e-05,0.2092,"{'default': {'r': 16, 'bias': 'none', 'revision': None, 'use_dora': False, 'lora_bias': False, 'peft_type': 'LORA', 'task_type': 'CAUSAL_LM', 'eva_config': None, 'lora_alpha': 16, 'use_rslora': False, 'auto_mapping': None, 'corda_config': None, 'lora_dropout': 0, 'megatron_core': 'megatron.core', 'fan_in_fan_out': False, 'inference_mode': False, 'layers_pattern': None, 'runtime_config': {'ephemeral_gpu_offload': False}, 'target_modules': ['o_proj', 'down_proj', 'q_proj', 'up_proj', 'v_proj', 'gate_proj', 'k_proj'], 'exclude_modules': None, 'megatron_config': None, 'modules_to_save': None, 'init_lora_weights': True, 'layer_replication': None, 'layers_to_transform': None, 'base_model_name_or_path': 'unsloth/gemma-3-12b-it', 'trainable_token_indices': None}}",,,,,,,,,,,,,,,,,,,,,,,,,,,,,,,,,,,,,,,,,,,,,,,,,,,,,,,,,,,,,,,,,,,,,,,,,,,,
rodornelles-hertie-school,master_thesis-open_source_models,cd4j2q2v,ft_unsloth__Meta-Llama-3.1-8B_v1_2025-04-13_20-51-50,2025-04-13T21:01:26Z,failed,[],https://wandb.ai/rodornelles-hertie-school/master_thesis-open_source_models/runs/cd4j2q2v,,,,,,,,,,,,,,,,,,,,,,,,,,,,,,,,,,,,,,,,,,,,,,,,,,,,,,,,,,,,,,,,,,,,,,,,,,,,,,,,,,,,,,,,,,,,,,,,,,,,,,,,,,,,,,,,,,,,,,,,,,,,,,,,,,,,,,,,,,,,,,,,,,,,,,,,,,,,,,,,,,,,,,,,,,,,,,,,,,,,,,,,,,,,,,,,,,,,,,,,,,,,,,{'runtime': 2},,,,,,,,,,,,,,,,,,,,,,,,,,,,,,,,,,,,,,,,,,,,,,,,,,,,,,,,,,,,,,,,,,,,,,,,,,,,,,,,,,,,,,,,
rodornelles-hertie-school,master_thesis-open_source_models,cvhuww0i,ft_unsloth__Llama-3.2-3B-Instruct_v1_2025-04-13_16-16-54,2025-04-13T16:26:20Z,killed,[],https://wandb.ai/rodornelles-hertie-school/master_thesis-open_source_models/runs/cvhuww0i,True,False,[],3407.0,,[],adamw_8bit,50.0,1.0,,True,False,False,0.0,False,False,"{'0': 'LABEL_0', '1': 'LABEL_1'}","{'LABEL_0': 0, 'LABEL_1': 1}",ft_unsloth__Llama-3.2-3B-Instruct_v1_2025-04-13_16-16-54,False,False,,,False,<HUB_TOKEN>,passive,-1.0,1.0,last,['wandb'],1.0,False,0.9,0.999,False,0.0,5,False,0.0,20.0,0.0,llama,,outputs_ft_unsloth__Llama-3.2-3B-Instruct_v1_2025-04-13_16-16-54,-1.0,10.0,,1800.0,"{'xla': False, 'xla_fsdp_v2': False, 'min_num_params': 0, 'xla_fsdp_grad_ckpt': False}",,outputs_ft_unsloth__Llama-3.2-3B-Instruct_v1_2025-04-13_16-16-54/runs/Apr13_16-17-12_7783fa843c9d,False,True,1.0,,bfloat16,,False,1e-08,128000.0,False,128009,,auto,,every_save,128004.0,,,False,0.0,5.0,0.01,['LlamaForCausalLM'],,False,steps,False,2e-05,1.0,1.0,,False,steps,False,,True,,True,,False,False,O1,1.0,16384.0,False,False,,<CHARS_PER_TOKEN>,,,False,False,1.0,False,,,2025.3.19,1.0,False,,False,True,steps,,10.0,True,3,False,,0.0,False,,0.02,warning,linear,,False,<PUSH_TO_HUB_TOKEN>,False,False,"{'even_batches': True, 'non_blocking': False, 'split_batches': False, 'dispatch_batches': None, 'use_seedable_sampler': True, 'gradient_accumulation_kwargs': None}",False,,text,False,length,False,1.0,,-1.0,False,,,0.0,[],,,True,False,True,False,False,3237063680.0,0.0,1.0,,False,False,False,,,4.51.2,,,True,,eval_loss,False,True,,0.0,,True,False,False,auto,0.0,True,True,,0.0,4,,False,,,,False,,,False,1.0,False,,4.0,1.0,0.0,False,False,,False,,,False,{'runtime': 79},,,,72.53586523,6.0,1744561107.639871,0.12903225806451613,6.0,1.2579567432403564,2e-05,1.9061,"{'default': {'r': 16, 'bias': 'none', 'revision': None, 'use_dora': False, 'lora_bias': False, 'peft_type': 'LORA', 'task_type': 'CAUSAL_LM', 'eva_config': None, 'lora_alpha': 16, 'use_rslora': False, 'auto_mapping': None, 'corda_config': None, 'lora_dropout': 0, 'megatron_core': 'megatron.core', 'fan_in_fan_out': False, 'inference_mode': False, 'layers_pattern': None, 'runtime_config': {'ephemeral_gpu_offload': False}, 'target_modules': ['down_proj', 'q_proj', 'k_proj', 'o_proj', 'gate_proj', 'up_proj', 'v_proj'], 'exclude_modules': None, 'megatron_config': None, 'modules_to_save': None, 'init_lora_weights': True, 'layer_replication': None, 'layers_to_transform': None, 'base_model_name_or_path': 'unsloth/llama-3.2-3b-instruct-unsloth-bnb-4bit', 'trainable_token_indices': None}}","{'load_in_4bit': True, 'load_in_8bit': False, 'quant_method': 'bitsandbytes', 'llm_int8_threshold': 6, 'bnb_4bit_quant_type': 'nf4', 'llm_int8_skip_modules': None, 'bnb_4bit_compute_dtype': 'bfloat16', 'llm_int8_has_fp16_weight': False, 'bnb_4bit_use_double_quant': True, 'llm_int8_enable_fp32_cpu_offload': False}",128.0,False,True,silu,500000.0,128256.0,3072.0,1e-05,"{'factor': 32, 'rope_type': 'llama3', 'low_freq_factor': 1, 'high_freq_factor': 4, 'original_max_position_embeddings': 8192}",False,1.0,0.0,8192.0,28.0,24.0,8.0,131072.0,NaN,20.8158,1.585,1.585,,,,,,,,,,,,,,,,,,,,,,,,,,,,,,,,,,,,,,,,,,,,,,,,,,,,,,
rodornelles-hertie-school,master_thesis-open_source_models,zgnnv6ic,ft_unsloth__Llama-3.2-3B-Instruct_v1_2025-04-13_16-11-19,2025-04-13T16:20:47Z,failed,[],https://wandb.ai/rodornelles-hertie-school/master_thesis-open_source_models/runs/zgnnv6ic,True,False,[],3407.0,,[],adamw_8bit,50.0,1.0,,True,False,False,0.0,False,False,"{'0': 'LABEL_0', '1': 'LABEL_1'}","{'LABEL_0': 0, 'LABEL_1': 1}",ft_unsloth__Llama-3.2-3B-Instruct_v1_2025-04-13_16-11-19,False,False,,,False,<HUB_TOKEN>,passive,-1.0,1.0,last,['wandb'],1.0,False,0.9,0.999,False,0.0,5,False,0.0,20.0,0.0,llama,,outputs_ft_unsloth__Llama-3.2-3B-Instruct_v1_2025-04-13_16-11-19,-1.0,10.0,,1800.0,"{'xla': False, 'xla_fsdp_v2': False, 'min_num_params': 0, 'xla_fsdp_grad_ckpt': False}",,outputs_ft_unsloth__Llama-3.2-3B-Instruct_v1_2025-04-13_16-11-19/runs/Apr13_16-11-39_7783fa843c9d,False,True,1.0,,bfloat16,,False,1e-08,128000.0,False,128009,,auto,,every_save,128004.0,,,False,0.0,5.0,0.01,['LlamaForCausalLM'],,False,steps,False,2e-05,1.0,1.0,,False,steps,False,,True,,True,,False,False,O1,1.0,16384.0,False,False,,<CHARS_PER_TOKEN>,,,False,False,1.0,False,,,2025.3.19,1.0,False,,False,True,steps,,10.0,True,3,False,,0.0,False,,0.02,warning,linear,,False,<PUSH_TO_HUB_TOKEN>,False,False,"{'even_batches': True, 'non_blocking': False, 'split_batches': False, 'dispatch_batches': None, 'use_seedable_sampler': True, 'gradient_accumulation_kwargs': None}",False,,text,False,length,False,1.0,,-1.0,False,,,0.0,[],,,True,False,True,False,False,3237063680.0,0.0,1.0,,False,False,False,,,4.51.2,,,True,,eval_loss,False,True,,0.0,,True,False,False,auto,0.0,True,True,,0.0,4,,False,,,,False,,,False,1.0,False,,4.0,1.0,0.0,False,False,,False,,,False,{'runtime': 3},,,,,,,,,,,,"{'default': {'r': 16, 'bias': 'none', 'revision': None, 'use_dora': False, 'lora_bias': False, 'peft_type': 'LORA', 'task_type': 'CAUSAL_LM', 'eva_config': None, 'lora_alpha': 16, 'use_rslora': False, 'auto_mapping': None, 'corda_config': None, 'lora_dropout': 0, 'megatron_core': 'megatron.core', 'fan_in_fan_out': False, 'inference_mode': False, 'layers_pattern': None, 'runtime_config': {'ephemeral_gpu_offload': False}, 'target_modules': ['v_proj', 'gate_proj', 'q_proj', 'k_proj', 'up_proj', 'down_proj', 'o_proj'], 'exclude_modules': None, 'megatron_config': None, 'modules_to_save': None, 'init_lora_weights': True, 'layer_replication': None, 'layers_to_transform': None, 'base_model_name_or_path': 'unsloth/llama-3.2-3b-instruct-unsloth-bnb-4bit', 'trainable_token_indices': None}}","{'load_in_4bit': True, 'load_in_8bit': False, 'quant_method': 'bitsandbytes', 'llm_int8_threshold': 6, 'bnb_4bit_quant_type': 'nf4', 'llm_int8_skip_modules': None, 'bnb_4bit_compute_dtype': 'bfloat16', 'llm_int8_has_fp16_weight': False, 'bnb_4bit_use_double_quant': True, 'llm_int8_enable_fp32_cpu_offload': False}",128.0,False,True,silu,500000.0,128256.0,3072.0,1e-05,"{'factor': 32, 'rope_type': 'llama3', 'low_freq_factor': 1, 'high_freq_factor': 4, 'original_max_position_embeddings': 8192}",False,1.0,0.0,8192.0,28.0,24.0,8.0,131072.0,,,,,,,,,,,,,,,,,,,,,,,,,,,,,,,,,,,,,,,,,,,,,,,,,,,,,,,,,,
rodornelles-hertie-school,master_thesis-open_source_models,h7m06ejz,ft_unsloth__Llama-3.2-3B-Instruct_v1_2025-04-13_16-09-10,2025-04-13T16:18:41Z,failed,[],https://wandb.ai/rodornelles-hertie-school/master_thesis-open_source_models/runs/h7m06ejz,True,False,[],3407.0,,[],adamw_8bit,50.0,1.0,,True,False,False,0.0,False,False,"{'0': 'LABEL_0', '1': 'LABEL_1'}","{'LABEL_0': 0, 'LABEL_1': 1}",ft_unsloth__Llama-3.2-3B-Instruct_v1_2025-04-13_16-09-10,False,False,,,False,<HUB_TOKEN>,passive,-1.0,1.0,last,['wandb'],1.0,False,0.9,0.999,False,0.0,5,False,0.0,20.0,0.0,llama,,outputs_ft_unsloth__Llama-3.2-3B-Instruct_v1_2025-04-13_16-09-10,-1.0,10.0,,1800.0,"{'xla': False, 'xla_fsdp_v2': False, 'min_num_params': 0, 'xla_fsdp_grad_ckpt': False}",,outputs_ft_unsloth__Llama-3.2-3B-Instruct_v1_2025-04-13_16-09-10/runs/Apr13_16-09-32_7783fa843c9d,False,True,1.0,,bfloat16,,False,1e-08,128000.0,False,128009,,auto,,every_save,128004.0,,,False,0.0,5.0,0.01,['LlamaForCausalLM'],,False,steps,False,2e-05,1.0,1.0,,False,steps,False,,True,,True,,False,False,O1,1.0,16384.0,False,False,,<CHARS_PER_TOKEN>,,,False,False,1.0,False,,,2025.3.19,1.0,False,,False,True,steps,,10.0,True,3,False,,0.0,False,,0.02,warning,linear,,False,<PUSH_TO_HUB_TOKEN>,False,False,"{'even_batches': True, 'non_blocking': False, 'split_batches': False, 'dispatch_batches': None, 'use_seedable_sampler': True, 'gradient_accumulation_kwargs': None}",False,,text,False,length,False,1.0,,-1.0,False,,,0.0,[],,,True,False,True,False,False,3224906752.0,0.0,1.0,,False,False,False,,,4.51.2,,,True,,eval_loss,False,True,,0.0,,True,False,False,auto,0.0,True,True,,0.0,1,,False,,,,False,,,False,1.0,False,,1.0,1.0,0.0,False,False,,False,,,False,{'runtime': 5},,,,,,,,,,,,"{'default': {'r': 8, 'bias': 'none', 'revision': None, 'use_dora': False, 'lora_bias': False, 'peft_type': 'LORA', 'task_type': 'CAUSAL_LM', 'eva_config': None, 'lora_alpha': 8, 'use_rslora': False, 'auto_mapping': None, 'corda_config': None, 'lora_dropout': 0, 'megatron_core': 'megatron.core', 'fan_in_fan_out': False, 'inference_mode': False, 'layers_pattern': None, 'runtime_config': {'ephemeral_gpu_offload': False}, 'target_modules': ['v_proj', 'gate_proj', 'down_proj', 'o_proj', 'k_proj', 'q_proj', 'up_proj'], 'exclude_modules': None, 'megatron_config': None, 'modules_to_save': None, 'init_lora_weights': True, 'layer_replication': None, 'layers_to_transform': None, 'base_model_name_or_path': 'unsloth/llama-3.2-3b-instruct-unsloth-bnb-4bit', 'trainable_token_indices': None}}","{'load_in_4bit': True, 'load_in_8bit': False, 'quant_method': 'bitsandbytes', 'llm_int8_threshold': 6, 'bnb_4bit_quant_type': 'nf4', 'llm_int8_skip_modules': None, 'bnb_4bit_compute_dtype': 'bfloat16', 'llm_int8_has_fp16_weight': False, 'bnb_4bit_use_double_quant': True, 'llm_int8_enable_fp32_cpu_offload': False}",128.0,False,True,silu,500000.0,128256.0,3072.0,1e-05,"{'factor': 32, 'rope_type': 'llama3', 'low_freq_factor': 1, 'high_freq_factor': 4, 'original_max_position_embeddings': 8192}",False,1.0,0.0,8192.0,28.0,24.0,8.0,131072.0,,,,,,,,,,,,,,,,,,,,,,,,,,,,,,,,,,,,,,,,,,,,,,,,,,,,,,,,,,
rodornelles-hertie-school,master_thesis-open_source_models,mfoxy2fp,ft_unsloth__gemma-3-12b-it_v1_2025-04-14_09-21-44,2025-04-14T09:31:27Z,failed,[],https://wandb.ai/rodornelles-hertie-school/master_thesis-open_source_models/runs/mfoxy2fp,True,False,[],3407.0,,[],adamw_8bit,50.0,1.0,,True,False,False,0.0,False,False,"{'0': 'LABEL_0', '1': 'LABEL_1'}","{'LABEL_0': 0, 'LABEL_1': 1}",ft_unsloth__gemma-3-12b-it_v1_2025-04-14_09-21-44,False,False,3407,,False,<HUB_TOKEN>,passive,-1.0,1.0,last,['wandb'],1.0,False,0.9,0.999,False,0.0,10,False,0.0,20.0,0.0,gemma3,,outputs_ft_unsloth__gemma-3-12b-it_v1_2025-04-14_09-21-44,-1.0,10.0,,1800.0,"{'xla': False, 'xla_fsdp_v2': False, 'min_num_params': 0, 'xla_fsdp_grad_ckpt': False}",,outputs_ft_unsloth__gemma-3-12b-it_v1_2025-04-14_09-21-44/runs/Apr14_09-22-15_7783fa843c9d,False,True,1.0,"{'top_k': 50, 'top_p': 1, 'prefix': None, 'head_dim': 256, 'id2label': {'0': 'LABEL_0', '1': 'LABEL_1'}, 'label2id': {'LABEL_0': 0, 'LABEL_1': 1}, 'do_sample': False, 'num_beams': 1, 'typical_p': 1, 'use_cache': True, 'is_decoder': False, 'max_length': 20, 'min_length': 0, 'model_type': 'gemma3_text', 'rope_theta': 1000000.0, 'vocab_size': 262208, 'hidden_size': 3840, 'return_dict': True, 'temperature': 1, 'torch_dtype': 'bfloat16', 'torchscript': False, 'bos_token_id': 2, 'eos_token_id': 1, 'pad_token_id': 0, 'problem_type': None, 'rms_norm_eps': 1e-06, 'rope_scaling': {'factor': 8, 'rope_type': 'linear'}, 'sep_token_id': None, 'use_bfloat16': False, '_name_or_path': '', 'architectures': None, 'bad_words_ids': None, 'output_scores': False, 'attention_bias': False, 'early_stopping': False, 'length_penalty': 1, 'sliding_window': 1024, 'tf_legacy_loss': False, 'finetuning_task': None, 'num_beam_groups': 1, 'suppress_tokens': None, 'tokenizer_class': None, 'attention_dropout': 0, 'diversity_penalty': 0, 'hidden_activation': 'gelu_pytorch_tanh', 'initializer_range': 0.02, 'intermediate_size': 15360, 'num_hidden_layers': 48, 'output_attentions': False, 'is_encoder_decoder': False, 'repetition_penalty': 1, 'add_cross_attention': False, 'forced_bos_token_id': None, 'forced_eos_token_id': None, 'num_attention_heads': 16, 'num_key_value_heads': 8, 'tie_encoder_decoder': False, 'tie_word_embeddings': True, 'cache_implementation': 'hybrid', 'no_repeat_ngram_size': 0, 'num_return_sequences': 1, 'output_hidden_states': False, 'rope_local_base_freq': 10000, 'task_specific_params': None, 'begin_suppress_tokens': None, 'query_pre_attn_scalar': 256, 'remove_invalid_values': False, 'attn_logit_softcapping': None, 'decoder_start_token_id': None, 'sliding_window_pattern': 6, 'chunk_size_feed_forward': 0, 'final_logit_softcapping': None, 'max_position_embeddings': 131072, 'return_dict_in_generate': False, 'cross_attention_hidden_size': None, '_attn_implementation_autoset': False, 'encoder_no_repeat_ngram_size': 0, 'exponential_decay_length_penalty': None}",bfloat16,,False,1e-08,2.0,False,106,,auto,,every_save,0.0,,,False,0.1,5.0,0.01,['Gemma3ForConditionalGeneration'],,False,steps,False,2e-05,1.0,1.0,,False,steps,False,,True,"{'top_k': 50, 'top_p': 1, 'prefix': None, 'id2label': {'0': 'LABEL_0', '1': 'LABEL_1'}, 'label2id': {'LABEL_0': 0, 'LABEL_1': 1}, 'do_sample': False, 'num_beams': 1, 'typical_p': 1, 'hidden_act': 'gelu_pytorch_tanh', 'image_size': 896, 'is_decoder': False, 'max_length': 20, 'min_length': 0, 'model_type': 'siglip_vision_model', 'patch_size': 14, 'hidden_size': 1152, 'return_dict': True, 'temperature': 1, 'torch_dtype': 'bfloat16', 'torchscript': False, 'bos_token_id': None, 'eos_token_id': None, 'num_channels': 3, 'pad_token_id': None, 'problem_type': None, 'sep_token_id': None, 'use_bfloat16': False, '_name_or_path': '', 'architectures': None, 'bad_words_ids': None, 'output_scores': False, 'early_stopping': False, 'layer_norm_eps': 1e-06, 'length_penalty': 1, 'tf_legacy_loss': False, 'finetuning_task': None, 'num_beam_groups': 1, 'suppress_tokens': None, 'tokenizer_class': None, 'vision_use_head': False, 'attention_dropout': 0, 'diversity_penalty': 0, 'intermediate_size': 4304, 'num_hidden_layers': 27, 'output_attentions': False, 'is_encoder_decoder': False, 'repetition_penalty': 1, 'add_cross_attention': False, 'forced_bos_token_id': None, 'forced_eos_token_id': None, 'num_attention_heads': 16, 'tie_encoder_decoder': False, 'tie_word_embeddings': True, 'no_repeat_ngram_size': 0, 'num_return_sequences': 1, 'output_hidden_states': False, 'task_specific_params': None, 'begin_suppress_tokens': None, 'remove_invalid_values': False, 'decoder_start_token_id': None, 'chunk_size_feed_forward': 0, 'return_dict_in_generate': False, 'cross_attention_hidden_size': None, '_attn_implementation_autoset': False, 'encoder_no_repeat_ngram_size': 0, 'exponential_decay_length_penalty': None}",True,,False,False,O1,1.0,18432.0,False,False,255999.0,<CHARS_PER_TOKEN>,256000.0,,False,False,1.0,False,,,2025.3.19,1.0,False,,False,True,steps,,10.0,True,3,False,,0.0,False,262144.0,0.02,warning,linear,,False,<PUSH_TO_HUB_TOKEN>,False,False,"{'even_batches': True, 'non_blocking': False, 'split_batches': False, 'dispatch_batches': None, 'use_seedable_sampler': True, 'gradient_accumulation_kwargs': None}",False,,text,False,length,False,1.0,,-1.0,False,,,0.0,[],256.0,,True,False,True,False,False,12221553264.0,0.0,1.0,,False,,False,,,4.51.2,,,True,,eval_loss,False,True,,0.0,,True,False,False,auto,0.0,True,False,,0.0,2,,False,250.0,,,False,,,False,1.0,False,,4.0,1.0,0.0,False,False,,False,,,False,{'runtime': 381},,,,363.881072006,4.0,1744622901.8614335,0.10752688172043012,5.0,0.5378153324127197,1.6000000000000003e-05,0.2143,"{'default': {'r': 8, 'bias': 'none', 'revision': None, 'use_dora': False, 'lora_bias': False, 'peft_type': 'LORA', 'task_type': 'CAUSAL_LM', 'eva_config': None, 'lora_alpha': 8, 'use_rslora': False, 'auto_mapping': None, 'corda_config': None, 'lora_dropout': 0, 'megatron_core': 'megatron.core', 'fan_in_fan_out': False, 'inference_mode': False, 'layers_pattern': None, 'runtime_config': {'ephemeral_gpu_offload': False}, 'target_modules': ['v_proj', 'q_proj', 'down_proj', 'o_proj', 'k_proj', 'gate_proj', 'up_proj'], 'exclude_modules': None, 'megatron_config': None, 'modules_to_save': None, 'init_lora_weights': True, 'layer_replication': None, 'layers_to_transform': None, 'base_model_name_or_path': 'unsloth/gemma-3-12b-it-unsloth-bnb-4bit', 'trainable_token_indices': None}}","{'load_in_4bit': True, 'load_in_8bit': False, 'quant_method': 'bitsandbytes', 'llm_int8_threshold': 6, 'bnb_4bit_quant_type': 'nf4', 'llm_int8_skip_modules': None, 'bnb_4bit_compute_dtype': 'bfloat16', 'llm_int8_has_fp16_weight': False, 'bnb_4bit_use_double_quant': True, 'llm_int8_enable_fp32_cpu_offload': False}",,,,,,,,,,,,,,,,,,,,,,,,,,,,,,,,,,,,,,,,,,,,,,,,,,,,,,,,,,,,,,,,,,,,,,,,,,,
rodornelles-hertie-school,master_thesis-open_source_models,sxm5gcc9,ft_unsloth__Meta-Llama-3.1-8B_v1_2025-04-13_20-53-09,2025-04-13T21:02:41Z,killed,[],https://wandb.ai/rodornelles-hertie-school/master_thesis-open_source_models/runs/sxm5gcc9,True,False,[],3407.0,,[],adamw_8bit,50.0,1.0,,True,False,False,0.0,False,False,"{'0': 'LABEL_0', '1': 'LABEL_1'}","{'LABEL_0': 0, 'LABEL_1': 1}",ft_unsloth__Meta-Llama-3.1-8B_v1_2025-04-13_20-53-09,False,False,,,False,<HUB_TOKEN>,passive,-1.0,1.0,last,['wandb'],1.0,False,0.9,0.999,False,0.0,10,False,0.0,20.0,0.0,llama,,outputs_ft_unsloth__Meta-Llama-3.1-8B_v1_2025-04-13_20-53-09,-1.0,10.0,,1800.0,"{'xla': False, 'xla_fsdp_v2': False, 'min_num_params': 0, 'xla_fsdp_grad_ckpt': False}",,outputs_ft_unsloth__Meta-Llama-3.1-8B_v1_2025-04-13_20-53-09/runs/Apr13_20-53-32_7783fa843c9d,False,True,1.0,,bfloat16,,False,1e-08,128000.0,False,128001,,auto,,every_save,128004.0,,,False,0.0,5.0,0.01,['LlamaForCausalLM'],,False,steps,False,2e-05,1.0,1.0,,False,steps,False,,True,,True,,False,False,O1,1.0,18432.0,False,False,,<CHARS_PER_TOKEN>,,,False,False,1.0,False,,,2025.3.19,1.0,False,,False,True,steps,,10.0,True,3,False,,0.0,False,,0.02,warning,linear,,False,<PUSH_TO_HUB_TOKEN>,False,False,"{'even_batches': True, 'non_blocking': False, 'split_batches': False, 'dispatch_batches': None, 'use_seedable_sampler': True, 'gradient_accumulation_kwargs': None}",False,,text,False,length,False,1.0,,-1.0,False,,,0.0,[],,,True,False,False,False,False,8072204288.0,0.0,1.0,,False,False,False,,,4.51.2,,,True,,eval_loss,False,True,,0.0,,True,False,False,auto,0.0,True,True,,0.0,4,,False,,,,False,,,False,1.0,False,,4.0,1.0,0.0,False,False,,False,,,False,{'runtime': 152},,,,150.479305784,5.0,1744577765.847534,0.25806451612903225,6.0,0.23138079047203064,2e-05,0.1693,"{'default': {'r': 16, 'bias': 'none', 'revision': None, 'use_dora': False, 'lora_bias': False, 'peft_type': 'LORA', 'task_type': 'CAUSAL_LM', 'eva_config': None, 'lora_alpha': 16, 'use_rslora': False, 'auto_mapping': None, 'corda_config': None, 'lora_dropout': 0, 'megatron_core': 'megatron.core', 'fan_in_fan_out': False, 'inference_mode': False, 'layers_pattern': None, 'runtime_config': {'ephemeral_gpu_offload': False}, 'target_modules': ['q_proj', 'o_proj', 'k_proj', 'v_proj', 'down_proj', 'up_proj', 'gate_proj'], 'exclude_modules': None, 'megatron_config': None, 'modules_to_save': None, 'init_lora_weights': True, 'layer_replication': None, 'layers_to_transform': None, 'base_model_name_or_path': 'unsloth/meta-llama-3.1-8b-unsloth-bnb-4bit', 'trainable_token_indices': None}}","{'load_in_4bit': True, 'load_in_8bit': False, 'quant_method': 'bitsandbytes', 'llm_int8_threshold': 6, 'bnb_4bit_quant_type': 'nf4', 'llm_int8_skip_modules': None, 'bnb_4bit_compute_dtype': 'bfloat16', 'llm_int8_has_fp16_weight': False, 'bnb_4bit_use_double_quant': True, 'llm_int8_enable_fp32_cpu_offload': False}",128.0,False,True,silu,500000.0,128256.0,4096.0,1e-05,"{'factor': 8, 'rope_type': 'llama3', 'low_freq_factor': 1, 'high_freq_factor': 4, 'original_max_position_embeddings': 8192}",False,1.0,0.0,14336.0,32.0,32.0,8.0,131072.0,,,,,,,,,,,,,,,,,,,,,,,,,,,,,,,,,,,,,,,,,,,,,,,,,,,,,,,,,,
rodornelles-hertie-school,master_thesis-open_source_models,slsw90xk,ft_unsloth__Llama-3.2-3B-Instruct_v1_2025-04-13_17-52-07,2025-04-13T18:01:58Z,finished,[],https://wandb.ai/rodornelles-hertie-school/master_thesis-open_source_models/runs/slsw90xk,True,False,[],3407.0,,[],adamw_8bit,50.0,1.0,,True,False,False,0.0,False,False,"{'0': 'LABEL_0', '1': 'LABEL_1'}","{'LABEL_0': 0, 'LABEL_1': 1}",ft_unsloth__Llama-3.2-3B-Instruct_v1_2025-04-13_17-52-07,False,False,,,False,<HUB_TOKEN>,passive,-1.0,1.0,last,['wandb'],1.0,False,0.9,0.999,False,0.0,10,False,0.0,20.0,0.0,llama,,outputs_ft_unsloth__Llama-3.2-3B-Instruct_v1_2025-04-13_17-52-07,-1.0,10.0,,1800.0,"{'xla': False, 'xla_fsdp_v2': False, 'min_num_params': 0, 'xla_fsdp_grad_ckpt': False}",,outputs_ft_unsloth__Llama-3.2-3B-Instruct_v1_2025-04-13_17-52-07/runs/Apr13_17-52-27_7783fa843c9d,False,True,1.0,,bfloat16,,False,1e-08,128000.0,False,128009,,auto,,every_save,128004.0,,,False,0.0,5.0,0.01,['LlamaForCausalLM'],,False,steps,False,2e-05,1.0,1.0,,False,steps,False,,True,,True,,False,False,O1,1.0,18432.0,False,False,,<CHARS_PER_TOKEN>,,,False,False,1.0,False,,,2025.3.19,1.0,False,,False,True,steps,,10.0,True,3,False,,0.0,False,,0.02,warning,linear,,False,<PUSH_TO_HUB_TOKEN>,False,False,"{'even_batches': True, 'non_blocking': False, 'split_batches': False, 'dispatch_batches': None, 'use_seedable_sampler': True, 'gradient_accumulation_kwargs': None}",False,,text,False,length,False,1.0,,-1.0,False,,,0.0,[],,,True,False,True,False,False,3237063680.0,0.0,1.0,,False,False,False,,,4.51.2,,,True,,eval_loss,False,True,,0.0,,True,False,False,auto,0.0,True,True,,0.0,4,,False,,,,False,,,False,1.0,False,,4.0,1.0,0.0,False,False,,False,,,False,{'runtime': 3494},,,,3494.315234392,506.0,1744570265.9882128,9.795698924731182,460.0,0.13677003979682922,4.395604395604396e-08,0.0183,"{'default': {'r': 16, 'bias': 'none', 'revision': None, 'use_dora': False, 'lora_bias': False, 'peft_type': 'LORA', 'task_type': 'CAUSAL_LM', 'eva_config': None, 'lora_alpha': 16, 'use_rslora': False, 'auto_mapping': None, 'corda_config': None, 'lora_dropout': 0, 'megatron_core': 'megatron.core', 'fan_in_fan_out': False, 'inference_mode': False, 'layers_pattern': None, 'runtime_config': {'ephemeral_gpu_offload': False}, 'target_modules': ['q_proj', 'k_proj', 'up_proj', 'gate_proj', 'v_proj', 'down_proj', 'o_proj'], 'exclude_modules': None, 'megatron_config': None, 'modules_to_save': None, 'init_lora_weights': True, 'layer_replication': None, 'layers_to_transform': None, 'base_model_name_or_path': 'unsloth/llama-3.2-3b-instruct-unsloth-bnb-4bit', 'trainable_token_indices': None}}","{'load_in_4bit': True, 'load_in_8bit': False, 'quant_method': 'bitsandbytes', 'llm_int8_threshold': 6, 'bnb_4bit_quant_type': 'nf4', 'llm_int8_skip_modules': None, 'bnb_4bit_compute_dtype': 'bfloat16', 'llm_int8_has_fp16_weight': False, 'bnb_4bit_use_double_quant': True, 'llm_int8_enable_fp32_cpu_offload': False}",128.0,False,True,silu,500000.0,128256.0,3072.0,1e-05,"{'factor': 32, 'rope_type': 'llama3', 'low_freq_factor': 1, 'high_freq_factor': 4, 'original_max_position_embeddings': 8192}",False,1.0,0.0,8192.0,28.0,24.0,8.0,131072.0,0.08780191093683243,19.0165,1.735,1.735,,,2.1665559612628992e+17,0.1289142706654156,3490.9943,0.533,0.132,,,,,,,,,,,,,,,,,,,,,,,,,,,,,,,,,,,,,,,,,,,,,,,
rodornelles-hertie-school,master_thesis-open_source_models,qr4anavz,ft_unsloth_full_finetunning_Llama-3.2-3B-Instruct_v1_2025-04-13_18-52-40,2025-04-13T19:33:18Z,killed,[],https://wandb.ai/rodornelles-hertie-school/master_thesis-open_source_models/runs/qr4anavz,True,False,[],3407.0,,[],adamw_8bit,50.0,1.0,,True,False,False,0.0,False,False,"{'0': 'LABEL_0', '1': 'LABEL_1'}","{'LABEL_0': 0, 'LABEL_1': 1}",ft_unsloth_full_finetunning_Llama-3.2-3B-Instruct_v1_2025-04-13_18-52-40,False,False,,,False,<HUB_TOKEN>,passive,-1.0,1.0,last,['wandb'],1.0,False,0.9,0.999,False,0.0,10,False,0.0,20.0,0.0,llama,,outputs_ft_unsloth_full_finetunning_Llama-3.2-3B-Instruct_v1_2025-04-13_18-52-40,-1.0,10.0,,1800.0,"{'xla': False, 'xla_fsdp_v2': False, 'min_num_params': 0, 'xla_fsdp_grad_ckpt': False}",,outputs_ft_unsloth_full_finetunning_Llama-3.2-3B-Instruct_v1_2025-04-13_18-52-40/runs/Apr13_19-24-05_7783fa843c9d,False,True,1.0,,bfloat16,,False,1e-08,128000.0,False,128009,,auto,,every_save,128004.0,,,False,0.0,5.0,0.01,['LlamaForCausalLM'],,False,steps,False,2e-05,1.0,1.0,,False,steps,False,,True,,True,,False,False,O1,1.0,18432.0,False,False,,<CHARS_PER_TOKEN>,,,False,False,1.0,False,,,2025.3.19,1.0,False,,False,True,steps,,10.0,True,3,False,,0.0,False,,0.02,warning,linear,,False,<PUSH_TO_HUB_TOKEN>,False,False,"{'even_batches': True, 'non_blocking': False, 'split_batches': False, 'dispatch_batches': None, 'use_seedable_sampler': True, 'gradient_accumulation_kwargs': None}",False,,text,False,length,False,1.0,,-1.0,False,,,0.0,[],,,True,False,True,False,False,3212749824.0,0.0,1.0,,False,False,False,,,4.51.2,,,True,,eval_loss,False,True,,0.0,,True,False,False,auto,0.0,True,True,,0.0,4,,False,,,,False,,,False,1.0,False,,4.0,1.0,0.0,False,False,,False,,,False,{'runtime': 115},,,,112.115348275,5.0,1744572363.528278,0.12903225806451613,6.0,2.234375,2e-05,0.0693,,,128.0,False,True,silu,500000.0,128256.0,3072.0,1e-05,"{'factor': 32, 'rope_type': 'llama3', 'low_freq_factor': 1, 'high_freq_factor': 4, 'original_max_position_embeddings': 8192}",False,1.0,0.0,8192.0,28.0,24.0,8.0,131072.0,,,,,,,,,,,,,,,,,,,,,,,,,,,,,,,,,,,,,,,,,,,,,,,,,,,,,,,,,,
rodornelles-hertie-school,master_thesis-open_source_models,bnfo1a89,ft_unsloth__gemma-3-4b-it_v1_2025-04-14_12-05-33,2025-04-14T12:15:16Z,failed,[],https://wandb.ai/rodornelles-hertie-school/master_thesis-open_source_models/runs/bnfo1a89,True,False,[],3407.0,,[],adamw_8bit,50.0,1.0,,True,False,False,0.0,False,False,"{'0': 'LABEL_0', '1': 'LABEL_1'}","{'LABEL_0': 0, 'LABEL_1': 1}",ft_unsloth__gemma-3-4b-it_v1_2025-04-14_12-05-33,False,False,3407,,False,<HUB_TOKEN>,passive,-1.0,1.0,last,['wandb'],1.0,False,0.9,0.999,False,0.0,10,False,0.0,20.0,0.0,gemma3,,outputs_ft_unsloth__gemma-3-4b-it_v1_2025-04-14_12-05-33,-1.0,10.0,,1800.0,"{'xla': False, 'xla_fsdp_v2': False, 'min_num_params': 0, 'xla_fsdp_grad_ckpt': False}",,outputs_ft_unsloth__gemma-3-4b-it_v1_2025-04-14_12-05-33/runs/Apr14_12-05-58_7783fa843c9d,False,True,1.0,"{'top_k': 50, 'top_p': 1, 'prefix': None, 'head_dim': 256, 'id2label': {'0': 'LABEL_0', '1': 'LABEL_1'}, 'label2id': {'LABEL_0': 0, 'LABEL_1': 1}, 'do_sample': False, 'num_beams': 1, 'typical_p': 1, 'use_cache': True, 'is_decoder': False, 'max_length': 20, 'min_length': 0, 'model_type': 'gemma3_text', 'rope_theta': 1000000.0, 'vocab_size': 262208, 'hidden_size': 2560, 'return_dict': True, 'temperature': 1, 'torch_dtype': 'bfloat16', 'torchscript': False, 'bos_token_id': 2, 'eos_token_id': 1, 'pad_token_id': 0, 'problem_type': None, 'rms_norm_eps': 1e-06, 'rope_scaling': {'factor': 8, 'rope_type': 'linear'}, 'sep_token_id': None, 'use_bfloat16': False, '_name_or_path': '', 'architectures': None, 'bad_words_ids': None, 'output_scores': False, 'attention_bias': False, 'early_stopping': False, 'length_penalty': 1, 'sliding_window': 1024, 'tf_legacy_loss': False, 'finetuning_task': None, 'num_beam_groups': 1, 'suppress_tokens': None, 'tokenizer_class': None, 'attention_dropout': 0, 'diversity_penalty': 0, 'hidden_activation': 'gelu_pytorch_tanh', 'initializer_range': 0.02, 'intermediate_size': 10240, 'num_hidden_layers': 34, 'output_attentions': False, 'is_encoder_decoder': False, 'repetition_penalty': 1, 'add_cross_attention': False, 'forced_bos_token_id': None, 'forced_eos_token_id': None, 'num_attention_heads': 8, 'num_key_value_heads': 4, 'tie_encoder_decoder': False, 'tie_word_embeddings': True, 'cache_implementation': 'hybrid', 'no_repeat_ngram_size': 0, 'num_return_sequences': 1, 'output_hidden_states': False, 'rope_local_base_freq': 10000, 'task_specific_params': None, 'begin_suppress_tokens': None, 'query_pre_attn_scalar': 256, 'remove_invalid_values': False, 'attn_logit_softcapping': None, 'decoder_start_token_id': None, 'sliding_window_pattern': 6, 'chunk_size_feed_forward': 0, 'final_logit_softcapping': None, 'max_position_embeddings': 131072, 'return_dict_in_generate': False, 'cross_attention_hidden_size': None, '_attn_implementation_autoset': False, 'encoder_no_repeat_ngram_size': 0, 'exponential_decay_length_penalty': None}",bfloat16,,False,1e-08,2.0,False,106,,auto,,every_save,0.0,,,False,0.1,0.0,0.01,['Gemma3ForConditionalGeneration'],,False,steps,False,2e-05,1.0,1.0,,False,steps,False,,True,"{'top_k': 50, 'top_p': 1, 'prefix': None, 'id2label': {'0': 'LABEL_0', '1': 'LABEL_1'}, 'label2id': {'LABEL_0': 0, 'LABEL_1': 1}, 'do_sample': False, 'num_beams': 1, 'typical_p': 1, 'hidden_act': 'gelu_pytorch_tanh', 'image_size': 896, 'is_decoder': False, 'max_length': 20, 'min_length': 0, 'model_type': 'siglip_vision_model', 'patch_size': 14, 'hidden_size': 1152, 'return_dict': True, 'temperature': 1, 'torch_dtype': 'bfloat16', 'torchscript': False, 'bos_token_id': None, 'eos_token_id': None, 'num_channels': 3, 'pad_token_id': None, 'problem_type': None, 'sep_token_id': None, 'use_bfloat16': False, '_name_or_path': '', 'architectures': None, 'bad_words_ids': None, 'output_scores': False, 'early_stopping': False, 'layer_norm_eps': 1e-06, 'length_penalty': 1, 'tf_legacy_loss': False, 'finetuning_task': None, 'num_beam_groups': 1, 'suppress_tokens': None, 'tokenizer_class': None, 'vision_use_head': False, 'attention_dropout': 0, 'diversity_penalty': 0, 'intermediate_size': 4304, 'num_hidden_layers': 27, 'output_attentions': False, 'is_encoder_decoder': False, 'repetition_penalty': 1, 'add_cross_attention': False, 'forced_bos_token_id': None, 'forced_eos_token_id': None, 'num_attention_heads': 16, 'tie_encoder_decoder': False, 'tie_word_embeddings': True, 'no_repeat_ngram_size': 0, 'num_return_sequences': 1, 'output_hidden_states': False, 'task_specific_params': None, 'begin_suppress_tokens': None, 'remove_invalid_values': False, 'decoder_start_token_id': None, 'chunk_size_feed_forward': 0, 'return_dict_in_generate': False, 'cross_attention_hidden_size': None, '_attn_implementation_autoset': False, 'encoder_no_repeat_ngram_size': 0, 'exponential_decay_length_penalty': None}",True,,False,False,O1,1.0,18432.0,False,False,255999.0,<CHARS_PER_TOKEN>,256000.0,,False,False,1.0,False,,,2025.3.19,1.0,False,,False,True,steps,,10.0,True,3,False,,0.0,False,262144.0,0.02,warning,linear,,False,<PUSH_TO_HUB_TOKEN>,False,False,"{'even_batches': True, 'non_blocking': False, 'split_batches': False, 'dispatch_batches': None, 'use_seedable_sampler': True, 'gradient_accumulation_kwargs': None}",False,,text,False,length,False,1.0,,-1.0,False,,,0.0,[],256.0,,True,False,True,False,False,4308276592.0,0.0,1.0,,False,,False,,,4.51.2,,,True,,eval_loss,False,True,,0.0,,True,False,False,auto,0.0,True,False,,0.0,2,,False,250.0,,,False,,,False,1.0,False,,8.0,1.0,0.0,False,False,,False,,,False,{'runtime': 282},,,,204.202060617,1.0,1744632570.303331,0.08602150537634409,2.0,0.4919571280479431,8.695652173913044e-07,0.3515,"{'default': {'r': 4, 'bias': 'none', 'revision': None, 'use_dora': False, 'lora_bias': False, 'peft_type': 'LORA', 'task_type': 'CAUSAL_LM', 'eva_config': None, 'lora_alpha': 4, 'use_rslora': False, 'auto_mapping': None, 'corda_config': None, 'lora_dropout': 0, 'megatron_core': 'megatron.core', 'fan_in_fan_out': False, 'inference_mode': False, 'layers_pattern': None, 'runtime_config': {'ephemeral_gpu_offload': False}, 'target_modules': ['k_proj', 'gate_proj', 'up_proj', 'down_proj', 'q_proj', 'o_proj', 'v_proj'], 'exclude_modules': None, 'megatron_config': None, 'modules_to_save': None, 'init_lora_weights': True, 'layer_replication': None, 'layers_to_transform': None, 'base_model_name_or_path': 'unsloth/gemma-3-4b-it', 'trainable_token_indices': None}}",,,,,,,,,,,,,,,,,,,,,,,,,,,,,,,,,,,,,,,,,,,,,,,,,,,,,,,,,,,,,,,,,,,,,,,,,,,,
rodornelles-hertie-school,master_thesis-open_source_models,i4qq2s0l,ft_unsloth__Meta-Llama-3.1-8B_v1_2025-04-13_20-40-20,2025-04-13T20:50:11Z,failed,[],https://wandb.ai/rodornelles-hertie-school/master_thesis-open_source_models/runs/i4qq2s0l,True,False,[],3407.0,,[],adamw_8bit,50.0,1.0,,True,False,False,0.0,False,False,"{'0': 'LABEL_0', '1': 'LABEL_1'}","{'LABEL_0': 0, 'LABEL_1': 1}",ft_unsloth__Meta-Llama-3.1-8B_v1_2025-04-13_20-40-20,False,False,,,False,<HUB_TOKEN>,passive,-1.0,1.0,last,['wandb'],1.0,False,0.9,0.999,False,0.0,10,False,0.0,20.0,0.0,llama,,outputs_ft_unsloth__Meta-Llama-3.1-8B_v1_2025-04-13_20-40-20,-1.0,10.0,,1800.0,"{'xla': False, 'xla_fsdp_v2': False, 'min_num_params': 0, 'xla_fsdp_grad_ckpt': False}",,outputs_ft_unsloth__Meta-Llama-3.1-8B_v1_2025-04-13_20-40-20/runs/Apr13_20-40-43_7783fa843c9d,False,True,1.0,,bfloat16,,False,1e-08,128000.0,False,128001,,auto,,every_save,128004.0,,,False,0.0,5.0,0.01,['LlamaForCausalLM'],,False,steps,False,2e-05,1.0,1.0,,False,steps,False,,True,,True,,False,False,O1,1.0,18432.0,False,False,,<CHARS_PER_TOKEN>,,,False,False,1.0,False,,,2025.3.19,1.0,False,,False,True,steps,,10.0,True,3,False,,0.0,False,,0.02,warning,linear,,False,<PUSH_TO_HUB_TOKEN>,False,False,"{'even_batches': True, 'non_blocking': False, 'split_batches': False, 'dispatch_batches': None, 'use_seedable_sampler': True, 'gradient_accumulation_kwargs': None}",False,,text,False,length,False,1.0,,-1.0,False,,,0.0,[],,,True,False,False,False,False,8072204288.0,0.0,1.0,,False,False,False,,,4.51.2,,,True,,eval_loss,False,True,,0.0,,True,False,False,auto,0.0,True,True,,0.0,4,,False,,,,False,,,False,1.0,False,,4.0,1.0,0.0,False,False,,False,,,False,{'runtime': 500},,,,499.489433649,9.0,1744577365.040334,0.851063829787234,10.0,0.20160901546478271,1.923809523809524e-05,0.1734,"{'default': {'r': 16, 'bias': 'none', 'revision': None, 'use_dora': False, 'lora_bias': False, 'peft_type': 'LORA', 'task_type': 'CAUSAL_LM', 'eva_config': None, 'lora_alpha': 16, 'use_rslora': False, 'auto_mapping': None, 'corda_config': None, 'lora_dropout': 0, 'megatron_core': 'megatron.core', 'fan_in_fan_out': False, 'inference_mode': False, 'layers_pattern': None, 'runtime_config': {'ephemeral_gpu_offload': False}, 'target_modules': ['o_proj', 'k_proj', 'down_proj', 'q_proj', 'up_proj', 'v_proj', 'gate_proj'], 'exclude_modules': None, 'megatron_config': None, 'modules_to_save': None, 'init_lora_weights': True, 'layer_replication': None, 'layers_to_transform': None, 'base_model_name_or_path': 'unsloth/meta-llama-3.1-8b-unsloth-bnb-4bit', 'trainable_token_indices': None}}","{'load_in_4bit': True, 'load_in_8bit': False, 'quant_method': 'bitsandbytes', 'llm_int8_threshold': 6, 'bnb_4bit_quant_type': 'nf4', 'llm_int8_skip_modules': None, 'bnb_4bit_compute_dtype': 'bfloat16', 'llm_int8_has_fp16_weight': False, 'bnb_4bit_use_double_quant': True, 'llm_int8_enable_fp32_cpu_offload': False}",128.0,False,True,silu,500000.0,128256.0,4096.0,1e-05,"{'factor': 8, 'rope_type': 'llama3', 'low_freq_factor': 1, 'high_freq_factor': 4, 'original_max_position_embeddings': 8192}",False,1.0,0.0,14336.0,32.0,32.0,8.0,131072.0,,,,,,,,,,,,,,,,,,,,,,,,,,,,,,,,,,,,,,,,,,,,,,,,,,,,,,,,,,
rodornelles-hertie-school,master_thesis-open_source_models,sa7hmygy,ft_unsloth__Meta-Llama-3.1-8B_v1_2025-04-13_20-36-19,2025-04-13T20:48:03Z,crashed,[],https://wandb.ai/rodornelles-hertie-school/master_thesis-open_source_models/runs/sa7hmygy,True,False,[],3407.0,,[],adamw_8bit,50.0,1.0,,True,False,False,0.0,False,False,"{'0': 'LABEL_0', '1': 'LABEL_1'}","{'LABEL_0': 0, 'LABEL_1': 1}",ft_unsloth__Meta-Llama-3.1-8B_v1_2025-04-13_20-36-19,False,False,,,False,<HUB_TOKEN>,passive,-1.0,1.0,last,['wandb'],1.0,False,0.9,0.999,False,0.0,10,False,0.0,20.0,0.0,llama,,outputs_ft_unsloth__Meta-Llama-3.1-8B_v1_2025-04-13_20-36-19,-1.0,10.0,,1800.0,"{'xla': False, 'xla_fsdp_v2': False, 'min_num_params': 0, 'xla_fsdp_grad_ckpt': False}",,outputs_ft_unsloth__Meta-Llama-3.1-8B_v1_2025-04-13_20-36-19/runs/Apr13_20-38-32_7783fa843c9d,False,True,1.0,,bfloat16,,False,1e-08,128000.0,False,128001,,auto,,every_save,128004.0,,,False,0.0,5.0,0.01,['LlamaForCausalLM'],,False,steps,False,2e-05,1.0,1.0,,False,steps,False,,True,,True,,False,False,O1,1.0,18432.0,False,False,,<CHARS_PER_TOKEN>,,,False,False,1.0,False,,,2025.3.19,1.0,False,,False,True,steps,,10.0,True,3,False,,0.0,False,,0.02,warning,linear,,False,<PUSH_TO_HUB_TOKEN>,False,False,"{'even_batches': True, 'non_blocking': False, 'split_batches': False, 'dispatch_batches': None, 'use_seedable_sampler': True, 'gradient_accumulation_kwargs': None}",False,,text,False,length,False,1.0,,-1.0,False,,,0.0,[],,,True,False,False,False,False,8072204288.0,0.0,1.0,,False,False,False,,,4.51.2,,,True,,eval_loss,False,True,,0.0,,True,False,False,auto,0.0,True,True,,0.0,4,,False,,,,False,,,False,1.0,False,,4.0,1.0,0.0,False,False,,False,,,False,,,,,,,,,,,,,"{'default': {'r': 16, 'bias': 'none', 'revision': None, 'use_dora': False, 'lora_bias': False, 'peft_type': 'LORA', 'task_type': 'CAUSAL_LM', 'eva_config': None, 'lora_alpha': 16, 'use_rslora': False, 'auto_mapping': None, 'lora_dropout': 0, 'megatron_core': 'megatron.core', 'fan_in_fan_out': False, 'inference_mode': False, 'layers_pattern': None, 'runtime_config': {'ephemeral_gpu_offload': False}, 'target_modules': ['down_proj', 'up_proj', 'q_proj', 'k_proj', 'o_proj', 'gate_proj', 'v_proj'], 'exclude_modules': None, 'megatron_config': None, 'modules_to_save': None, 'init_lora_weights': True, 'layer_replication': None, 'layers_to_transform': None, 'base_model_name_or_path': 'unsloth/meta-llama-3.1-8b-unsloth-bnb-4bit'}}","{'load_in_4bit': True, 'load_in_8bit': False, 'quant_method': 'bitsandbytes', 'llm_int8_threshold': 6, 'bnb_4bit_quant_type': 'nf4', 'llm_int8_skip_modules': None, 'bnb_4bit_compute_dtype': 'bfloat16', 'llm_int8_has_fp16_weight': False, 'bnb_4bit_use_double_quant': True, 'llm_int8_enable_fp32_cpu_offload': False}",128.0,False,True,silu,500000.0,128256.0,4096.0,1e-05,"{'factor': 8, 'rope_type': 'llama3', 'low_freq_factor': 1, 'high_freq_factor': 4, 'original_max_position_embeddings': 8192}",False,1.0,0.0,14336.0,32.0,32.0,8.0,131072.0,,,,,,,,,,,,,,,,,,,,,,,,,,,,,,,,,,,,,,,,,,,,,,,,,,,,,,,,,,
rodornelles-hertie-school,master_thesis-open_source_models,micqrna6,ft_unsloth__Llama-3.1-8B-Instruct_v1_2025-04-13_20-19-14,2025-04-13T20:29:14Z,finished,[],https://wandb.ai/rodornelles-hertie-school/master_thesis-open_source_models/runs/micqrna6,True,False,[],3407.0,,[],adamw_8bit,50.0,1.0,,True,False,False,0.0,False,False,"{'0': 'LABEL_0', '1': 'LABEL_1'}","{'LABEL_0': 0, 'LABEL_1': 1}",ft_unsloth__Llama-3.1-8B-Instruct_v1_2025-04-13_20-19-14,False,False,,,False,<HUB_TOKEN>,passive,-1.0,1.0,last,['wandb'],1.0,False,0.9,0.999,False,0.0,10,False,0.0,20.0,0.0,llama,,outputs_ft_unsloth__Llama-3.1-8B-Instruct_v1_2025-04-13_20-19-14,-1.0,10.0,,1800.0,"{'xla': False, 'xla_fsdp_v2': False, 'min_num_params': 0, 'xla_fsdp_grad_ckpt': False}",,outputs_ft_unsloth__Llama-3.1-8B-Instruct_v1_2025-04-13_20-19-14/runs/Apr13_20-19-36_7783fa843c9d,False,True,1.0,,bfloat16,,False,1e-08,128000.0,False,128009,,auto,,every_save,128004.0,,,False,0.0,5.0,0.01,['LlamaForCausalLM'],,False,steps,False,2e-05,1.0,1.0,,False,steps,False,,True,,True,,False,False,O1,1.0,18432.0,False,False,,<CHARS_PER_TOKEN>,,,False,False,1.0,False,,,2025.3.19,1.0,False,,False,True,steps,,10.0,True,3,False,,0.0,False,,0.02,warning,linear,,False,<PUSH_TO_HUB_TOKEN>,False,False,"{'even_batches': True, 'non_blocking': False, 'split_batches': False, 'dispatch_batches': None, 'use_seedable_sampler': True, 'gradient_accumulation_kwargs': None}",False,,text,False,length,False,1.0,,-1.0,False,,,0.0,[],,,True,False,False,False,False,8072204288.0,0.0,1.0,,False,False,False,,,4.51.2,,,True,,eval_loss,False,True,,0.0,,True,False,False,auto,0.0,True,True,,0.0,4,,False,,,,False,,,False,1.0,False,,4.0,1.0,0.0,False,False,,False,,,False,{'runtime': 72},,,,,,,,,,,,"{'default': {'r': 16, 'bias': 'none', 'revision': None, 'use_dora': False, 'lora_bias': False, 'peft_type': 'LORA', 'task_type': 'CAUSAL_LM', 'eva_config': None, 'lora_alpha': 16, 'use_rslora': False, 'auto_mapping': None, 'lora_dropout': 0, 'megatron_core': 'megatron.core', 'fan_in_fan_out': False, 'inference_mode': False, 'layers_pattern': None, 'runtime_config': {'ephemeral_gpu_offload': False}, 'target_modules': ['k_proj', 'gate_proj', 'q_proj', 'down_proj', 'o_proj', 'v_proj', 'up_proj'], 'exclude_modules': None, 'megatron_config': None, 'modules_to_save': None, 'init_lora_weights': True, 'layer_replication': None, 'layers_to_transform': None, 'base_model_name_or_path': 'unsloth/llama-3.1-8b-instruct-unsloth-bnb-4bit'}}","{'load_in_4bit': True, 'load_in_8bit': False, 'quant_method': 'bitsandbytes', 'llm_int8_threshold': 6, 'bnb_4bit_quant_type': 'nf4', 'llm_int8_skip_modules': None, 'bnb_4bit_compute_dtype': 'bfloat16', 'llm_int8_has_fp16_weight': False, 'bnb_4bit_use_double_quant': True, 'llm_int8_enable_fp32_cpu_offload': False}",128.0,False,True,silu,500000.0,128256.0,4096.0,1e-05,"{'factor': 8, 'rope_type': 'llama3', 'low_freq_factor': 1, 'high_freq_factor': 4, 'original_max_position_embeddings': 8192}",False,1.0,0.0,14336.0,32.0,32.0,8.0,131072.0,,,,,,,,,,,,,,,,,,,,,,,,,,,,,,,,,,,,,,,,,,,,,,,,,,,,,,,,,,
rodornelles-hertie-school,master_thesis-open_source_models,fm5h9j59,ft_unsloth__Llama-3.1-8B-Instruct_v1_2025-04-13_21-15-05,2025-04-13T21:24:37Z,failed,[],https://wandb.ai/rodornelles-hertie-school/master_thesis-open_source_models/runs/fm5h9j59,True,False,[],3407.0,,[],adamw_8bit,50.0,1.0,,True,False,False,0.0,False,False,"{'0': 'LABEL_0', '1': 'LABEL_1'}","{'LABEL_0': 0, 'LABEL_1': 1}",ft_unsloth__Llama-3.1-8B-Instruct_v1_2025-04-13_21-15-05,False,False,,,False,<HUB_TOKEN>,passive,-1.0,1.0,last,['wandb'],1.0,False,0.9,0.999,False,0.0,10,False,0.0,20.0,0.0,llama,,outputs_ft_unsloth__Llama-3.1-8B-Instruct_v1_2025-04-13_21-15-05,-1.0,10.0,,1800.0,"{'xla': False, 'xla_fsdp_v2': False, 'min_num_params': 0, 'xla_fsdp_grad_ckpt': False}",,outputs_ft_unsloth__Llama-3.1-8B-Instruct_v1_2025-04-13_21-15-05/runs/Apr13_21-15-28_7783fa843c9d,False,True,1.0,,bfloat16,,False,1e-08,128000.0,False,128009,,auto,,every_save,128004.0,,,False,0.0,5.0,0.01,['LlamaForCausalLM'],,False,steps,False,2e-05,1.0,1.0,,False,steps,False,,True,,True,,False,False,O1,1.0,18432.0,False,False,,<CHARS_PER_TOKEN>,,,False,False,1.0,False,,,2025.3.19,1.0,False,,False,True,steps,,10.0,True,3,False,,0.0,False,,0.02,warning,linear,,False,<PUSH_TO_HUB_TOKEN>,False,False,"{'even_batches': True, 'non_blocking': False, 'split_batches': False, 'dispatch_batches': None, 'use_seedable_sampler': True, 'gradient_accumulation_kwargs': None}",False,,text,False,length,False,1.0,,-1.0,False,,,0.0,[],,,True,False,False,False,False,8072204288.0,0.0,1.0,,False,False,False,,,4.51.2,,,True,,eval_loss,False,True,,0.0,,True,False,False,auto,0.0,True,True,,0.0,4,,False,,,,False,,,False,1.0,False,,4.0,1.0,0.0,False,False,,False,,,False,{'runtime': 6},,,,,,,,,,,,"{'default': {'r': 16, 'bias': 'none', 'revision': None, 'use_dora': False, 'lora_bias': False, 'peft_type': 'LORA', 'task_type': 'CAUSAL_LM', 'eva_config': None, 'lora_alpha': 16, 'use_rslora': False, 'auto_mapping': None, 'corda_config': None, 'lora_dropout': 0, 'megatron_core': 'megatron.core', 'fan_in_fan_out': False, 'inference_mode': False, 'layers_pattern': None, 'runtime_config': {'ephemeral_gpu_offload': False}, 'target_modules': ['o_proj', 'q_proj', 'down_proj', 'v_proj', 'up_proj', 'k_proj', 'gate_proj'], 'exclude_modules': None, 'megatron_config': None, 'modules_to_save': None, 'init_lora_weights': True, 'layer_replication': None, 'layers_to_transform': None, 'base_model_name_or_path': 'unsloth/llama-3.1-8b-instruct-unsloth-bnb-4bit', 'trainable_token_indices': None}}","{'load_in_4bit': True, 'load_in_8bit': False, 'quant_method': 'bitsandbytes', 'llm_int8_threshold': 6, 'bnb_4bit_quant_type': 'nf4', 'llm_int8_skip_modules': None, 'bnb_4bit_compute_dtype': 'bfloat16', 'llm_int8_has_fp16_weight': False, 'bnb_4bit_use_double_quant': True, 'llm_int8_enable_fp32_cpu_offload': False}",128.0,False,True,silu,500000.0,128256.0,4096.0,1e-05,"{'factor': 8, 'rope_type': 'llama3', 'low_freq_factor': 1, 'high_freq_factor': 4, 'original_max_position_embeddings': 8192}",False,1.0,0.0,14336.0,32.0,32.0,8.0,131072.0,,,,,,,,,,,,,,,,,,,,,,,,,,,,,,,,,,,,,,,,,,,,,,,,,,,,,,,,,,
rodornelles-hertie-school,master_thesis-open_source_models,u2m65c65,ft_unsloth__gemma-3-1b-it_v1_2025-04-14_12-37-35,2025-04-14T12:47:58Z,failed,[],https://wandb.ai/rodornelles-hertie-school/master_thesis-open_source_models/runs/u2m65c65,True,False,[],3407.0,,[],adamw_8bit,50.0,1.0,,True,False,False,0.0,False,False,"{'0': 'LABEL_0', '1': 'LABEL_1'}","{'LABEL_0': 0, 'LABEL_1': 1}",ft_unsloth__gemma-3-1b-it_v1_2025-04-14_12-37-35,False,False,3407,,False,<HUB_TOKEN>,passive,-1.0,1.0,last,['wandb'],1.0,False,0.9,0.999,False,0.0,10,False,0.0,20.0,0.0,gemma3_text,,outputs_ft_unsloth__gemma-3-1b-it_v1_2025-04-14_12-37-35,-1.0,10.0,,1800.0,"{'xla': False, 'xla_fsdp_v2': False, 'min_num_params': 0, 'xla_fsdp_grad_ckpt': False}",,outputs_ft_unsloth__gemma-3-1b-it_v1_2025-04-14_12-37-35/runs/Apr14_12-38-36_7783fa843c9d,False,True,1.0,,bfloat16,,False,1e-08,2.0,False,106,,auto,,every_save,0.0,,,False,0.1,0.0,0.01,['Gemma3ForCausalLM'],,False,steps,False,2e-05,1.0,1.0,,False,steps,False,,True,,True,,False,False,O1,1.0,18432.0,False,False,,<CHARS_PER_TOKEN>,,,False,False,1.0,False,,,2025.3.19,1.0,False,,False,True,steps,,10.0,True,3,False,,0.0,False,,0.02,warning,linear,,False,<PUSH_TO_HUB_TOKEN>,False,False,"{'even_batches': True, 'non_blocking': False, 'split_batches': False, 'dispatch_batches': None, 'use_seedable_sampler': True, 'gradient_accumulation_kwargs': None}",False,,text,False,length,False,1.0,,-1.0,False,,,0.0,[],,,True,False,True,False,False,1003147392.0,0.0,1.0,,False,,False,,,4.51.2,,,True,,eval_loss,False,True,,0.0,,True,False,False,auto,0.0,True,False,,0.0,2,,False,250.0,,,False,,,False,1.0,False,,8.0,1.0,0.0,False,False,,False,,,False,{'runtime': 29},,,,,,,,,,,,"{'default': {'r': 4, 'bias': 'none', 'revision': None, 'use_dora': False, 'lora_bias': False, 'peft_type': 'LORA', 'task_type': 'CAUSAL_LM', 'eva_config': None, 'lora_alpha': 4, 'use_rslora': False, 'auto_mapping': None, 'corda_config': None, 'lora_dropout': 0, 'megatron_core': 'megatron.core', 'fan_in_fan_out': False, 'inference_mode': False, 'layers_pattern': None, 'runtime_config': {'ephemeral_gpu_offload': False}, 'target_modules': ['down_proj', 'q_proj', 'up_proj', 'k_proj', 'gate_proj', 'o_proj', 'v_proj'], 'exclude_modules': None, 'megatron_config': None, 'modules_to_save': None, 'init_lora_weights': True, 'layer_replication': None, 'layers_to_transform': None, 'base_model_name_or_path': 'unsloth/gemma-3-1b-it', 'trainable_token_indices': None}}",,256.0,,True,,1000000.0,262144.0,1152.0,1e-06,,False,,0.0,6912.0,26.0,4.0,1.0,32768.0,,,,,,,,,,,,,,,,,,,,,,,,,,,,,,,,,,,,,,,,,,,,512.0,gelu_pytorch_tanh,hybrid,10000.0,256.0,,6.0,,,,,,,,
rodornelles-hertie-school,master_thesis-open_source_models,iubjf5la,ft_unsloth_Llama-3.2-3B-Instruct_v1_2025-04-13_14-42-13,2025-04-13T14:52:15Z,finished,[],https://wandb.ai/rodornelles-hertie-school/master_thesis-open_source_models/runs/iubjf5la,True,False,[],3407.0,,[],adamw_8bit,50.0,1.0,,False,False,False,0.0,False,False,"{'0': 'LABEL_0', '1': 'LABEL_1'}","{'LABEL_0': 0, 'LABEL_1': 1}",ft_unsloth_Llama-3.2-3B-Instruct_v1_2025-04-13_14-42-13,False,False,,,False,<HUB_TOKEN>,passive,-1.0,1.0,last,['wandb'],1.0,False,0.9,0.999,False,0.0,,False,0.0,20.0,0.0,llama,,outputs_ft_unsloth_Llama-3.2-3B-Instruct_v1_2025-04-13_14-42-13,-1.0,500.0,,1800.0,"{'xla': False, 'xla_fsdp_v2': False, 'min_num_params': 0, 'xla_fsdp_grad_ckpt': False}",,outputs_ft_unsloth_Llama-3.2-3B-Instruct_v1_2025-04-13_14-42-13/runs/Apr13_14-42-42_7783fa843c9d,False,True,1.0,,bfloat16,,False,1e-08,128000.0,False,128009,,auto,,every_save,128004.0,,,False,0.0,5.0,0.01,['LlamaForCausalLM'],,False,no,False,0.0002,1.0,1.0,,False,steps,False,,True,,True,,False,False,O1,1.0,16384.0,False,False,,<CHARS_PER_TOKEN>,,,False,False,1.0,False,,,2025.3.19,2.0,False,,False,True,steps,,3.0,True,,False,,0.0,,,0.02,warning,linear,,False,<PUSH_TO_HUB_TOKEN>,False,False,"{'even_batches': True, 'non_blocking': False, 'split_batches': False, 'dispatch_batches': None, 'use_seedable_sampler': True, 'gradient_accumulation_kwargs': None}",False,,text,False,length,False,1.0,,-1.0,False,,,0.0,[],,,True,False,True,False,False,3237063680.0,0.0,1.0,,False,False,False,,,4.51.2,,,True,,,False,True,,0.0,,True,False,False,auto,0.0,False,True,,0.0,,,False,,,,False,,,False,8.0,False,,4.0,2.0,0.0,False,False,,False,,,False,{'runtime': 1016},,,,1016.357878093,18.0,1744556407.5258827,3.0,18.0,0.12106166779994965,1.5384615384615387e-05,0.0656,"{'default': {'r': 16, 'bias': 'none', 'revision': None, 'use_dora': False, 'lora_bias': False, 'peft_type': 'LORA', 'task_type': 'CAUSAL_LM', 'eva_config': None, 'lora_alpha': 16, 'use_rslora': False, 'auto_mapping': None, 'corda_config': None, 'lora_dropout': 0, 'megatron_core': 'megatron.core', 'fan_in_fan_out': False, 'inference_mode': False, 'layers_pattern': None, 'runtime_config': {'ephemeral_gpu_offload': False}, 'target_modules': ['v_proj', 'q_proj', 'down_proj', 'o_proj', 'gate_proj', 'k_proj', 'up_proj'], 'exclude_modules': None, 'megatron_config': None, 'modules_to_save': None, 'init_lora_weights': True, 'layer_replication': None, 'layers_to_transform': None, 'base_model_name_or_path': 'unsloth/llama-3.2-3b-instruct-unsloth-bnb-4bit', 'trainable_token_indices': None}}","{'load_in_4bit': True, 'load_in_8bit': False, 'quant_method': 'bitsandbytes', 'llm_int8_threshold': 6, 'bnb_4bit_quant_type': 'nf4', 'llm_int8_skip_modules': None, 'bnb_4bit_compute_dtype': 'bfloat16', 'llm_int8_has_fp16_weight': False, 'bnb_4bit_use_double_quant': True, 'llm_int8_enable_fp32_cpu_offload': False}",128.0,False,True,silu,500000.0,128256.0,3072.0,1e-05,"{'factor': 32, 'rope_type': 'llama3', 'low_freq_factor': 1, 'high_freq_factor': 4, 'original_max_position_embeddings': 8192}",False,1.0,0.0,8192.0,28.0,24.0,8.0,131072.0,,,,,,,9.90202751274025e+16,0.2903784554865625,1013.5734,0.551,0.018,,,,,,,,,,,,,,,,,,,,,,,,,,,,,,,,,,,,,,,,,,,,,,,
rodornelles-hertie-school,master_thesis-open_source_models,3dl2vhk3,ft_unsloth__gemma-3-4b-it_v1_2025-04-14_11-21-10,2025-04-14T11:31:10Z,failed,[],https://wandb.ai/rodornelles-hertie-school/master_thesis-open_source_models/runs/3dl2vhk3,True,False,[],3407.0,,[],adamw_8bit,50.0,1.0,,True,False,False,0.0,False,False,"{'0': 'LABEL_0', '1': 'LABEL_1'}","{'LABEL_0': 0, 'LABEL_1': 1}",ft_unsloth__gemma-3-4b-it_v1_2025-04-14_11-21-10,False,False,3407,,False,<HUB_TOKEN>,passive,-1.0,1.0,last,['wandb'],1.0,False,0.9,0.999,False,0.0,10,False,0.0,20.0,0.0,gemma3,,outputs_ft_unsloth__gemma-3-4b-it_v1_2025-04-14_11-21-10,-1.0,10.0,,1800.0,"{'xla': False, 'xla_fsdp_v2': False, 'min_num_params': 0, 'xla_fsdp_grad_ckpt': False}",,outputs_ft_unsloth__gemma-3-4b-it_v1_2025-04-14_11-21-10/runs/Apr14_11-21-40_7783fa843c9d,False,True,1.0,"{'top_k': 50, 'top_p': 1, 'prefix': None, 'head_dim': 256, 'id2label': {'0': 'LABEL_0', '1': 'LABEL_1'}, 'label2id': {'LABEL_0': 0, 'LABEL_1': 1}, 'do_sample': False, 'num_beams': 1, 'typical_p': 1, 'use_cache': True, 'is_decoder': False, 'max_length': 20, 'min_length': 0, 'model_type': 'gemma3_text', 'rope_theta': 1000000.0, 'vocab_size': 262208, 'hidden_size': 2560, 'return_dict': True, 'temperature': 1, 'torch_dtype': 'bfloat16', 'torchscript': False, 'bos_token_id': 2, 'eos_token_id': 1, 'pad_token_id': 0, 'problem_type': None, 'rms_norm_eps': 1e-06, 'rope_scaling': {'factor': 8, 'rope_type': 'linear'}, 'sep_token_id': None, 'use_bfloat16': False, '_name_or_path': '', 'architectures': None, 'bad_words_ids': None, 'output_scores': False, 'attention_bias': False, 'early_stopping': False, 'length_penalty': 1, 'sliding_window': 1024, 'tf_legacy_loss': False, 'finetuning_task': None, 'num_beam_groups': 1, 'suppress_tokens': None, 'tokenizer_class': None, 'attention_dropout': 0, 'diversity_penalty': 0, 'hidden_activation': 'gelu_pytorch_tanh', 'initializer_range': 0.02, 'intermediate_size': 10240, 'num_hidden_layers': 34, 'output_attentions': False, 'is_encoder_decoder': False, 'repetition_penalty': 1, 'add_cross_attention': False, 'forced_bos_token_id': None, 'forced_eos_token_id': None, 'num_attention_heads': 8, 'num_key_value_heads': 4, 'tie_encoder_decoder': False, 'tie_word_embeddings': True, 'cache_implementation': 'hybrid', 'no_repeat_ngram_size': 0, 'num_return_sequences': 1, 'output_hidden_states': False, 'rope_local_base_freq': 10000, 'task_specific_params': None, 'begin_suppress_tokens': None, 'query_pre_attn_scalar': 256, 'remove_invalid_values': False, 'attn_logit_softcapping': None, 'decoder_start_token_id': None, 'sliding_window_pattern': 6, 'chunk_size_feed_forward': 0, 'final_logit_softcapping': None, 'max_position_embeddings': 131072, 'return_dict_in_generate': False, 'cross_attention_hidden_size': None, '_attn_implementation_autoset': False, 'encoder_no_repeat_ngram_size': 0, 'exponential_decay_length_penalty': None}",bfloat16,,False,1e-08,2.0,False,106,,auto,,every_save,0.0,,,False,0.1,0.0,0.01,['Gemma3ForConditionalGeneration'],,False,steps,False,2e-05,1.0,1.0,,False,steps,False,,True,"{'top_k': 50, 'top_p': 1, 'prefix': None, 'id2label': {'0': 'LABEL_0', '1': 'LABEL_1'}, 'label2id': {'LABEL_0': 0, 'LABEL_1': 1}, 'do_sample': False, 'num_beams': 1, 'typical_p': 1, 'hidden_act': 'gelu_pytorch_tanh', 'image_size': 896, 'is_decoder': False, 'max_length': 20, 'min_length': 0, 'model_type': 'siglip_vision_model', 'patch_size': 14, 'hidden_size': 1152, 'return_dict': True, 'temperature': 1, 'torch_dtype': 'bfloat16', 'torchscript': False, 'bos_token_id': None, 'eos_token_id': None, 'num_channels': 3, 'pad_token_id': None, 'problem_type': None, 'sep_token_id': None, 'use_bfloat16': False, '_name_or_path': '', 'architectures': None, 'bad_words_ids': None, 'output_scores': False, 'early_stopping': False, 'layer_norm_eps': 1e-06, 'length_penalty': 1, 'tf_legacy_loss': False, 'finetuning_task': None, 'num_beam_groups': 1, 'suppress_tokens': None, 'tokenizer_class': None, 'vision_use_head': False, 'attention_dropout': 0, 'diversity_penalty': 0, 'intermediate_size': 4304, 'num_hidden_layers': 27, 'output_attentions': False, 'is_encoder_decoder': False, 'repetition_penalty': 1, 'add_cross_attention': False, 'forced_bos_token_id': None, 'forced_eos_token_id': None, 'num_attention_heads': 16, 'tie_encoder_decoder': False, 'tie_word_embeddings': True, 'no_repeat_ngram_size': 0, 'num_return_sequences': 1, 'output_hidden_states': False, 'task_specific_params': None, 'begin_suppress_tokens': None, 'remove_invalid_values': False, 'decoder_start_token_id': None, 'chunk_size_feed_forward': 0, 'return_dict_in_generate': False, 'cross_attention_hidden_size': None, '_attn_implementation_autoset': False, 'encoder_no_repeat_ngram_size': 0, 'exponential_decay_length_penalty': None}",True,,False,False,O1,1.0,16384.0,False,False,255999.0,<CHARS_PER_TOKEN>,256000.0,,False,False,1.0,False,,,2025.3.19,1.0,False,,False,True,steps,,10.0,True,3,False,,0.0,False,262144.0,0.02,warning,linear,,False,<PUSH_TO_HUB_TOKEN>,False,False,"{'even_batches': True, 'non_blocking': False, 'split_batches': False, 'dispatch_batches': None, 'use_seedable_sampler': True, 'gradient_accumulation_kwargs': None}",False,,text,False,length,False,1.0,,-1.0,False,,,0.0,[],256.0,,True,False,True,False,False,4316473712.0,0.0,1.0,,False,,False,,,4.51.2,,,True,,eval_loss,False,True,,0.0,,True,False,False,auto,0.0,True,False,,0.0,2,,False,250.0,,,False,,,False,1.0,False,,8.0,1.0,0.0,False,False,,False,,,False,{'runtime': 30},,,,,,,,,,,,"{'default': {'r': 8, 'bias': 'none', 'revision': None, 'use_dora': False, 'lora_bias': False, 'peft_type': 'LORA', 'task_type': 'CAUSAL_LM', 'eva_config': None, 'lora_alpha': 8, 'use_rslora': False, 'auto_mapping': None, 'corda_config': None, 'lora_dropout': 0, 'megatron_core': 'megatron.core', 'fan_in_fan_out': False, 'inference_mode': False, 'layers_pattern': None, 'runtime_config': {'ephemeral_gpu_offload': False}, 'target_modules': ['q_proj', 'o_proj', 'down_proj', 'v_proj', 'gate_proj', 'k_proj', 'up_proj'], 'exclude_modules': None, 'megatron_config': None, 'modules_to_save': None, 'init_lora_weights': True, 'layer_replication': None, 'layers_to_transform': None, 'base_model_name_or_path': 'unsloth/gemma-3-4b-it-unsloth-bnb-4bit', 'trainable_token_indices': None}}","{'load_in_4bit': True, 'load_in_8bit': False, 'quant_method': 'bitsandbytes', 'llm_int8_threshold': 6, 'bnb_4bit_quant_type': 'nf4', 'llm_int8_skip_modules': None, 'bnb_4bit_compute_dtype': 'bfloat16', 'llm_int8_has_fp16_weight': False, 'bnb_4bit_use_double_quant': True, 'llm_int8_enable_fp32_cpu_offload': False}",,,,,,,,,,,,,,,,,,,,,,,,,,,,,,,,,,,,,,,,,,,,,,,,,,,,,,,,,,,,,,,,,,,,,,,,,,,
rodornelles-hertie-school,master_thesis-open_source_models,nijxadw1,ft_unsloth__Llama-3.1-8B-Instruct_v1_2025-04-14_11-14-26,2025-04-14T11:24:02Z,failed,[],https://wandb.ai/rodornelles-hertie-school/master_thesis-open_source_models/runs/nijxadw1,True,False,[],3407.0,,[],adamw_8bit,50.0,1.0,,True,False,False,0.0,False,False,"{'0': 'LABEL_0', '1': 'LABEL_1'}","{'LABEL_0': 0, 'LABEL_1': 1}",ft_unsloth__Llama-3.1-8B-Instruct_v1_2025-04-14_11-14-26,False,False,,,False,<HUB_TOKEN>,passive,-1.0,1.0,last,['wandb'],1.0,False,0.9,0.999,False,0.0,10,False,0.0,20.0,0.0,llama,,outputs_ft_unsloth__Llama-3.1-8B-Instruct_v1_2025-04-14_11-14-26,-1.0,10.0,,1800.0,"{'xla': False, 'xla_fsdp_v2': False, 'min_num_params': 0, 'xla_fsdp_grad_ckpt': False}",,outputs_ft_unsloth__Llama-3.1-8B-Instruct_v1_2025-04-14_11-14-26/runs/Apr14_11-14-51_7783fa843c9d,False,True,1.0,,bfloat16,,False,1e-08,128000.0,False,128009,,auto,,every_save,128004.0,,,False,0.0,5.0,0.01,['LlamaForCausalLM'],,False,steps,False,2e-05,1.0,1.0,,False,steps,False,,True,,True,,False,False,O1,1.0,18432.0,False,False,,<CHARS_PER_TOKEN>,,,False,False,1.0,False,,,2025.3.19,1.0,False,,False,True,steps,,10.0,True,3,False,,0.0,False,,0.02,warning,linear,,False,<PUSH_TO_HUB_TOKEN>,False,False,"{'even_batches': True, 'non_blocking': False, 'split_batches': False, 'dispatch_batches': None, 'use_seedable_sampler': True, 'gradient_accumulation_kwargs': None}",False,,text,False,length,False,1.0,,-1.0,False,,,0.0,[],,,True,False,False,False,False,8072204288.0,0.0,1.0,,False,False,False,,,4.51.2,,,True,,eval_loss,False,True,,0.0,,True,False,False,auto,0.0,True,True,,0.0,4,,False,,,,False,,,False,1.0,False,,4.0,1.0,0.0,False,False,,False,,,False,{'runtime': 7},,,,,,,,,,,,"{'default': {'r': 16, 'bias': 'none', 'revision': None, 'use_dora': False, 'lora_bias': False, 'peft_type': 'LORA', 'task_type': 'CAUSAL_LM', 'eva_config': None, 'lora_alpha': 16, 'use_rslora': False, 'auto_mapping': None, 'corda_config': None, 'lora_dropout': 0, 'megatron_core': 'megatron.core', 'fan_in_fan_out': False, 'inference_mode': False, 'layers_pattern': None, 'runtime_config': {'ephemeral_gpu_offload': False}, 'target_modules': ['o_proj', 'v_proj', 'k_proj', 'gate_proj', 'up_proj', 'down_proj', 'q_proj'], 'exclude_modules': None, 'megatron_config': None, 'modules_to_save': None, 'init_lora_weights': True, 'layer_replication': None, 'layers_to_transform': None, 'base_model_name_or_path': 'unsloth/llama-3.1-8b-instruct-unsloth-bnb-4bit', 'trainable_token_indices': None}}","{'load_in_4bit': True, 'load_in_8bit': False, 'quant_method': 'bitsandbytes', 'llm_int8_threshold': 6, 'bnb_4bit_quant_type': 'nf4', 'llm_int8_skip_modules': None, 'bnb_4bit_compute_dtype': 'bfloat16', 'llm_int8_has_fp16_weight': False, 'bnb_4bit_use_double_quant': True, 'llm_int8_enable_fp32_cpu_offload': False}",128.0,False,True,silu,500000.0,128256.0,4096.0,1e-05,"{'factor': 8, 'rope_type': 'llama3', 'low_freq_factor': 1, 'high_freq_factor': 4, 'original_max_position_embeddings': 8192}",False,1.0,0.0,14336.0,32.0,32.0,8.0,131072.0,,,,,,,,,,,,,,,,,,,,,,,,,,,,,,,,,,,,,,,,,,,,,,,,,,,,,,,,,,
rodornelles-hertie-school,master_thesis-open_source_models,86asovu5,ft_unsloth__gemma-3-4b-it_v1_2025-04-14_05-38-10,2025-04-14T05:51:15Z,finished,[],https://wandb.ai/rodornelles-hertie-school/master_thesis-open_source_models/runs/86asovu5,True,False,[],3407.0,,[],adamw_8bit,50.0,1.0,,True,False,False,0.0,False,False,"{'0': 'LABEL_0', '1': 'LABEL_1'}","{'LABEL_0': 0, 'LABEL_1': 1}",ft_unsloth__gemma-3-4b-it_v1_2025-04-14_05-38-10,False,False,3407,,False,<HUB_TOKEN>,passive,-1.0,1.0,last,['wandb'],1.0,False,0.9,0.999,False,0.0,10,False,0.0,20.0,0.0,gemma3,,outputs_ft_unsloth__gemma-3-4b-it_v1_2025-04-14_05-38-10,-1.0,10.0,,1800.0,"{'xla': False, 'xla_fsdp_v2': False, 'min_num_params': 0, 'xla_fsdp_grad_ckpt': False}",,outputs_ft_unsloth__gemma-3-4b-it_v1_2025-04-14_05-38-10/runs/Apr14_05-41-30_7783fa843c9d,False,True,1.0,"{'top_k': 50, 'top_p': 1, 'prefix': None, 'head_dim': 256, 'id2label': {'0': 'LABEL_0', '1': 'LABEL_1'}, 'label2id': {'LABEL_0': 0, 'LABEL_1': 1}, 'do_sample': False, 'num_beams': 1, 'typical_p': 1, 'use_cache': True, 'is_decoder': False, 'max_length': 20, 'min_length': 0, 'model_type': 'gemma3_text', 'rope_theta': 1000000.0, 'vocab_size': 262208, 'hidden_size': 2560, 'return_dict': True, 'temperature': 1, 'torch_dtype': 'bfloat16', 'torchscript': False, 'bos_token_id': 2, 'eos_token_id': 1, 'pad_token_id': 0, 'problem_type': None, 'rms_norm_eps': 1e-06, 'rope_scaling': {'factor': 8, 'rope_type': 'linear'}, 'sep_token_id': None, 'use_bfloat16': False, '_name_or_path': '', 'architectures': None, 'bad_words_ids': None, 'output_scores': False, 'attention_bias': False, 'early_stopping': False, 'length_penalty': 1, 'sliding_window': 1024, 'tf_legacy_loss': False, 'finetuning_task': None, 'num_beam_groups': 1, 'suppress_tokens': None, 'tokenizer_class': None, 'attention_dropout': 0, 'diversity_penalty': 0, 'hidden_activation': 'gelu_pytorch_tanh', 'initializer_range': 0.02, 'intermediate_size': 10240, 'num_hidden_layers': 34, 'output_attentions': False, 'is_encoder_decoder': False, 'repetition_penalty': 1, 'add_cross_attention': False, 'forced_bos_token_id': None, 'forced_eos_token_id': None, 'num_attention_heads': 8, 'num_key_value_heads': 4, 'tie_encoder_decoder': False, 'tie_word_embeddings': True, 'cache_implementation': 'hybrid', 'no_repeat_ngram_size': 0, 'num_return_sequences': 1, 'output_hidden_states': False, 'rope_local_base_freq': 10000, 'task_specific_params': None, 'begin_suppress_tokens': None, 'query_pre_attn_scalar': 256, 'remove_invalid_values': False, 'attn_logit_softcapping': None, 'decoder_start_token_id': None, 'sliding_window_pattern': 6, 'chunk_size_feed_forward': 0, 'final_logit_softcapping': None, 'max_position_embeddings': 131072, 'return_dict_in_generate': False, 'cross_attention_hidden_size': None, '_attn_implementation_autoset': False, 'encoder_no_repeat_ngram_size': 0, 'exponential_decay_length_penalty': None}",bfloat16,,False,1e-08,2.0,False,106,,auto,,every_save,0.0,,,False,0.1,5.0,0.01,['Gemma3ForConditionalGeneration'],,False,steps,False,2e-05,1.0,1.0,,False,steps,False,,True,"{'top_k': 50, 'top_p': 1, 'prefix': None, 'id2label': {'0': 'LABEL_0', '1': 'LABEL_1'}, 'label2id': {'LABEL_0': 0, 'LABEL_1': 1}, 'do_sample': False, 'num_beams': 1, 'typical_p': 1, 'hidden_act': 'gelu_pytorch_tanh', 'image_size': 896, 'is_decoder': False, 'max_length': 20, 'min_length': 0, 'model_type': 'siglip_vision_model', 'patch_size': 14, 'hidden_size': 1152, 'return_dict': True, 'temperature': 1, 'torch_dtype': 'bfloat16', 'torchscript': False, 'bos_token_id': None, 'eos_token_id': None, 'num_channels': 3, 'pad_token_id': None, 'problem_type': None, 'sep_token_id': None, 'use_bfloat16': False, '_name_or_path': '', 'architectures': None, 'bad_words_ids': None, 'output_scores': False, 'early_stopping': False, 'layer_norm_eps': 1e-06, 'length_penalty': 1, 'tf_legacy_loss': False, 'finetuning_task': None, 'num_beam_groups': 1, 'suppress_tokens': None, 'tokenizer_class': None, 'vision_use_head': False, 'attention_dropout': 0, 'diversity_penalty': 0, 'intermediate_size': 4304, 'num_hidden_layers': 27, 'output_attentions': False, 'is_encoder_decoder': False, 'repetition_penalty': 1, 'add_cross_attention': False, 'forced_bos_token_id': None, 'forced_eos_token_id': None, 'num_attention_heads': 16, 'tie_encoder_decoder': False, 'tie_word_embeddings': True, 'no_repeat_ngram_size': 0, 'num_return_sequences': 1, 'output_hidden_states': False, 'task_specific_params': None, 'begin_suppress_tokens': None, 'remove_invalid_values': False, 'decoder_start_token_id': None, 'chunk_size_feed_forward': 0, 'return_dict_in_generate': False, 'cross_attention_hidden_size': None, '_attn_implementation_autoset': False, 'encoder_no_repeat_ngram_size': 0, 'exponential_decay_length_penalty': None}",True,,False,False,O1,1.0,18432.0,False,False,255999.0,<CHARS_PER_TOKEN>,256000.0,,False,False,1.0,False,,,2025.3.19,1.0,False,,False,True,steps,,10.0,True,3,False,,0.0,False,262144.0,0.02,warning,linear,,False,<PUSH_TO_HUB_TOKEN>,False,False,"{'even_batches': True, 'non_blocking': False, 'split_batches': False, 'dispatch_batches': None, 'use_seedable_sampler': True, 'gradient_accumulation_kwargs': None}",False,,text,False,length,False,1.0,,-1.0,False,,,0.0,[],256.0,,True,False,True,False,False,4332867952.0,0.0,1.0,,False,,False,,,4.51.2,,,True,,eval_loss,False,True,,0.0,,True,False,False,auto,0.0,True,False,,0.0,2,,False,250.0,,,False,,,False,1.0,False,,4.0,1.0,0.0,False,False,,False,,,False,{'runtime': 282},,,,,,,,,,,,"{'default': {'r': 16, 'bias': 'none', 'revision': None, 'use_dora': False, 'lora_bias': False, 'peft_type': 'LORA', 'task_type': 'CAUSAL_LM', 'eva_config': None, 'lora_alpha': 16, 'use_rslora': False, 'auto_mapping': None, 'lora_dropout': 0, 'megatron_core': 'megatron.core', 'fan_in_fan_out': False, 'inference_mode': False, 'layers_pattern': None, 'runtime_config': {'ephemeral_gpu_offload': False}, 'target_modules': ['v_proj', 'down_proj', 'up_proj', 'q_proj', 'k_proj', 'gate_proj', 'o_proj'], 'exclude_modules': None, 'megatron_config': None, 'modules_to_save': None, 'init_lora_weights': True, 'layer_replication': None, 'layers_to_transform': None, 'base_model_name_or_path': 'unsloth/gemma-3-4b-it-unsloth-bnb-4bit'}}","{'load_in_4bit': True, 'load_in_8bit': False, 'quant_method': 'bitsandbytes', 'llm_int8_threshold': 6, 'bnb_4bit_quant_type': 'nf4', 'llm_int8_skip_modules': None, 'bnb_4bit_compute_dtype': 'bfloat16', 'llm_int8_has_fp16_weight': False, 'bnb_4bit_use_double_quant': True, 'llm_int8_enable_fp32_cpu_offload': False}",,,,,,,,,,,,,,,,,,,,,,,,,,,,,,,,,,,,,,,,,,,,,,,,,,,,,,,,,,,,,,,,,,,,,,,,,,,
rodornelles-hertie-school,master_thesis-open_source_models,pfjli99r,ft_unsloth__Llama-3.2-3B-Instruct_v1_2025-04-13_16-01-51,2025-04-13T16:11:18Z,killed,[],https://wandb.ai/rodornelles-hertie-school/master_thesis-open_source_models/runs/pfjli99r,True,False,[],3407.0,,[],adamw_8bit,50.0,1.0,,True,False,False,0.0,False,False,"{'0': 'LABEL_0', '1': 'LABEL_1'}","{'LABEL_0': 0, 'LABEL_1': 1}",ft_unsloth__Llama-3.2-3B-Instruct_v1_2025-04-13_16-01-51,False,False,,,False,<HUB_TOKEN>,passive,-1.0,1.0,last,['wandb'],1.0,False,0.9,0.999,False,0.0,10,False,0.0,20.0,0.0,llama,,outputs_ft_unsloth__Llama-3.2-3B-Instruct_v1_2025-04-13_16-01-51,-1.0,10.0,,1800.0,"{'xla': False, 'xla_fsdp_v2': False, 'min_num_params': 0, 'xla_fsdp_grad_ckpt': False}",,outputs_ft_unsloth__Llama-3.2-3B-Instruct_v1_2025-04-13_16-01-51/runs/Apr13_16-02-10_7783fa843c9d,False,True,1.0,,bfloat16,,False,1e-08,128000.0,False,128009,,auto,,every_save,128004.0,,,False,0.0,5.0,0.01,['LlamaForCausalLM'],,False,steps,False,2e-05,1.0,1.0,,False,steps,False,,True,,True,,False,False,O1,1.0,16384.0,False,False,,<CHARS_PER_TOKEN>,,,False,False,1.0,False,,,2025.3.19,1.0,False,,False,True,steps,,10.0,True,3,False,,0.0,False,,0.02,warning,linear,,False,<PUSH_TO_HUB_TOKEN>,False,False,"{'even_batches': True, 'non_blocking': False, 'split_batches': False, 'dispatch_batches': None, 'use_seedable_sampler': True, 'gradient_accumulation_kwargs': None}",False,,text,False,length,False,1.0,,-1.0,False,,,0.0,[],,,True,False,True,False,False,3224906752.0,0.0,1.0,,False,False,False,,,4.51.2,,,True,,eval_loss,False,True,,0.0,,True,False,False,auto,0.0,True,True,,0.0,4,,False,,,,False,,,False,1.0,False,,4.0,1.0,0.0,False,False,,False,,,False,{'runtime': 199},,,,193.810744406,23.0,1744560327.6430442,0.4731182795698925,22.0,0.24952644109725952,1.9296703296703294e-05,0.1978,"{'default': {'r': 8, 'bias': 'none', 'revision': None, 'use_dora': False, 'lora_bias': False, 'peft_type': 'LORA', 'task_type': 'CAUSAL_LM', 'eva_config': None, 'lora_alpha': 8, 'use_rslora': False, 'auto_mapping': None, 'corda_config': None, 'lora_dropout': 0, 'megatron_core': 'megatron.core', 'fan_in_fan_out': False, 'inference_mode': False, 'layers_pattern': None, 'runtime_config': {'ephemeral_gpu_offload': False}, 'target_modules': ['up_proj', 'o_proj', 'k_proj', 'q_proj', 'down_proj', 'gate_proj', 'v_proj'], 'exclude_modules': None, 'megatron_config': None, 'modules_to_save': None, 'init_lora_weights': True, 'layer_replication': None, 'layers_to_transform': None, 'base_model_name_or_path': 'unsloth/llama-3.2-3b-instruct-unsloth-bnb-4bit', 'trainable_token_indices': None}}","{'load_in_4bit': True, 'load_in_8bit': False, 'quant_method': 'bitsandbytes', 'llm_int8_threshold': 6, 'bnb_4bit_quant_type': 'nf4', 'llm_int8_skip_modules': None, 'bnb_4bit_compute_dtype': 'bfloat16', 'llm_int8_has_fp16_weight': False, 'bnb_4bit_use_double_quant': True, 'llm_int8_enable_fp32_cpu_offload': False}",128.0,False,True,silu,500000.0,128256.0,3072.0,1e-05,"{'factor': 32, 'rope_type': 'llama3', 'low_freq_factor': 1, 'high_freq_factor': 4, 'original_max_position_embeddings': 8192}",False,1.0,0.0,8192.0,28.0,24.0,8.0,131072.0,0.82488614320755,24.5631,1.588,1.588,,,,,,,,,,,,,,,,,,,,,,,,,,,,,,,,,,,,,,,,,,,,,,,,,,,,,,
rodornelles-hertie-school,master_thesis-open_source_models,m9u0j43q,ft_unsloth__gemma-3-12b-it_v1_2025-04-14_10-21-29,2025-04-14T10:31:18Z,failed,[],https://wandb.ai/rodornelles-hertie-school/master_thesis-open_source_models/runs/m9u0j43q,True,False,[],3407.0,,[],adamw_8bit,50.0,1.0,,True,False,False,0.0,False,False,"{'0': 'LABEL_0', '1': 'LABEL_1'}","{'LABEL_0': 0, 'LABEL_1': 1}",ft_unsloth__gemma-3-12b-it_v1_2025-04-14_10-21-29,False,False,3407,,False,<HUB_TOKEN>,passive,-1.0,1.0,last,['wandb'],1.0,False,0.9,0.999,False,0.0,10,False,0.0,20.0,0.0,gemma3,,outputs_ft_unsloth__gemma-3-12b-it_v1_2025-04-14_10-21-29,-1.0,10.0,,1800.0,"{'xla': False, 'xla_fsdp_v2': False, 'min_num_params': 0, 'xla_fsdp_grad_ckpt': False}",,outputs_ft_unsloth__gemma-3-12b-it_v1_2025-04-14_10-21-29/runs/Apr14_10-21-55_7783fa843c9d,False,True,1.0,"{'top_k': 50, 'top_p': 1, 'prefix': None, 'head_dim': 256, 'id2label': {'0': 'LABEL_0', '1': 'LABEL_1'}, 'label2id': {'LABEL_0': 0, 'LABEL_1': 1}, 'do_sample': False, 'num_beams': 1, 'typical_p': 1, 'use_cache': True, 'is_decoder': False, 'max_length': 20, 'min_length': 0, 'model_type': 'gemma3_text', 'rope_theta': 1000000.0, 'vocab_size': 262208, 'hidden_size': 3840, 'return_dict': True, 'temperature': 1, 'torch_dtype': 'bfloat16', 'torchscript': False, 'bos_token_id': 2, 'eos_token_id': 1, 'pad_token_id': 0, 'problem_type': None, 'rms_norm_eps': 1e-06, 'rope_scaling': {'factor': 8, 'rope_type': 'linear'}, 'sep_token_id': None, 'use_bfloat16': False, '_name_or_path': '', 'architectures': None, 'bad_words_ids': None, 'output_scores': False, 'attention_bias': False, 'early_stopping': False, 'length_penalty': 1, 'sliding_window': 1024, 'tf_legacy_loss': False, 'finetuning_task': None, 'num_beam_groups': 1, 'suppress_tokens': None, 'tokenizer_class': None, 'attention_dropout': 0, 'diversity_penalty': 0, 'hidden_activation': 'gelu_pytorch_tanh', 'initializer_range': 0.02, 'intermediate_size': 15360, 'num_hidden_layers': 48, 'output_attentions': False, 'is_encoder_decoder': False, 'repetition_penalty': 1, 'add_cross_attention': False, 'forced_bos_token_id': None, 'forced_eos_token_id': None, 'num_attention_heads': 16, 'num_key_value_heads': 8, 'tie_encoder_decoder': False, 'tie_word_embeddings': True, 'cache_implementation': 'hybrid', 'no_repeat_ngram_size': 0, 'num_return_sequences': 1, 'output_hidden_states': False, 'rope_local_base_freq': 10000, 'task_specific_params': None, 'begin_suppress_tokens': None, 'query_pre_attn_scalar': 256, 'remove_invalid_values': False, 'attn_logit_softcapping': None, 'decoder_start_token_id': None, 'sliding_window_pattern': 6, 'chunk_size_feed_forward': 0, 'final_logit_softcapping': None, 'max_position_embeddings': 131072, 'return_dict_in_generate': False, 'cross_attention_hidden_size': None, '_attn_implementation_autoset': False, 'encoder_no_repeat_ngram_size': 0, 'exponential_decay_length_penalty': None}",bfloat16,,False,1e-08,2.0,False,106,,auto,,every_save,0.0,,,False,0.1,5.0,0.01,['Gemma3ForConditionalGeneration'],,False,steps,False,2e-05,1.0,1.0,,False,steps,False,,True,"{'top_k': 50, 'top_p': 1, 'prefix': None, 'id2label': {'0': 'LABEL_0', '1': 'LABEL_1'}, 'label2id': {'LABEL_0': 0, 'LABEL_1': 1}, 'do_sample': False, 'num_beams': 1, 'typical_p': 1, 'hidden_act': 'gelu_pytorch_tanh', 'image_size': 896, 'is_decoder': False, 'max_length': 20, 'min_length': 0, 'model_type': 'siglip_vision_model', 'patch_size': 14, 'hidden_size': 1152, 'return_dict': True, 'temperature': 1, 'torch_dtype': 'bfloat16', 'torchscript': False, 'bos_token_id': None, 'eos_token_id': None, 'num_channels': 3, 'pad_token_id': None, 'problem_type': None, 'sep_token_id': None, 'use_bfloat16': False, '_name_or_path': '', 'architectures': None, 'bad_words_ids': None, 'output_scores': False, 'early_stopping': False, 'layer_norm_eps': 1e-06, 'length_penalty': 1, 'tf_legacy_loss': False, 'finetuning_task': None, 'num_beam_groups': 1, 'suppress_tokens': None, 'tokenizer_class': None, 'vision_use_head': False, 'attention_dropout': 0, 'diversity_penalty': 0, 'intermediate_size': 4304, 'num_hidden_layers': 27, 'output_attentions': False, 'is_encoder_decoder': False, 'repetition_penalty': 1, 'add_cross_attention': False, 'forced_bos_token_id': None, 'forced_eos_token_id': None, 'num_attention_heads': 16, 'tie_encoder_decoder': False, 'tie_word_embeddings': True, 'no_repeat_ngram_size': 0, 'num_return_sequences': 1, 'output_hidden_states': False, 'task_specific_params': None, 'begin_suppress_tokens': None, 'remove_invalid_values': False, 'decoder_start_token_id': None, 'chunk_size_feed_forward': 0, 'return_dict_in_generate': False, 'cross_attention_hidden_size': None, '_attn_implementation_autoset': False, 'encoder_no_repeat_ngram_size': 0, 'exponential_decay_length_penalty': None}",True,,False,False,O1,1.0,16384.0,False,False,255999.0,<CHARS_PER_TOKEN>,256000.0,,False,False,1.0,False,,,2025.3.19,1.0,False,,False,True,steps,,10.0,True,3,False,,0.0,False,262144.0,0.02,warning,linear,,False,<PUSH_TO_HUB_TOKEN>,False,False,"{'even_batches': True, 'non_blocking': False, 'split_batches': False, 'dispatch_batches': None, 'use_seedable_sampler': True, 'gradient_accumulation_kwargs': None}",False,,text,False,length,False,1.0,,-1.0,False,,,0.0,[],256.0,,True,False,True,False,False,12221553264.0,0.0,1.0,,False,,False,,,4.51.2,,,True,,eval_loss,False,True,,0.0,,True,False,False,auto,0.0,True,False,,0.0,2,,False,250.0,,,False,,,False,1.0,False,,4.0,1.0,0.0,False,False,,False,,,False,{'runtime': 373},,,,355.353673293,4.0,1744626485.7770278,0.10752688172043012,5.0,0.5378153324127197,1.6000000000000003e-05,0.2143,"{'default': {'r': 8, 'bias': 'none', 'revision': None, 'use_dora': False, 'lora_bias': False, 'peft_type': 'LORA', 'task_type': 'CAUSAL_LM', 'eva_config': None, 'lora_alpha': 8, 'use_rslora': False, 'auto_mapping': None, 'corda_config': None, 'lora_dropout': 0, 'megatron_core': 'megatron.core', 'fan_in_fan_out': False, 'inference_mode': False, 'layers_pattern': None, 'runtime_config': {'ephemeral_gpu_offload': False}, 'target_modules': ['up_proj', 'down_proj', 'k_proj', 'o_proj', 'gate_proj', 'q_proj', 'v_proj'], 'exclude_modules': None, 'megatron_config': None, 'modules_to_save': None, 'init_lora_weights': True, 'layer_replication': None, 'layers_to_transform': None, 'base_model_name_or_path': 'unsloth/gemma-3-12b-it-unsloth-bnb-4bit', 'trainable_token_indices': None}}","{'load_in_4bit': True, 'load_in_8bit': False, 'quant_method': 'bitsandbytes', 'llm_int8_threshold': 6, 'bnb_4bit_quant_type': 'nf4', 'llm_int8_skip_modules': None, 'bnb_4bit_compute_dtype': 'bfloat16', 'llm_int8_has_fp16_weight': False, 'bnb_4bit_use_double_quant': True, 'llm_int8_enable_fp32_cpu_offload': False}",,,,,,,,,,,,,,,,,,,,,,,,,,,,,,,,,,,,,,,,,,,,,,,,,,,,,,,,,,,,,,,,,,,,,,,,,,,
rodornelles-hertie-school,master_thesis-open_source_models,qmt2nwoc,ft_unsloth__gemma-3-4b-it_v1_2025-04-14_05-38-10,2025-04-14T05:48:50Z,finished,[],https://wandb.ai/rodornelles-hertie-school/master_thesis-open_source_models/runs/qmt2nwoc,True,False,[],3407.0,,[],adamw_8bit,50.0,1.0,,True,False,False,0.0,False,False,"{'0': 'LABEL_0', '1': 'LABEL_1'}","{'LABEL_0': 0, 'LABEL_1': 1}",ft_unsloth__gemma-3-4b-it_v1_2025-04-14_05-38-10,False,False,,,False,<HUB_TOKEN>,passive,-1.0,1.0,last,['wandb'],1.0,False,0.9,0.999,False,0.0,10,False,0.0,20.0,0.0,gemma3,,outputs_ft_unsloth__gemma-3-4b-it_v1_2025-04-14_05-38-10,-1.0,10.0,,1800.0,"{'xla': False, 'xla_fsdp_v2': False, 'min_num_params': 0, 'xla_fsdp_grad_ckpt': False}",,outputs_ft_unsloth__gemma-3-4b-it_v1_2025-04-14_05-38-10/runs/Apr14_05-38-41_7783fa843c9d,False,True,1.0,"{'top_k': 50, 'top_p': 1, 'prefix': None, 'head_dim': 256, 'id2label': {'0': 'LABEL_0', '1': 'LABEL_1'}, 'label2id': {'LABEL_0': 0, 'LABEL_1': 1}, 'do_sample': False, 'num_beams': 1, 'typical_p': 1, 'use_cache': True, 'is_decoder': False, 'max_length': 20, 'min_length': 0, 'model_type': 'gemma3_text', 'rope_theta': 1000000.0, 'vocab_size': 262208, 'hidden_size': 2560, 'return_dict': True, 'temperature': 1, 'torch_dtype': 'bfloat16', 'torchscript': False, 'bos_token_id': 2, 'eos_token_id': 1, 'pad_token_id': 0, 'problem_type': None, 'rms_norm_eps': 1e-06, 'rope_scaling': {'factor': 8, 'rope_type': 'linear'}, 'sep_token_id': None, 'use_bfloat16': False, '_name_or_path': '', 'architectures': None, 'bad_words_ids': None, 'output_scores': False, 'attention_bias': False, 'early_stopping': False, 'length_penalty': 1, 'sliding_window': 1024, 'tf_legacy_loss': False, 'finetuning_task': None, 'num_beam_groups': 1, 'suppress_tokens': None, 'tokenizer_class': None, 'attention_dropout': 0, 'diversity_penalty': 0, 'hidden_activation': 'gelu_pytorch_tanh', 'initializer_range': 0.02, 'intermediate_size': 10240, 'num_hidden_layers': 34, 'output_attentions': False, 'is_encoder_decoder': False, 'repetition_penalty': 1, 'add_cross_attention': False, 'forced_bos_token_id': None, 'forced_eos_token_id': None, 'num_attention_heads': 8, 'num_key_value_heads': 4, 'tie_encoder_decoder': False, 'tie_word_embeddings': True, 'cache_implementation': 'hybrid', 'no_repeat_ngram_size': 0, 'num_return_sequences': 1, 'output_hidden_states': False, 'rope_local_base_freq': 10000, 'task_specific_params': None, 'begin_suppress_tokens': None, 'query_pre_attn_scalar': 256, 'remove_invalid_values': False, 'attn_logit_softcapping': None, 'decoder_start_token_id': None, 'sliding_window_pattern': 6, 'chunk_size_feed_forward': 0, 'final_logit_softcapping': None, 'max_position_embeddings': 131072, 'return_dict_in_generate': False, 'cross_attention_hidden_size': None, '_attn_implementation_autoset': False, 'encoder_no_repeat_ngram_size': 0, 'exponential_decay_length_penalty': None}",bfloat16,,False,1e-08,2.0,False,106,,auto,,every_save,0.0,,,False,0.0,5.0,0.01,['Gemma3ForConditionalGeneration'],,False,steps,False,2e-05,1.0,1.0,,False,steps,False,,True,"{'top_k': 50, 'top_p': 1, 'prefix': None, 'id2label': {'0': 'LABEL_0', '1': 'LABEL_1'}, 'label2id': {'LABEL_0': 0, 'LABEL_1': 1}, 'do_sample': False, 'num_beams': 1, 'typical_p': 1, 'hidden_act': 'gelu_pytorch_tanh', 'image_size': 896, 'is_decoder': False, 'max_length': 20, 'min_length': 0, 'model_type': 'siglip_vision_model', 'patch_size': 14, 'hidden_size': 1152, 'return_dict': True, 'temperature': 1, 'torch_dtype': 'bfloat16', 'torchscript': False, 'bos_token_id': None, 'eos_token_id': None, 'num_channels': 3, 'pad_token_id': None, 'problem_type': None, 'sep_token_id': None, 'use_bfloat16': False, '_name_or_path': '', 'architectures': None, 'bad_words_ids': None, 'output_scores': False, 'early_stopping': False, 'layer_norm_eps': 1e-06, 'length_penalty': 1, 'tf_legacy_loss': False, 'finetuning_task': None, 'num_beam_groups': 1, 'suppress_tokens': None, 'tokenizer_class': None, 'vision_use_head': False, 'attention_dropout': 0, 'diversity_penalty': 0, 'intermediate_size': 4304, 'num_hidden_layers': 27, 'output_attentions': False, 'is_encoder_decoder': False, 'repetition_penalty': 1, 'add_cross_attention': False, 'forced_bos_token_id': None, 'forced_eos_token_id': None, 'num_attention_heads': 16, 'tie_encoder_decoder': False, 'tie_word_embeddings': True, 'no_repeat_ngram_size': 0, 'num_return_sequences': 1, 'output_hidden_states': False, 'task_specific_params': None, 'begin_suppress_tokens': None, 'remove_invalid_values': False, 'decoder_start_token_id': None, 'chunk_size_feed_forward': 0, 'return_dict_in_generate': False, 'cross_attention_hidden_size': None, '_attn_implementation_autoset': False, 'encoder_no_repeat_ngram_size': 0, 'exponential_decay_length_penalty': None}",True,,False,False,O1,1.0,18432.0,False,False,255999.0,<CHARS_PER_TOKEN>,256000.0,,False,False,1.0,False,,,2025.3.19,1.0,False,,False,True,steps,,10.0,True,3,False,,0.0,False,262144.0,0.02,warning,linear,,False,<PUSH_TO_HUB_TOKEN>,False,False,"{'even_batches': True, 'non_blocking': False, 'split_batches': False, 'dispatch_batches': None, 'use_seedable_sampler': True, 'gradient_accumulation_kwargs': None}",False,,text,False,length,False,1.0,,-1.0,False,,,0.0,[],256.0,,True,False,True,False,False,4332867952.0,0.0,1.0,,False,False,False,,,4.51.2,,,True,,eval_loss,False,True,,0.0,,True,False,False,auto,0.0,True,True,,0.0,4,,False,,,,False,,,False,1.0,False,,4.0,1.0,0.0,False,False,,False,,,False,{'runtime': 71},,,,,,,,,,,,"{'default': {'r': 16, 'bias': 'none', 'revision': None, 'use_dora': False, 'lora_bias': False, 'peft_type': 'LORA', 'task_type': 'CAUSAL_LM', 'eva_config': None, 'lora_alpha': 16, 'use_rslora': False, 'auto_mapping': None, 'lora_dropout': 0, 'megatron_core': 'megatron.core', 'fan_in_fan_out': False, 'inference_mode': False, 'layers_pattern': None, 'runtime_config': {'ephemeral_gpu_offload': False}, 'target_modules': ['v_proj', 'down_proj', 'up_proj', 'q_proj', 'k_proj', 'gate_proj', 'o_proj'], 'exclude_modules': None, 'megatron_config': None, 'modules_to_save': None, 'init_lora_weights': True, 'layer_replication': None, 'layers_to_transform': None, 'base_model_name_or_path': 'unsloth/gemma-3-4b-it-unsloth-bnb-4bit'}}","{'load_in_4bit': True, 'load_in_8bit': False, 'quant_method': 'bitsandbytes', 'llm_int8_threshold': 6, 'bnb_4bit_quant_type': 'nf4', 'llm_int8_skip_modules': None, 'bnb_4bit_compute_dtype': 'bfloat16', 'llm_int8_has_fp16_weight': False, 'bnb_4bit_use_double_quant': True, 'llm_int8_enable_fp32_cpu_offload': False}",,,,,,,,,,,,,,,,,,,,,,,,,,,,,,,,,,,,,,,,,,,,,,,,,,,,,,,,,,,,,,,,,,,,,,,,,,,
rodornelles-hertie-school,master_thesis-open_source_models,yake74fq,ft_unsloth__gemma-3-12b-it_v1_2025-04-14_07-14-14,2025-04-14T07:24:05Z,failed,[],https://wandb.ai/rodornelles-hertie-school/master_thesis-open_source_models/runs/yake74fq,True,False,[],3407.0,,[],adamw_8bit,50.0,1.0,,True,False,False,0.0,False,False,"{'0': 'LABEL_0', '1': 'LABEL_1'}","{'LABEL_0': 0, 'LABEL_1': 1}",ft_unsloth__gemma-3-12b-it_v1_2025-04-14_07-14-14,False,False,3407,,False,<HUB_TOKEN>,passive,-1.0,1.0,last,['wandb'],1.0,False,0.9,0.999,False,0.0,10,False,0.0,20.0,0.0,gemma3,,outputs_ft_unsloth__gemma-3-12b-it_v1_2025-04-14_07-14-14,-1.0,10.0,,1800.0,"{'xla': False, 'xla_fsdp_v2': False, 'min_num_params': 0, 'xla_fsdp_grad_ckpt': False}",,outputs_ft_unsloth__gemma-3-12b-it_v1_2025-04-14_07-14-14/runs/Apr14_07-14-52_7783fa843c9d,False,True,1.0,"{'top_k': 50, 'top_p': 1, 'prefix': None, 'head_dim': 256, 'id2label': {'0': 'LABEL_0', '1': 'LABEL_1'}, 'label2id': {'LABEL_0': 0, 'LABEL_1': 1}, 'do_sample': False, 'num_beams': 1, 'typical_p': 1, 'use_cache': True, 'is_decoder': False, 'max_length': 20, 'min_length': 0, 'model_type': 'gemma3_text', 'rope_theta': 1000000.0, 'vocab_size': 262208, 'hidden_size': 3840, 'return_dict': True, 'temperature': 1, 'torch_dtype': 'bfloat16', 'torchscript': False, 'bos_token_id': 2, 'eos_token_id': 1, 'pad_token_id': 0, 'problem_type': None, 'rms_norm_eps': 1e-06, 'rope_scaling': {'factor': 8, 'rope_type': 'linear'}, 'sep_token_id': None, 'use_bfloat16': False, '_name_or_path': '', 'architectures': None, 'bad_words_ids': None, 'output_scores': False, 'attention_bias': False, 'early_stopping': False, 'length_penalty': 1, 'sliding_window': 1024, 'tf_legacy_loss': False, 'finetuning_task': None, 'num_beam_groups': 1, 'suppress_tokens': None, 'tokenizer_class': None, 'attention_dropout': 0, 'diversity_penalty': 0, 'hidden_activation': 'gelu_pytorch_tanh', 'initializer_range': 0.02, 'intermediate_size': 15360, 'num_hidden_layers': 48, 'output_attentions': False, 'is_encoder_decoder': False, 'repetition_penalty': 1, 'add_cross_attention': False, 'forced_bos_token_id': None, 'forced_eos_token_id': None, 'num_attention_heads': 16, 'num_key_value_heads': 8, 'tie_encoder_decoder': False, 'tie_word_embeddings': True, 'cache_implementation': 'hybrid', 'no_repeat_ngram_size': 0, 'num_return_sequences': 1, 'output_hidden_states': False, 'rope_local_base_freq': 10000, 'task_specific_params': None, 'begin_suppress_tokens': None, 'query_pre_attn_scalar': 256, 'remove_invalid_values': False, 'attn_logit_softcapping': None, 'decoder_start_token_id': None, 'sliding_window_pattern': 6, 'chunk_size_feed_forward': 0, 'final_logit_softcapping': None, 'max_position_embeddings': 131072, 'return_dict_in_generate': False, 'cross_attention_hidden_size': None, '_attn_implementation_autoset': False, 'encoder_no_repeat_ngram_size': 0, 'exponential_decay_length_penalty': None}",bfloat16,,False,1e-08,2.0,False,106,,auto,,every_save,0.0,,,False,0.1,5.0,0.01,['Gemma3ForConditionalGeneration'],,False,steps,False,2e-05,1.0,1.0,,False,steps,False,,True,"{'top_k': 50, 'top_p': 1, 'prefix': None, 'id2label': {'0': 'LABEL_0', '1': 'LABEL_1'}, 'label2id': {'LABEL_0': 0, 'LABEL_1': 1}, 'do_sample': False, 'num_beams': 1, 'typical_p': 1, 'hidden_act': 'gelu_pytorch_tanh', 'image_size': 896, 'is_decoder': False, 'max_length': 20, 'min_length': 0, 'model_type': 'siglip_vision_model', 'patch_size': 14, 'hidden_size': 1152, 'return_dict': True, 'temperature': 1, 'torch_dtype': 'bfloat16', 'torchscript': False, 'bos_token_id': None, 'eos_token_id': None, 'num_channels': 3, 'pad_token_id': None, 'problem_type': None, 'sep_token_id': None, 'use_bfloat16': False, '_name_or_path': '', 'architectures': None, 'bad_words_ids': None, 'output_scores': False, 'early_stopping': False, 'layer_norm_eps': 1e-06, 'length_penalty': 1, 'tf_legacy_loss': False, 'finetuning_task': None, 'num_beam_groups': 1, 'suppress_tokens': None, 'tokenizer_class': None, 'vision_use_head': False, 'attention_dropout': 0, 'diversity_penalty': 0, 'intermediate_size': 4304, 'num_hidden_layers': 27, 'output_attentions': False, 'is_encoder_decoder': False, 'repetition_penalty': 1, 'add_cross_attention': False, 'forced_bos_token_id': None, 'forced_eos_token_id': None, 'num_attention_heads': 16, 'tie_encoder_decoder': False, 'tie_word_embeddings': True, 'no_repeat_ngram_size': 0, 'num_return_sequences': 1, 'output_hidden_states': False, 'task_specific_params': None, 'begin_suppress_tokens': None, 'remove_invalid_values': False, 'decoder_start_token_id': None, 'chunk_size_feed_forward': 0, 'return_dict_in_generate': False, 'cross_attention_hidden_size': None, '_attn_implementation_autoset': False, 'encoder_no_repeat_ngram_size': 0, 'exponential_decay_length_penalty': None}",True,,False,False,O1,1.0,18432.0,False,False,255999.0,<CHARS_PER_TOKEN>,256000.0,,False,False,1.0,False,,,2025.3.19,1.0,False,,False,True,steps,,10.0,True,3,False,,0.0,False,262144.0,0.02,warning,linear,,False,<PUSH_TO_HUB_TOKEN>,False,False,"{'even_batches': True, 'non_blocking': False, 'split_batches': False, 'dispatch_batches': None, 'use_seedable_sampler': True, 'gradient_accumulation_kwargs': None}",False,,text,False,length,False,1.0,,-1.0,False,,,0.0,[],256.0,,True,False,True,False,False,12221553264.0,0.0,1.0,,False,,False,,,4.51.2,,,True,,eval_loss,False,True,,0.0,,True,False,False,auto,0.0,True,False,,0.0,2,,False,250.0,,,False,,,False,1.0,False,,4.0,1.0,0.0,False,False,,False,,,False,{'runtime': 21},,,,,,,,,,,,"{'default': {'r': 8, 'bias': 'none', 'revision': None, 'use_dora': False, 'lora_bias': False, 'peft_type': 'LORA', 'task_type': 'CAUSAL_LM', 'eva_config': None, 'lora_alpha': 8, 'use_rslora': False, 'auto_mapping': None, 'corda_config': None, 'lora_dropout': 0, 'megatron_core': 'megatron.core', 'fan_in_fan_out': False, 'inference_mode': False, 'layers_pattern': None, 'runtime_config': {'ephemeral_gpu_offload': False}, 'target_modules': ['v_proj', 'gate_proj', 'k_proj', 'o_proj', 'up_proj', 'down_proj', 'q_proj'], 'exclude_modules': None, 'megatron_config': None, 'modules_to_save': None, 'init_lora_weights': True, 'layer_replication': None, 'layers_to_transform': None, 'base_model_name_or_path': 'unsloth/gemma-3-12b-it-unsloth-bnb-4bit', 'trainable_token_indices': None}}","{'load_in_4bit': True, 'load_in_8bit': False, 'quant_method': 'bitsandbytes', 'llm_int8_threshold': 6, 'bnb_4bit_quant_type': 'nf4', 'llm_int8_skip_modules': None, 'bnb_4bit_compute_dtype': 'bfloat16', 'llm_int8_has_fp16_weight': False, 'bnb_4bit_use_double_quant': True, 'llm_int8_enable_fp32_cpu_offload': False}",,,,,,,,,,,,,,,,,,,,,,,,,,,,,,,,,,,,,,,,,,,,,,,,,,,,,,,,,,,,,,,,,,,,,,,,,,,
rodornelles-hertie-school,master_thesis-open_source_models,9cpks54r,ft_unsloth_gemma-3-4b-it_v1_2025-04-13_13-53-40,2025-04-13T14:03:18Z,finished,[],https://wandb.ai/rodornelles-hertie-school/master_thesis-open_source_models/runs/9cpks54r,True,False,[],3407.0,,[],adamw_8bit,50.0,1.0,,True,False,False,0.0,False,False,"{'0': 'LABEL_0', '1': 'LABEL_1'}","{'LABEL_0': 0, 'LABEL_1': 1}",ft_unsloth_gemma-3-4b-it_v1_2025-04-13_13-53-40,False,False,3407,,False,<HUB_TOKEN>,passive,-1.0,1.0,last,['wandb'],1.0,False,0.9,0.999,False,0.0,1,False,0.0,20.0,0.0,gemma3,,./ft_unsloth_gemma-3-4b-it_v1_2025-04-13_13-53-40,-1.0,500.0,,1800.0,"{'xla': False, 'xla_fsdp_v2': False, 'min_num_params': 0, 'xla_fsdp_grad_ckpt': False}",,./ft_unsloth_gemma-3-4b-it_v1_2025-04-13_13-53-40/runs/Apr13_13-54-09_7783fa843c9d,False,True,1.0,"{'top_k': 50, 'top_p': 1, 'prefix': None, 'head_dim': 256, 'id2label': {'0': 'LABEL_0', '1': 'LABEL_1'}, 'label2id': {'LABEL_0': 0, 'LABEL_1': 1}, 'do_sample': False, 'num_beams': 1, 'typical_p': 1, 'use_cache': True, 'is_decoder': False, 'max_length': 20, 'min_length': 0, 'model_type': 'gemma3_text', 'rope_theta': 1000000.0, 'vocab_size': 262208, 'hidden_size': 2560, 'return_dict': True, 'temperature': 1, 'torch_dtype': 'bfloat16', 'torchscript': False, 'bos_token_id': 2, 'eos_token_id': 1, 'pad_token_id': 0, 'problem_type': None, 'rms_norm_eps': 1e-06, 'rope_scaling': {'factor': 8, 'rope_type': 'linear'}, 'sep_token_id': None, 'use_bfloat16': False, '_name_or_path': '', 'architectures': None, 'bad_words_ids': None, 'output_scores': False, 'attention_bias': False, 'early_stopping': False, 'length_penalty': 1, 'sliding_window': 1024, 'tf_legacy_loss': False, 'finetuning_task': None, 'num_beam_groups': 1, 'suppress_tokens': None, 'tokenizer_class': None, 'attention_dropout': 0, 'diversity_penalty': 0, 'hidden_activation': 'gelu_pytorch_tanh', 'initializer_range': 0.02, 'intermediate_size': 10240, 'num_hidden_layers': 34, 'output_attentions': False, 'is_encoder_decoder': False, 'repetition_penalty': 1, 'add_cross_attention': False, 'forced_bos_token_id': None, 'forced_eos_token_id': None, 'num_attention_heads': 8, 'num_key_value_heads': 4, 'tie_encoder_decoder': False, 'tie_word_embeddings': True, 'cache_implementation': 'hybrid', 'no_repeat_ngram_size': 0, 'num_return_sequences': 1, 'output_hidden_states': False, 'rope_local_base_freq': 10000, 'task_specific_params': None, 'begin_suppress_tokens': None, 'query_pre_attn_scalar': 256, 'remove_invalid_values': False, 'attn_logit_softcapping': None, 'decoder_start_token_id': None, 'sliding_window_pattern': 6, 'chunk_size_feed_forward': 0, 'final_logit_softcapping': None, 'max_position_embeddings': 131072, 'return_dict_in_generate': False, 'cross_attention_hidden_size': None, '_attn_implementation_autoset': False, 'encoder_no_repeat_ngram_size': 0, 'exponential_decay_length_penalty': None}",bfloat16,,False,1e-08,2.0,False,106,,auto,,every_save,0.0,,,False,0.1,5.0,0.01,['Gemma3ForConditionalGeneration'],,False,steps,False,2e-05,1.0,1.0,,False,steps,False,,True,"{'top_k': 50, 'top_p': 1, 'prefix': None, 'id2label': {'0': 'LABEL_0', '1': 'LABEL_1'}, 'label2id': {'LABEL_0': 0, 'LABEL_1': 1}, 'do_sample': False, 'num_beams': 1, 'typical_p': 1, 'hidden_act': 'gelu_pytorch_tanh', 'image_size': 896, 'is_decoder': False, 'max_length': 20, 'min_length': 0, 'model_type': 'siglip_vision_model', 'patch_size': 14, 'hidden_size': 1152, 'return_dict': True, 'temperature': 1, 'torch_dtype': 'bfloat16', 'torchscript': False, 'bos_token_id': None, 'eos_token_id': None, 'num_channels': 3, 'pad_token_id': None, 'problem_type': None, 'sep_token_id': None, 'use_bfloat16': False, '_name_or_path': '', 'architectures': None, 'bad_words_ids': None, 'output_scores': False, 'early_stopping': False, 'layer_norm_eps': 1e-06, 'length_penalty': 1, 'tf_legacy_loss': False, 'finetuning_task': None, 'num_beam_groups': 1, 'suppress_tokens': None, 'tokenizer_class': None, 'vision_use_head': False, 'attention_dropout': 0, 'diversity_penalty': 0, 'intermediate_size': 4304, 'num_hidden_layers': 27, 'output_attentions': False, 'is_encoder_decoder': False, 'repetition_penalty': 1, 'add_cross_attention': False, 'forced_bos_token_id': None, 'forced_eos_token_id': None, 'num_attention_heads': 16, 'tie_encoder_decoder': False, 'tie_word_embeddings': True, 'no_repeat_ngram_size': 0, 'num_return_sequences': 1, 'output_hidden_states': False, 'task_specific_params': None, 'begin_suppress_tokens': None, 'remove_invalid_values': False, 'decoder_start_token_id': None, 'chunk_size_feed_forward': 0, 'return_dict_in_generate': False, 'cross_attention_hidden_size': None, '_attn_implementation_autoset': False, 'encoder_no_repeat_ngram_size': 0, 'exponential_decay_length_penalty': None}",True,,False,False,O1,1.0,16384.0,False,False,255999.0,<CHARS_PER_TOKEN>,256000.0,,False,False,1.0,False,,,2025.3.19,128.0,False,,False,True,steps,,3.0,True,,False,,0.0,False,262144.0,0.02,warning,linear,,False,<PUSH_TO_HUB_TOKEN>,False,False,"{'even_batches': True, 'non_blocking': False, 'split_batches': False, 'dispatch_batches': None, 'use_seedable_sampler': True, 'gradient_accumulation_kwargs': None}",False,,text,False,length,False,1.0,,-1.0,False,,,0.0,[],256.0,,True,False,True,False,False,4314980720.0,0.0,1.0,,False,,False,,,4.51.2,,,True,,loss,False,True,,0.0,,True,False,False,auto,0.0,True,False,,0.0,2,,False,250.0,,,False,,,False,4.0,False,,4.0,1.0,0.0,False,False,,False,,,False,{'runtime': 71},,,,,,,,,,,,"{'default': {'r': 8, 'bias': 'none', 'revision': None, 'use_dora': False, 'lora_bias': False, 'peft_type': 'LORA', 'task_type': 'CAUSAL_LM', 'eva_config': None, 'lora_alpha': 8, 'use_rslora': False, 'auto_mapping': None, 'lora_dropout': 0, 'megatron_core': 'megatron.core', 'fan_in_fan_out': False, 'inference_mode': False, 'layers_pattern': None, 'runtime_config': {'ephemeral_gpu_offload': False}, 'target_modules': '(?:.*?(?:language|text).*?(?:self_attn|attention|attn|mlp|feed_forward|ffn|dense).*?(?:k_proj|v_proj|q_proj|out_proj|fc1|fc2|o_proj|gate_proj|up_proj|down_proj).*?)|(?:\\bmodel\\.layers\\.[\\d]{1,}\\.(?:self_attn|attention|attn|mlp|feed_forward|ffn|dense)\\.(?:(?:k_proj|v_proj|q_proj|out_proj|fc1|fc2|o_proj|gate_proj|up_proj|down_proj)))', 'exclude_modules': None, 'megatron_config': None, 'modules_to_save': None, 'init_lora_weights': True, 'layer_replication': None, 'layers_to_transform': None, 'base_model_name_or_path': 'unsloth/gemma-3-4b-it-unsloth-bnb-4bit'}}","{'load_in_4bit': True, 'load_in_8bit': False, 'quant_method': 'bitsandbytes', 'llm_int8_threshold': 6, 'bnb_4bit_quant_type': 'nf4', 'llm_int8_skip_modules': None, 'bnb_4bit_compute_dtype': 'bfloat16', 'llm_int8_has_fp16_weight': False, 'bnb_4bit_use_double_quant': True, 'llm_int8_enable_fp32_cpu_offload': False}",,,,,,,,,,,,,,,,,,,,,,,,,,,,,,,,,,,,,,,,,,,,,,,,,,,,,,,,,,,,,,,,,,,,,,,,,,,
rodornelles-hertie-school,master_thesis-open_source_models,b3blbt68,ft_unsloth__Llama-3.2-3B-Instruct_v1_2025-04-13_16-35-30,2025-04-13T16:44:57Z,killed,[],https://wandb.ai/rodornelles-hertie-school/master_thesis-open_source_models/runs/b3blbt68,True,False,[],3407.0,,[],adamw_8bit,50.0,1.0,,True,False,False,0.0,False,False,"{'0': 'LABEL_0', '1': 'LABEL_1'}","{'LABEL_0': 0, 'LABEL_1': 1}",ft_unsloth__Llama-3.2-3B-Instruct_v1_2025-04-13_16-35-30,False,False,,,False,<HUB_TOKEN>,passive,-1.0,1.0,last,['wandb'],1.0,False,0.9,0.999,False,0.0,1,False,0.0,20.0,0.0,llama,,outputs_ft_unsloth__Llama-3.2-3B-Instruct_v1_2025-04-13_16-35-30,-1.0,10.0,,1800.0,"{'xla': False, 'xla_fsdp_v2': False, 'min_num_params': 0, 'xla_fsdp_grad_ckpt': False}",,outputs_ft_unsloth__Llama-3.2-3B-Instruct_v1_2025-04-13_16-35-30/runs/Apr13_16-35-49_7783fa843c9d,False,True,1.0,,bfloat16,,False,1e-08,128000.0,False,128009,,auto,,every_save,128004.0,,,False,0.0,5.0,0.01,['LlamaForCausalLM'],,False,steps,False,2e-05,1.0,1.0,,False,steps,False,,True,,True,,False,False,O1,1.0,16384.0,False,False,,<CHARS_PER_TOKEN>,,,False,False,1.0,False,,,2025.3.19,1.0,False,,False,True,steps,,10.0,True,3,False,,0.0,False,,0.02,warning,linear,,False,<PUSH_TO_HUB_TOKEN>,False,False,"{'even_batches': True, 'non_blocking': False, 'split_batches': False, 'dispatch_batches': None, 'use_seedable_sampler': True, 'gradient_accumulation_kwargs': None}",False,,text,False,length,False,1.0,,-1.0,False,,,0.0,[],,,True,False,True,False,False,3237063680.0,0.0,1.0,,False,False,False,,,4.51.2,,,True,,eval_loss,False,True,,0.0,,True,False,False,auto,0.0,True,True,,0.0,4,,False,,,,False,,,False,1.0,False,,4.0,1.0,0.0,False,False,,False,,,False,{'runtime': 161},,,,155.239508687,7.0,1744562307.5714035,0.08602150537634409,4.0,0.2316473424434662,1.2e-05,0.2224,"{'default': {'r': 16, 'bias': 'none', 'revision': None, 'use_dora': False, 'lora_bias': False, 'peft_type': 'LORA', 'task_type': 'CAUSAL_LM', 'eva_config': None, 'lora_alpha': 16, 'use_rslora': False, 'auto_mapping': None, 'corda_config': None, 'lora_dropout': 0, 'megatron_core': 'megatron.core', 'fan_in_fan_out': False, 'inference_mode': False, 'layers_pattern': None, 'runtime_config': {'ephemeral_gpu_offload': False}, 'target_modules': ['o_proj', 'v_proj', 'down_proj', 'up_proj', 'gate_proj', 'k_proj', 'q_proj'], 'exclude_modules': None, 'megatron_config': None, 'modules_to_save': None, 'init_lora_weights': True, 'layer_replication': None, 'layers_to_transform': None, 'base_model_name_or_path': 'unsloth/llama-3.2-3b-instruct-unsloth-bnb-4bit', 'trainable_token_indices': None}}","{'load_in_4bit': True, 'load_in_8bit': False, 'quant_method': 'bitsandbytes', 'llm_int8_threshold': 6, 'bnb_4bit_quant_type': 'nf4', 'llm_int8_skip_modules': None, 'bnb_4bit_compute_dtype': 'bfloat16', 'llm_int8_has_fp16_weight': False, 'bnb_4bit_use_double_quant': True, 'llm_int8_enable_fp32_cpu_offload': False}",128.0,False,True,silu,500000.0,128256.0,3072.0,1e-05,"{'factor': 32, 'rope_type': 'llama3', 'low_freq_factor': 1, 'high_freq_factor': 4, 'original_max_position_embeddings': 8192}",False,1.0,0.0,8192.0,28.0,24.0,8.0,131072.0,NaN,26.9372,1.225,1.225,,,,,,,,,,,,,,,,,,,,,,,,,,,,,,,,,,,,,,,,,,,,,,,,,,,,,,
rodornelles-hertie-school,master_thesis-open_source_models,2mkfe78u,ft_unsloth__Llama-3.2-3B-Instruct_v1_2025-04-13_16-13-26,2025-04-13T16:22:54Z,failed,[],https://wandb.ai/rodornelles-hertie-school/master_thesis-open_source_models/runs/2mkfe78u,True,False,[],3407.0,,[],adamw_8bit,50.0,1.0,,True,False,False,0.0,False,False,"{'0': 'LABEL_0', '1': 'LABEL_1'}","{'LABEL_0': 0, 'LABEL_1': 1}",ft_unsloth__Llama-3.2-3B-Instruct_v1_2025-04-13_16-13-26,False,False,,,False,<HUB_TOKEN>,passive,-1.0,1.0,last,['wandb'],1.0,False,0.9,0.999,False,0.0,5,False,0.0,20.0,0.0,llama,,outputs_ft_unsloth__Llama-3.2-3B-Instruct_v1_2025-04-13_16-13-26,-1.0,10.0,,1800.0,"{'xla': False, 'xla_fsdp_v2': False, 'min_num_params': 0, 'xla_fsdp_grad_ckpt': False}",,outputs_ft_unsloth__Llama-3.2-3B-Instruct_v1_2025-04-13_16-13-26/runs/Apr13_16-13-46_7783fa843c9d,False,True,1.0,,bfloat16,,False,1e-08,128000.0,False,128009,,auto,,every_save,128004.0,,,False,0.0,5.0,0.01,['LlamaForCausalLM'],,False,steps,False,2e-05,1.0,1.0,,False,steps,False,,True,,True,,False,False,O1,1.0,16384.0,False,False,,<CHARS_PER_TOKEN>,,,False,False,1.0,False,,,2025.3.19,1.0,False,,False,True,steps,,10.0,True,3,False,,0.0,False,,0.02,warning,linear,,False,<PUSH_TO_HUB_TOKEN>,False,False,"{'even_batches': True, 'non_blocking': False, 'split_batches': False, 'dispatch_batches': None, 'use_seedable_sampler': True, 'gradient_accumulation_kwargs': None}",False,,text,False,length,False,1.0,,-1.0,False,,,0.0,[],,,True,False,True,False,False,3237063680.0,0.0,1.0,,False,False,False,,,4.51.2,,,True,,eval_loss,False,True,,0.0,,True,False,False,auto,0.0,True,True,,0.0,4,,False,,,,False,,,False,1.0,False,,4.0,1.0,0.0,False,False,,False,,,False,{'runtime': 3},,,,,,,,,,,,"{'default': {'r': 16, 'bias': 'none', 'revision': None, 'use_dora': False, 'lora_bias': False, 'peft_type': 'LORA', 'task_type': 'CAUSAL_LM', 'eva_config': None, 'lora_alpha': 16, 'use_rslora': False, 'auto_mapping': None, 'corda_config': None, 'lora_dropout': 0, 'megatron_core': 'megatron.core', 'fan_in_fan_out': False, 'inference_mode': False, 'layers_pattern': None, 'runtime_config': {'ephemeral_gpu_offload': False}, 'target_modules': ['v_proj', 'k_proj', 'o_proj', 'q_proj', 'gate_proj', 'up_proj', 'down_proj'], 'exclude_modules': None, 'megatron_config': None, 'modules_to_save': None, 'init_lora_weights': True, 'layer_replication': None, 'layers_to_transform': None, 'base_model_name_or_path': 'unsloth/llama-3.2-3b-instruct-unsloth-bnb-4bit', 'trainable_token_indices': None}}","{'load_in_4bit': True, 'load_in_8bit': False, 'quant_method': 'bitsandbytes', 'llm_int8_threshold': 6, 'bnb_4bit_quant_type': 'nf4', 'llm_int8_skip_modules': None, 'bnb_4bit_compute_dtype': 'bfloat16', 'llm_int8_has_fp16_weight': False, 'bnb_4bit_use_double_quant': True, 'llm_int8_enable_fp32_cpu_offload': False}",128.0,False,True,silu,500000.0,128256.0,3072.0,1e-05,"{'factor': 32, 'rope_type': 'llama3', 'low_freq_factor': 1, 'high_freq_factor': 4, 'original_max_position_embeddings': 8192}",False,1.0,0.0,8192.0,28.0,24.0,8.0,131072.0,,,,,,,,,,,,,,,,,,,,,,,,,,,,,,,,,,,,,,,,,,,,,,,,,,,,,,,,,,
rodornelles-hertie-school,master_thesis-open_source_models,pnhnbhd6,ft_unsloth__Llama-3.2-3B-Instruct_v1_2025-04-13_16-06-05,2025-04-13T16:15:33Z,killed,[],https://wandb.ai/rodornelles-hertie-school/master_thesis-open_source_models/runs/pnhnbhd6,True,False,[],3407.0,,[],adamw_8bit,50.0,1.0,,True,False,False,0.0,False,False,"{'0': 'LABEL_0', '1': 'LABEL_1'}","{'LABEL_0': 0, 'LABEL_1': 1}",ft_unsloth__Llama-3.2-3B-Instruct_v1_2025-04-13_16-06-05,False,False,,,False,<HUB_TOKEN>,passive,-1.0,1.0,last,['wandb'],1.0,False,0.9,0.999,False,0.0,10,False,0.0,20.0,0.0,llama,,outputs_ft_unsloth__Llama-3.2-3B-Instruct_v1_2025-04-13_16-06-05,-1.0,10.0,,1800.0,"{'xla': False, 'xla_fsdp_v2': False, 'min_num_params': 0, 'xla_fsdp_grad_ckpt': False}",,outputs_ft_unsloth__Llama-3.2-3B-Instruct_v1_2025-04-13_16-06-05/runs/Apr13_16-06-25_7783fa843c9d,False,True,1.0,,bfloat16,,False,1e-08,128000.0,False,128009,,auto,,every_save,128004.0,,,False,0.0,5.0,0.01,['LlamaForCausalLM'],,False,steps,False,2e-05,1.0,1.0,,False,steps,False,,True,,True,,False,False,O1,1.0,16384.0,False,False,,<CHARS_PER_TOKEN>,,,False,False,1.0,False,,,2025.3.19,1.0,False,,False,True,steps,,10.0,True,3,False,,0.0,False,,0.02,warning,linear,,False,<PUSH_TO_HUB_TOKEN>,False,False,"{'even_batches': True, 'non_blocking': False, 'split_batches': False, 'dispatch_batches': None, 'use_seedable_sampler': True, 'gradient_accumulation_kwargs': None}",False,,text,False,length,False,1.0,,-1.0,False,,,0.0,[],,,True,False,True,False,False,3224906752.0,0.0,1.0,,False,False,False,,,4.51.2,,,True,,eval_loss,False,True,,0.0,,True,False,False,auto,0.0,True,True,,0.0,4,,False,,,,False,,,False,1.0,False,,4.0,1.0,0.0,False,False,,False,,,False,{'runtime': 107},,,,98.809439567,10.0,1744560486.8614862,0.21505376344086025,10.0,0.2130783349275589,1.9824175824175825e-05,0.2134,"{'default': {'r': 8, 'bias': 'none', 'revision': None, 'use_dora': False, 'lora_bias': False, 'peft_type': 'LORA', 'task_type': 'CAUSAL_LM', 'eva_config': None, 'lora_alpha': 8, 'use_rslora': False, 'auto_mapping': None, 'corda_config': None, 'lora_dropout': 0, 'megatron_core': 'megatron.core', 'fan_in_fan_out': False, 'inference_mode': False, 'layers_pattern': None, 'runtime_config': {'ephemeral_gpu_offload': False}, 'target_modules': ['q_proj', 'gate_proj', 'up_proj', 'v_proj', 'o_proj', 'k_proj', 'down_proj'], 'exclude_modules': None, 'megatron_config': None, 'modules_to_save': None, 'init_lora_weights': True, 'layer_replication': None, 'layers_to_transform': None, 'base_model_name_or_path': 'unsloth/llama-3.2-3b-instruct-unsloth-bnb-4bit', 'trainable_token_indices': None}}","{'load_in_4bit': True, 'load_in_8bit': False, 'quant_method': 'bitsandbytes', 'llm_int8_threshold': 6, 'bnb_4bit_quant_type': 'nf4', 'llm_int8_skip_modules': None, 'bnb_4bit_compute_dtype': 'bfloat16', 'llm_int8_has_fp16_weight': False, 'bnb_4bit_use_double_quant': True, 'llm_int8_enable_fp32_cpu_offload': False}",128.0,False,True,silu,500000.0,128256.0,3072.0,1e-05,"{'factor': 32, 'rope_type': 'llama3', 'low_freq_factor': 1, 'high_freq_factor': 4, 'original_max_position_embeddings': 8192}",False,1.0,0.0,8192.0,28.0,24.0,8.0,131072.0,NaN,20.1699,1.636,1.636,,,,,,,,,,,,,,,,,,,,,,,,,,,,,,,,,,,,,,,,,,,,,,,,,,,,,,
rodornelles-hertie-school,master_thesis-open_source_models,mwoyvxyw,ft_unsloth__lawma-8b_v1_2025-04-13_20-22-19,2025-04-13T20:32:33Z,crashed,[],https://wandb.ai/rodornelles-hertie-school/master_thesis-open_source_models/runs/mwoyvxyw,True,False,[],3407.0,,[],adamw_8bit,50.0,1.0,,True,False,False,0.0,False,False,"{'0': 'LABEL_0', '1': 'LABEL_1'}","{'LABEL_0': 0, 'LABEL_1': 1}",ft_unsloth__lawma-8b_v1_2025-04-13_20-22-19,False,False,,,False,<HUB_TOKEN>,passive,-1.0,1.0,last,['wandb'],1.0,False,0.9,0.999,False,0.0,10,False,0.0,20.0,0.0,llama,,outputs_ft_unsloth__lawma-8b_v1_2025-04-13_20-22-19,-1.0,10.0,,1800.0,"{'xla': False, 'xla_fsdp_v2': False, 'min_num_params': 0, 'xla_fsdp_grad_ckpt': False}",,outputs_ft_unsloth__lawma-8b_v1_2025-04-13_20-22-19/runs/Apr13_20-22-51_7783fa843c9d,False,True,1.0,,bfloat16,,False,1e-08,128000.0,False,128009,,auto,,every_save,128001.0,,,False,0.0,5.0,0.01,['LlamaForCausalLM'],,False,steps,False,2e-05,1.0,1.0,,False,steps,False,,,,True,,False,False,O1,1.0,18432.0,False,False,,<CHARS_PER_TOKEN>,,,False,False,1.0,False,,,2025.3.19,1.0,False,,False,True,steps,,10.0,True,3,False,,0.0,False,,0.02,warning,linear,,False,<PUSH_TO_HUB_TOKEN>,False,False,"{'even_batches': True, 'non_blocking': False, 'split_batches': False, 'dispatch_batches': None, 'use_seedable_sampler': True, 'gradient_accumulation_kwargs': None}",False,,text,False,length,False,1.0,,-1.0,False,,,0.0,[],,,True,False,False,False,False,8072204288.0,0.0,1.0,,False,False,False,,,4.51.2,,,True,,eval_loss,False,True,,0.0,,True,False,False,auto,0.0,True,True,,0.0,4,,False,,,,False,,,False,1.0,False,,4.0,1.0,0.0,False,False,,False,,,False,{'runtime': 290},,,,290.342746088,7.0,1744576098.0494452,0.5161290322580645,8.0,4.949697971343994,1.9724137931034483e-05,1.3073,"{'default': {'r': 16, 'bias': 'none', 'revision': None, 'use_dora': False, 'lora_bias': False, 'peft_type': 'LORA', 'task_type': 'CAUSAL_LM', 'eva_config': None, 'lora_alpha': 16, 'use_rslora': False, 'auto_mapping': None, 'lora_dropout': 0, 'megatron_core': 'megatron.core', 'fan_in_fan_out': False, 'inference_mode': False, 'layers_pattern': None, 'runtime_config': {'ephemeral_gpu_offload': False}, 'target_modules': ['k_proj', 'gate_proj', 'q_proj', 'down_proj', 'o_proj', 'v_proj', 'up_proj'], 'exclude_modules': None, 'megatron_config': None, 'modules_to_save': None, 'init_lora_weights': True, 'layer_replication': None, 'layers_to_transform': None, 'base_model_name_or_path': 'ricdomolm/lawma-8b'}}","{'load_in_4bit': True, 'load_in_8bit': False, 'quant_method': 'bitsandbytes', 'llm_int8_threshold': 6, 'bnb_4bit_quant_type': 'nf4', 'llm_int8_skip_modules': None, 'bnb_4bit_compute_dtype': 'bfloat16', 'llm_int8_has_fp16_weight': False, 'bnb_4bit_use_double_quant': True, 'llm_int8_enable_fp32_cpu_offload': False}",128.0,False,False,silu,500000.0,128256.0,4096.0,1e-05,"{'factor': 8, 'rope_type': 'llama3', 'low_freq_factor': 1, 'high_freq_factor': 4, 'original_max_position_embeddings': 8192}",False,1.0,0.0,14336.0,32.0,32.0,8.0,131072.0,,,,,,,,,,,,,,,,,,,,,,,,,,,,,,,,,,,,,,,,,,,,,,,,,,,,,,,,,,
rodornelles-hertie-school,master_thesis-open_source_models,6cfw762l,ft_unsloth__Llama-3.1-8B-Instruct_v1_2025-04-14_05-23-24,2025-04-14T05:32:48Z,failed,[],https://wandb.ai/rodornelles-hertie-school/master_thesis-open_source_models/runs/6cfw762l,True,False,[],3407.0,,[],adamw_8bit,50.0,1.0,,True,False,False,0.0,False,False,"{'0': 'LABEL_0', '1': 'LABEL_1'}","{'LABEL_0': 0, 'LABEL_1': 1}",ft_unsloth__Llama-3.1-8B-Instruct_v1_2025-04-14_05-23-24,False,False,,,False,<HUB_TOKEN>,passive,-1.0,1.0,last,['wandb'],1.0,False,0.9,0.999,False,0.0,10,False,0.0,20.0,0.0,llama,,outputs_ft_unsloth__Llama-3.1-8B-Instruct_v1_2025-04-14_05-23-24,-1.0,10.0,,1800.0,"{'xla': False, 'xla_fsdp_v2': False, 'min_num_params': 0, 'xla_fsdp_grad_ckpt': False}",,outputs_ft_unsloth__Llama-3.1-8B-Instruct_v1_2025-04-14_05-23-24/runs/Apr14_05-23-38_7783fa843c9d,False,True,1.0,,bfloat16,,False,1e-08,128000.0,False,128009,,auto,,every_save,128004.0,,,False,0.0,5.0,0.01,['LlamaForCausalLM'],,False,steps,False,2e-05,1.0,1.0,,False,steps,False,,True,,True,,False,False,O1,1.0,18432.0,False,False,,<CHARS_PER_TOKEN>,,,False,False,1.0,False,,,2025.3.19,1.0,False,,False,True,steps,,10.0,True,3,False,,0.0,False,,0.02,warning,linear,,False,<PUSH_TO_HUB_TOKEN>,False,False,"{'even_batches': True, 'non_blocking': False, 'split_batches': False, 'dispatch_batches': None, 'use_seedable_sampler': True, 'gradient_accumulation_kwargs': None}",False,,text,False,length,False,1.0,,-1.0,False,,,0.0,[],,,True,False,False,False,False,8072204288.0,0.0,1.0,,False,False,False,,,4.51.2,,,True,,eval_loss,False,True,,0.0,,True,False,False,auto,0.0,True,True,,0.0,4,,False,,,,False,,,False,1.0,False,,4.0,1.0,0.0,False,False,,False,,,False,{'runtime': 4},,,,,,,,,,,,"{'default': {'r': 16, 'bias': 'none', 'revision': None, 'use_dora': False, 'lora_bias': False, 'peft_type': 'LORA', 'task_type': 'CAUSAL_LM', 'eva_config': None, 'lora_alpha': 16, 'use_rslora': False, 'auto_mapping': None, 'corda_config': None, 'lora_dropout': 0, 'megatron_core': 'megatron.core', 'fan_in_fan_out': False, 'inference_mode': False, 'layers_pattern': None, 'runtime_config': {'ephemeral_gpu_offload': False}, 'target_modules': ['v_proj', 'o_proj', 'k_proj', 'gate_proj', 'q_proj', 'down_proj', 'up_proj'], 'exclude_modules': None, 'megatron_config': None, 'modules_to_save': None, 'init_lora_weights': True, 'layer_replication': None, 'layers_to_transform': None, 'base_model_name_or_path': 'unsloth/llama-3.1-8b-instruct-unsloth-bnb-4bit', 'trainable_token_indices': None}}","{'load_in_4bit': True, 'load_in_8bit': False, 'quant_method': 'bitsandbytes', 'llm_int8_threshold': 6, 'bnb_4bit_quant_type': 'nf4', 'llm_int8_skip_modules': None, 'bnb_4bit_compute_dtype': 'bfloat16', 'llm_int8_has_fp16_weight': False, 'bnb_4bit_use_double_quant': True, 'llm_int8_enable_fp32_cpu_offload': False}",128.0,False,True,silu,500000.0,128256.0,4096.0,1e-05,"{'factor': 8, 'rope_type': 'llama3', 'low_freq_factor': 1, 'high_freq_factor': 4, 'original_max_position_embeddings': 8192}",False,1.0,0.0,14336.0,32.0,32.0,8.0,131072.0,,,,,,,,,,,,,,,,,,,,,,,,,,,,,,,,,,,,,,,,,,,,,,,,,,,,,,,,,,
rodornelles-hertie-school,master_thesis-open_source_models,8m35sjuq,ft_unsloth__Llama-3.2-3B-Instruct_v1_2025-04-13_16-39-30,2025-04-13T17:14:11Z,crashed,[],https://wandb.ai/rodornelles-hertie-school/master_thesis-open_source_models/runs/8m35sjuq,True,False,[],3407.0,,[],adamw_8bit,50.0,1.0,,True,False,False,0.0,False,False,"{'0': 'LABEL_0', '1': 'LABEL_1'}","{'LABEL_0': 0, 'LABEL_1': 1}",ft_unsloth__Llama-3.2-3B-Instruct_v1_2025-04-13_16-39-30,False,False,,,False,<HUB_TOKEN>,passive,-1.0,1.0,last,['wandb'],1.0,False,0.9,0.999,False,0.0,1,False,0.0,20.0,0.0,llama,,outputs_ft_unsloth__Llama-3.2-3B-Instruct_v1_2025-04-13_16-39-30,-1.0,10.0,,1800.0,"{'xla': False, 'xla_fsdp_v2': False, 'min_num_params': 0, 'xla_fsdp_grad_ckpt': False}",,outputs_ft_unsloth__Llama-3.2-3B-Instruct_v1_2025-04-13_16-39-30/runs/Apr13_17-04-56_7783fa843c9d,False,True,1.0,,bfloat16,,False,1e-08,128000.0,False,128009,,auto,,every_save,128004.0,,,False,0.0,5.0,0.01,['LlamaForCausalLM'],,False,steps,False,2e-05,1.0,1.0,,False,steps,False,,True,,True,,False,False,O1,1.0,16384.0,False,False,,<CHARS_PER_TOKEN>,,,False,False,1.0,False,,,2025.3.19,1.0,False,,False,True,steps,,10.0,True,3,False,,0.0,False,,0.02,warning,linear,,False,<PUSH_TO_HUB_TOKEN>,False,False,"{'even_batches': True, 'non_blocking': False, 'split_batches': False, 'dispatch_batches': None, 'use_seedable_sampler': True, 'gradient_accumulation_kwargs': None}",False,,text,False,length,False,1.0,,-1.0,False,,,0.0,[],,,True,False,True,False,False,3237063680.0,0.0,1.0,,False,False,False,,,4.51.2,,,True,,eval_loss,False,True,,0.0,,True,False,False,auto,0.0,True,True,,0.0,4,,False,,,,False,,,False,1.0,False,,4.0,1.0,0.0,False,False,,False,,,False,{'runtime': 17},,,,,,,,,,,,"{'default': {'r': 16, 'bias': 'none', 'revision': None, 'use_dora': False, 'lora_bias': False, 'peft_type': 'LORA', 'task_type': 'CAUSAL_LM', 'eva_config': None, 'lora_alpha': 16, 'use_rslora': False, 'auto_mapping': None, 'lora_dropout': 0, 'megatron_core': 'megatron.core', 'fan_in_fan_out': False, 'inference_mode': False, 'layers_pattern': None, 'runtime_config': {'ephemeral_gpu_offload': False}, 'target_modules': ['down_proj', 'up_proj', 'k_proj', 'v_proj', 'gate_proj', 'q_proj', 'o_proj'], 'exclude_modules': None, 'megatron_config': None, 'modules_to_save': None, 'init_lora_weights': True, 'layer_replication': None, 'layers_to_transform': None, 'base_model_name_or_path': 'unsloth/llama-3.2-3b-instruct-unsloth-bnb-4bit'}}","{'load_in_4bit': True, 'load_in_8bit': False, 'quant_method': 'bitsandbytes', 'llm_int8_threshold': 6, 'bnb_4bit_quant_type': 'nf4', 'llm_int8_skip_modules': None, 'bnb_4bit_compute_dtype': 'bfloat16', 'llm_int8_has_fp16_weight': False, 'bnb_4bit_use_double_quant': True, 'llm_int8_enable_fp32_cpu_offload': False}",128.0,False,True,silu,500000.0,128256.0,3072.0,1e-05,"{'factor': 32, 'rope_type': 'llama3', 'low_freq_factor': 1, 'high_freq_factor': 4, 'original_max_position_embeddings': 8192}",False,1.0,0.0,8192.0,28.0,24.0,8.0,131072.0,,,,,,,,,,,,,,,,,,,,,,,,,,,,,,,,,,,,,,,,,,,,,,,,,,,,,,,,,,
rodornelles-hertie-school,master_thesis-open_source_models,m29n1u3g,ft_unsloth__Llama-3.1-8B-Instruct_v1_2025-04-13_21-03-19,2025-04-13T21:12:48Z,failed,[],https://wandb.ai/rodornelles-hertie-school/master_thesis-open_source_models/runs/m29n1u3g,True,False,[],3407.0,,[],adamw_8bit,50.0,1.0,,True,False,False,0.0,False,False,"{'0': 'LABEL_0', '1': 'LABEL_1'}","{'LABEL_0': 0, 'LABEL_1': 1}",ft_unsloth__Llama-3.1-8B-Instruct_v1_2025-04-13_21-03-19,False,False,,,False,<HUB_TOKEN>,passive,-1.0,1.0,last,['wandb'],1.0,False,0.9,0.999,False,0.0,10,False,0.0,20.0,0.0,llama,,outputs_ft_unsloth__Llama-3.1-8B-Instruct_v1_2025-04-13_21-03-19,-1.0,10.0,,1800.0,"{'xla': False, 'xla_fsdp_v2': False, 'min_num_params': 0, 'xla_fsdp_grad_ckpt': False}",,outputs_ft_unsloth__Llama-3.1-8B-Instruct_v1_2025-04-13_21-03-19/runs/Apr13_21-03-39_7783fa843c9d,False,True,1.0,,bfloat16,,False,1e-08,128000.0,False,128009,,auto,,every_save,128004.0,,,False,0.0,5.0,0.01,['LlamaForCausalLM'],,False,steps,False,2e-05,1.0,1.0,,False,steps,False,,True,,True,,False,False,O1,1.0,18432.0,False,False,,<CHARS_PER_TOKEN>,,,False,False,1.0,False,,,2025.3.19,1.0,False,,False,True,steps,,10.0,True,3,False,,0.0,False,,0.02,warning,linear,,False,<PUSH_TO_HUB_TOKEN>,False,False,"{'even_batches': True, 'non_blocking': False, 'split_batches': False, 'dispatch_batches': None, 'use_seedable_sampler': True, 'gradient_accumulation_kwargs': None}",False,,text,False,length,False,1.0,,-1.0,False,,,0.0,[],,,True,False,False,False,False,8072204288.0,0.0,1.0,,False,False,False,,,4.51.2,,,True,,eval_loss,False,True,,0.0,,True,False,False,auto,0.0,True,True,,0.0,4,,False,,,,False,,,False,1.0,False,,4.0,1.0,0.0,False,False,,False,,,False,{'runtime': 498},,,,496.923555855,9.0,1744578719.143945,0.851063829787234,10.0,0.21836057305336,1.923809523809524e-05,0.137,"{'default': {'r': 16, 'bias': 'none', 'revision': None, 'use_dora': False, 'lora_bias': False, 'peft_type': 'LORA', 'task_type': 'CAUSAL_LM', 'eva_config': None, 'lora_alpha': 16, 'use_rslora': False, 'auto_mapping': None, 'corda_config': None, 'lora_dropout': 0, 'megatron_core': 'megatron.core', 'fan_in_fan_out': False, 'inference_mode': False, 'layers_pattern': None, 'runtime_config': {'ephemeral_gpu_offload': False}, 'target_modules': ['k_proj', 'o_proj', 'gate_proj', 'down_proj', 'up_proj', 'q_proj', 'v_proj'], 'exclude_modules': None, 'megatron_config': None, 'modules_to_save': None, 'init_lora_weights': True, 'layer_replication': None, 'layers_to_transform': None, 'base_model_name_or_path': 'unsloth/llama-3.1-8b-instruct-unsloth-bnb-4bit', 'trainable_token_indices': None}}","{'load_in_4bit': True, 'load_in_8bit': False, 'quant_method': 'bitsandbytes', 'llm_int8_threshold': 6, 'bnb_4bit_quant_type': 'nf4', 'llm_int8_skip_modules': None, 'bnb_4bit_compute_dtype': 'bfloat16', 'llm_int8_has_fp16_weight': False, 'bnb_4bit_use_double_quant': True, 'llm_int8_enable_fp32_cpu_offload': False}",128.0,False,True,silu,500000.0,128256.0,4096.0,1e-05,"{'factor': 8, 'rope_type': 'llama3', 'low_freq_factor': 1, 'high_freq_factor': 4, 'original_max_position_embeddings': 8192}",False,1.0,0.0,14336.0,32.0,32.0,8.0,131072.0,,,,,,,,,,,,,,,,,,,,,,,,,,,,,,,,,,,,,,,,,,,,,,,,,,,,,,,,,,
rodornelles-hertie-school,master_thesis-open_source_models,c1ovwpw0,ft_unsloth__gemma-3-4b-it_v1_2025-04-14_11-52-40,2025-04-14T12:02:34Z,failed,[],https://wandb.ai/rodornelles-hertie-school/master_thesis-open_source_models/runs/c1ovwpw0,True,False,[],3407.0,,[],adamw_8bit,50.0,1.0,,True,False,False,0.0,False,False,"{'0': 'LABEL_0', '1': 'LABEL_1'}","{'LABEL_0': 0, 'LABEL_1': 1}",ft_unsloth__gemma-3-4b-it_v1_2025-04-14_11-52-40,False,False,3407,,False,<HUB_TOKEN>,passive,-1.0,1.0,last,['wandb'],1.0,False,0.9,0.999,False,0.0,10,False,0.0,20.0,0.0,gemma3,,outputs_ft_unsloth__gemma-3-4b-it_v1_2025-04-14_11-52-40,-1.0,10.0,,1800.0,"{'xla': False, 'xla_fsdp_v2': False, 'min_num_params': 0, 'xla_fsdp_grad_ckpt': False}",,outputs_ft_unsloth__gemma-3-4b-it_v1_2025-04-14_11-52-40/runs/Apr14_11-53-06_7783fa843c9d,False,True,1.0,"{'top_k': 50, 'top_p': 1, 'prefix': None, 'head_dim': 256, 'id2label': {'0': 'LABEL_0', '1': 'LABEL_1'}, 'label2id': {'LABEL_0': 0, 'LABEL_1': 1}, 'do_sample': False, 'num_beams': 1, 'typical_p': 1, 'use_cache': True, 'is_decoder': False, 'max_length': 20, 'min_length': 0, 'model_type': 'gemma3_text', 'rope_theta': 1000000.0, 'vocab_size': 262208, 'hidden_size': 2560, 'return_dict': True, 'temperature': 1, 'torch_dtype': 'bfloat16', 'torchscript': False, 'bos_token_id': 2, 'eos_token_id': 1, 'pad_token_id': 0, 'problem_type': None, 'rms_norm_eps': 1e-06, 'rope_scaling': {'factor': 8, 'rope_type': 'linear'}, 'sep_token_id': None, 'use_bfloat16': False, '_name_or_path': '', 'architectures': None, 'bad_words_ids': None, 'output_scores': False, 'attention_bias': False, 'early_stopping': False, 'length_penalty': 1, 'sliding_window': 1024, 'tf_legacy_loss': False, 'finetuning_task': None, 'num_beam_groups': 1, 'suppress_tokens': None, 'tokenizer_class': None, 'attention_dropout': 0, 'diversity_penalty': 0, 'hidden_activation': 'gelu_pytorch_tanh', 'initializer_range': 0.02, 'intermediate_size': 10240, 'num_hidden_layers': 34, 'output_attentions': False, 'is_encoder_decoder': False, 'repetition_penalty': 1, 'add_cross_attention': False, 'forced_bos_token_id': None, 'forced_eos_token_id': None, 'num_attention_heads': 8, 'num_key_value_heads': 4, 'tie_encoder_decoder': False, 'tie_word_embeddings': True, 'cache_implementation': 'hybrid', 'no_repeat_ngram_size': 0, 'num_return_sequences': 1, 'output_hidden_states': False, 'rope_local_base_freq': 10000, 'task_specific_params': None, 'begin_suppress_tokens': None, 'query_pre_attn_scalar': 256, 'remove_invalid_values': False, 'attn_logit_softcapping': None, 'decoder_start_token_id': None, 'sliding_window_pattern': 6, 'chunk_size_feed_forward': 0, 'final_logit_softcapping': None, 'max_position_embeddings': 131072, 'return_dict_in_generate': False, 'cross_attention_hidden_size': None, '_attn_implementation_autoset': False, 'encoder_no_repeat_ngram_size': 0, 'exponential_decay_length_penalty': None}",bfloat16,,False,1e-08,2.0,False,106,,auto,,every_save,0.0,,,False,0.1,0.0,0.01,['Gemma3ForConditionalGeneration'],,False,steps,False,2e-05,1.0,1.0,,False,steps,False,,True,"{'top_k': 50, 'top_p': 1, 'prefix': None, 'id2label': {'0': 'LABEL_0', '1': 'LABEL_1'}, 'label2id': {'LABEL_0': 0, 'LABEL_1': 1}, 'do_sample': False, 'num_beams': 1, 'typical_p': 1, 'hidden_act': 'gelu_pytorch_tanh', 'image_size': 896, 'is_decoder': False, 'max_length': 20, 'min_length': 0, 'model_type': 'siglip_vision_model', 'patch_size': 14, 'hidden_size': 1152, 'return_dict': True, 'temperature': 1, 'torch_dtype': 'bfloat16', 'torchscript': False, 'bos_token_id': None, 'eos_token_id': None, 'num_channels': 3, 'pad_token_id': None, 'problem_type': None, 'sep_token_id': None, 'use_bfloat16': False, '_name_or_path': '', 'architectures': None, 'bad_words_ids': None, 'output_scores': False, 'early_stopping': False, 'layer_norm_eps': 1e-06, 'length_penalty': 1, 'tf_legacy_loss': False, 'finetuning_task': None, 'num_beam_groups': 1, 'suppress_tokens': None, 'tokenizer_class': None, 'vision_use_head': False, 'attention_dropout': 0, 'diversity_penalty': 0, 'intermediate_size': 4304, 'num_hidden_layers': 27, 'output_attentions': False, 'is_encoder_decoder': False, 'repetition_penalty': 1, 'add_cross_attention': False, 'forced_bos_token_id': None, 'forced_eos_token_id': None, 'num_attention_heads': 16, 'tie_encoder_decoder': False, 'tie_word_embeddings': True, 'no_repeat_ngram_size': 0, 'num_return_sequences': 1, 'output_hidden_states': False, 'task_specific_params': None, 'begin_suppress_tokens': None, 'remove_invalid_values': False, 'decoder_start_token_id': None, 'chunk_size_feed_forward': 0, 'return_dict_in_generate': False, 'cross_attention_hidden_size': None, '_attn_implementation_autoset': False, 'encoder_no_repeat_ngram_size': 0, 'exponential_decay_length_penalty': None}",True,,False,False,O1,1.0,16384.0,False,False,255999.0,<CHARS_PER_TOKEN>,256000.0,,False,False,1.0,False,,,2025.3.19,1.0,False,,False,True,steps,,10.0,True,3,False,,0.0,False,262144.0,0.02,warning,linear,,False,<PUSH_TO_HUB_TOKEN>,False,False,"{'even_batches': True, 'non_blocking': False, 'split_batches': False, 'dispatch_batches': None, 'use_seedable_sampler': True, 'gradient_accumulation_kwargs': None}",False,,text,False,length,False,1.0,,-1.0,False,,,0.0,[],256.0,,True,False,True,False,False,4316473712.0,0.0,1.0,,False,,False,,,4.51.2,,,True,,eval_loss,False,True,,0.0,,True,False,False,auto,0.0,True,False,,0.0,2,,False,250.0,,,False,,,False,1.0,False,,8.0,1.0,0.0,False,False,,False,,,False,{'runtime': 265},,,,224.493267408,1.0,1744631828.901395,0.08602150537634409,2.0,0.7461591958999634,8.695652173913044e-07,0.3482,"{'default': {'r': 8, 'bias': 'none', 'revision': None, 'use_dora': False, 'lora_bias': False, 'peft_type': 'LORA', 'task_type': 'CAUSAL_LM', 'eva_config': None, 'lora_alpha': 8, 'use_rslora': False, 'auto_mapping': None, 'corda_config': None, 'lora_dropout': 0, 'megatron_core': 'megatron.core', 'fan_in_fan_out': False, 'inference_mode': False, 'layers_pattern': None, 'runtime_config': {'ephemeral_gpu_offload': False}, 'target_modules': ['down_proj', 'k_proj', 'v_proj', 'o_proj', 'up_proj', 'gate_proj', 'q_proj'], 'exclude_modules': None, 'megatron_config': None, 'modules_to_save': None, 'init_lora_weights': True, 'layer_replication': None, 'layers_to_transform': None, 'base_model_name_or_path': 'unsloth/gemma-3-4b-it', 'trainable_token_indices': None}}",,,,,,,,,,,,,,,,,,,,,,,,,,,,,,,,,,,,,,,,,,,,,,,,,,,,,,,,,,,,,,,,,,,,,,,,,,,,
rodornelles-hertie-school,master_thesis-open_source_models,yrcpw541,ft_unsloth__Llama-3.2-3B-Instruct_v1_2025-04-13_15-44-33,2025-04-13T15:54:00Z,crashed,[],https://wandb.ai/rodornelles-hertie-school/master_thesis-open_source_models/runs/yrcpw541,True,False,[],3407.0,,[],adamw_8bit,50.0,1.0,,True,False,False,0.0,False,False,"{'0': 'LABEL_0', '1': 'LABEL_1'}","{'LABEL_0': 0, 'LABEL_1': 1}",ft_unsloth__Llama-3.2-3B-Instruct_v1_2025-04-13_15-44-33,False,False,,,False,<HUB_TOKEN>,passive,-1.0,1.0,last,['wandb'],1.0,False,0.9,0.999,False,0.0,5,False,0.0,20.0,0.0,llama,,outputs_ft_unsloth__Llama-3.2-3B-Instruct_v1_2025-04-13_15-44-33,-1.0,5.0,,1800.0,"{'xla': False, 'xla_fsdp_v2': False, 'min_num_params': 0, 'xla_fsdp_grad_ckpt': False}",,outputs_ft_unsloth__Llama-3.2-3B-Instruct_v1_2025-04-13_15-44-33/runs/Apr13_15-44-51_7783fa843c9d,False,True,1.0,,bfloat16,,False,1e-08,128000.0,False,128009,,auto,,every_save,128004.0,,,False,0.0,5.0,0.01,['LlamaForCausalLM'],,False,steps,False,0.0002,1.0,1.0,,False,steps,False,,True,,True,,False,False,O1,1.0,16384.0,False,False,,<CHARS_PER_TOKEN>,,,False,False,1.0,False,,,2025.3.19,1.0,False,,False,True,steps,,10.0,True,3,False,,0.0,False,,0.02,warning,linear,,False,<PUSH_TO_HUB_TOKEN>,False,False,"{'even_batches': True, 'non_blocking': False, 'split_batches': False, 'dispatch_batches': None, 'use_seedable_sampler': True, 'gradient_accumulation_kwargs': None}",False,,text,False,length,False,1.0,,-1.0,False,,,0.0,[],,,True,False,True,False,False,3224906752.0,0.0,1.0,,False,False,False,,,4.51.2,,,True,,eval_loss,False,True,,0.0,,True,False,False,auto,0.0,True,True,,0.0,4,,False,,,,False,,,False,1.0,False,,4.0,1.0,0.0,False,False,,False,,,False,{'runtime': 359},,,,359.844372265,39.0,1744559454.8150558,0.7311827956989247,34.0,0.14528806507587433,0.0001876923076923077,0.0927,"{'default': {'r': 8, 'bias': 'none', 'revision': None, 'use_dora': False, 'lora_bias': False, 'peft_type': 'LORA', 'task_type': 'CAUSAL_LM', 'eva_config': None, 'lora_alpha': 8, 'use_rslora': False, 'auto_mapping': None, 'corda_config': None, 'lora_dropout': 0, 'megatron_core': 'megatron.core', 'fan_in_fan_out': False, 'inference_mode': False, 'layers_pattern': None, 'runtime_config': {'ephemeral_gpu_offload': False}, 'target_modules': ['k_proj', 'down_proj', 'up_proj', 'o_proj', 'v_proj', 'gate_proj', 'q_proj'], 'exclude_modules': None, 'megatron_config': None, 'modules_to_save': None, 'init_lora_weights': True, 'layer_replication': None, 'layers_to_transform': None, 'base_model_name_or_path': 'unsloth/llama-3.2-3b-instruct-unsloth-bnb-4bit', 'trainable_token_indices': None}}","{'load_in_4bit': True, 'load_in_8bit': False, 'quant_method': 'bitsandbytes', 'llm_int8_threshold': 6, 'bnb_4bit_quant_type': 'nf4', 'llm_int8_skip_modules': None, 'bnb_4bit_compute_dtype': 'bfloat16', 'llm_int8_has_fp16_weight': False, 'bnb_4bit_use_double_quant': True, 'llm_int8_enable_fp32_cpu_offload': False}",128.0,False,True,silu,500000.0,128256.0,3072.0,1e-05,"{'factor': 32, 'rope_type': 'llama3', 'low_freq_factor': 1, 'high_freq_factor': 4, 'original_max_position_embeddings': 8192}",False,1.0,0.0,8192.0,28.0,24.0,8.0,131072.0,0.16756322979927063,24.5685,1.587,1.587,,,,,,,,,,,,,,,,,,,,,,,,,,,,,,,,,,,,,,,,,,,,,,,,,,,,,,
rodornelles-hertie-school,master_thesis-open_source_models,ari7l3dh,ft_unsloth__Llama-3.2-1B-Instruct_v1_2025-04-14_05-27-59,2025-04-14T05:37:58Z,crashed,[],https://wandb.ai/rodornelles-hertie-school/master_thesis-open_source_models/runs/ari7l3dh,True,False,[],3407.0,,[],adamw_8bit,50.0,1.0,,True,False,False,0.0,False,False,"{'0': 'LABEL_0', '1': 'LABEL_1'}","{'LABEL_0': 0, 'LABEL_1': 1}",ft_unsloth__Llama-3.2-1B-Instruct_v1_2025-04-14_05-27-59,False,False,,,False,<HUB_TOKEN>,passive,-1.0,1.0,last,['wandb'],1.0,False,0.9,0.999,False,0.0,10,False,0.0,20.0,0.0,llama,,outputs_ft_unsloth__Llama-3.2-1B-Instruct_v1_2025-04-14_05-27-59,-1.0,10.0,,1800.0,"{'xla': False, 'xla_fsdp_v2': False, 'min_num_params': 0, 'xla_fsdp_grad_ckpt': False}",,outputs_ft_unsloth__Llama-3.2-1B-Instruct_v1_2025-04-14_05-27-59/runs/Apr14_05-28-33_7783fa843c9d,False,True,1.0,,bfloat16,,False,1e-08,128000.0,False,128009,,auto,,every_save,128004.0,,,False,0.0,5.0,0.01,['LlamaForCausalLM'],,False,steps,False,2e-05,1.0,1.0,,False,steps,False,,True,,True,,False,False,O1,1.0,18432.0,False,False,,<CHARS_PER_TOKEN>,,,False,False,1.0,False,,,2025.3.19,1.0,False,,False,True,steps,,10.0,True,3,False,,0.0,False,,0.02,warning,linear,,False,<PUSH_TO_HUB_TOKEN>,False,False,"{'even_batches': True, 'non_blocking': False, 'split_batches': False, 'dispatch_batches': None, 'use_seedable_sampler': True, 'gradient_accumulation_kwargs': None}",False,,text,False,length,False,1.0,,-1.0,False,,,0.0,[],,,True,False,True,False,False,1247086592.0,0.0,1.0,,False,False,False,,,4.51.2,,,True,,eval_loss,False,True,,0.0,,True,False,False,auto,0.0,True,True,,0.0,4,,False,,,,False,,,False,1.0,False,,4.0,1.0,0.0,False,False,,False,,,False,{'runtime': 15},,,,15.811390977,0.0,1744608547.031557,0.021505376344086023,1.0,1.3298420906066897,0.0,7.1116,"{'default': {'r': 16, 'bias': 'none', 'revision': None, 'use_dora': False, 'lora_bias': False, 'peft_type': 'LORA', 'task_type': 'CAUSAL_LM', 'eva_config': None, 'lora_alpha': 16, 'use_rslora': False, 'auto_mapping': None, 'corda_config': None, 'lora_dropout': 0, 'megatron_core': 'megatron.core', 'fan_in_fan_out': False, 'inference_mode': False, 'layers_pattern': None, 'runtime_config': {'ephemeral_gpu_offload': False}, 'target_modules': ['up_proj', 'k_proj', 'o_proj', 'gate_proj', 'v_proj', 'q_proj', 'down_proj'], 'exclude_modules': None, 'megatron_config': None, 'modules_to_save': None, 'init_lora_weights': True, 'layer_replication': None, 'layers_to_transform': None, 'base_model_name_or_path': 'unsloth/llama-3.2-1b-instruct-unsloth-bnb-4bit', 'trainable_token_indices': None}}","{'load_in_4bit': True, 'load_in_8bit': False, 'quant_method': 'bitsandbytes', 'llm_int8_threshold': 6, 'bnb_4bit_quant_type': 'nf4', 'llm_int8_skip_modules': None, 'bnb_4bit_compute_dtype': 'bfloat16', 'llm_int8_has_fp16_weight': False, 'bnb_4bit_use_double_quant': True, 'llm_int8_enable_fp32_cpu_offload': False}",64.0,False,True,silu,500000.0,128256.0,2048.0,1e-05,"{'factor': 32, 'rope_type': 'llama3', 'low_freq_factor': 1, 'high_freq_factor': 4, 'original_max_position_embeddings': 8192}",False,1.0,0.0,8192.0,16.0,32.0,8.0,131072.0,,,,,,,,,,,,,,,,,,,,,,,,,,,,,,,,,,,,,,,,,,,,,,,,,,,,,,,,,,
rodornelles-hertie-school,master_thesis-open_source_models,1a1vpvz9,ft_unsloth__Llama-3.1-8B-Instruct_v1_2025-04-13_20-03-29,2025-04-13T20:13:18Z,failed,[],https://wandb.ai/rodornelles-hertie-school/master_thesis-open_source_models/runs/1a1vpvz9,True,False,[],3407.0,,[],adamw_8bit,50.0,1.0,,True,False,False,0.0,False,False,"{'0': 'LABEL_0', '1': 'LABEL_1'}","{'LABEL_0': 0, 'LABEL_1': 1}",ft_unsloth__Llama-3.1-8B-Instruct_v1_2025-04-13_20-03-29,False,False,,,False,<HUB_TOKEN>,passive,-1.0,1.0,last,['wandb'],1.0,False,0.9,0.999,False,0.0,10,False,0.0,20.0,0.0,llama,,outputs_ft_unsloth__Llama-3.1-8B-Instruct_v1_2025-04-13_20-03-29,-1.0,10.0,,1800.0,"{'xla': False, 'xla_fsdp_v2': False, 'min_num_params': 0, 'xla_fsdp_grad_ckpt': False}",,outputs_ft_unsloth__Llama-3.1-8B-Instruct_v1_2025-04-13_20-03-29/runs/Apr13_20-03-52_7783fa843c9d,False,True,1.0,,bfloat16,,False,1e-08,128000.0,False,128009,,auto,,every_save,128004.0,,,False,0.0,5.0,0.01,['LlamaForCausalLM'],,False,steps,False,2e-05,1.0,1.0,,False,steps,False,,True,,True,,False,False,O1,1.0,18432.0,False,False,,<CHARS_PER_TOKEN>,,,False,False,1.0,False,,,2025.3.19,1.0,False,,False,True,steps,,10.0,True,3,False,,0.0,False,,0.02,warning,linear,,False,<PUSH_TO_HUB_TOKEN>,False,False,"{'even_batches': True, 'non_blocking': False, 'split_batches': False, 'dispatch_batches': None, 'use_seedable_sampler': True, 'gradient_accumulation_kwargs': None}",False,,text,False,length,False,1.0,,-1.0,False,,,0.0,[],,,True,False,False,False,False,8072204288.0,0.0,1.0,,False,False,False,,,4.51.2,,,True,,eval_loss,False,True,,0.0,,True,False,False,auto,0.0,True,True,,0.0,4,,False,,,,False,,,False,1.0,False,,4.0,1.0,0.0,False,False,,False,,,False,{'runtime': 6},,,,,,,,,,,,"{'default': {'r': 16, 'bias': 'none', 'revision': None, 'use_dora': False, 'lora_bias': False, 'peft_type': 'LORA', 'task_type': 'CAUSAL_LM', 'eva_config': None, 'lora_alpha': 16, 'use_rslora': False, 'auto_mapping': None, 'corda_config': None, 'lora_dropout': 0, 'megatron_core': 'megatron.core', 'fan_in_fan_out': False, 'inference_mode': False, 'layers_pattern': None, 'runtime_config': {'ephemeral_gpu_offload': False}, 'target_modules': ['gate_proj', 'k_proj', 'o_proj', 'up_proj', 'q_proj', 'down_proj', 'v_proj'], 'exclude_modules': None, 'megatron_config': None, 'modules_to_save': None, 'init_lora_weights': True, 'layer_replication': None, 'layers_to_transform': None, 'base_model_name_or_path': 'unsloth/llama-3.1-8b-instruct-unsloth-bnb-4bit', 'trainable_token_indices': None}}","{'load_in_4bit': True, 'load_in_8bit': False, 'quant_method': 'bitsandbytes', 'llm_int8_threshold': 6, 'bnb_4bit_quant_type': 'nf4', 'llm_int8_skip_modules': None, 'bnb_4bit_compute_dtype': 'bfloat16', 'llm_int8_has_fp16_weight': False, 'bnb_4bit_use_double_quant': True, 'llm_int8_enable_fp32_cpu_offload': False}",128.0,False,True,silu,500000.0,128256.0,4096.0,1e-05,"{'factor': 8, 'rope_type': 'llama3', 'low_freq_factor': 1, 'high_freq_factor': 4, 'original_max_position_embeddings': 8192}",False,1.0,0.0,14336.0,32.0,32.0,8.0,131072.0,,,,,,,,,,,,,,,,,,,,,,,,,,,,,,,,,,,,,,,,,,,,,,,,,,,,,,,,,,
rodornelles-hertie-school,master_thesis-open_source_models,u54edehl,ft_unsloth__Llama-3.1-8B-Instruct_v1_2025-04-14_11-34-01,2025-04-14T11:43:46Z,failed,[],https://wandb.ai/rodornelles-hertie-school/master_thesis-open_source_models/runs/u54edehl,True,False,[],3407.0,,[],adamw_8bit,50.0,1.0,,True,False,False,0.0,False,False,"{'0': 'LABEL_0', '1': 'LABEL_1'}","{'LABEL_0': 0, 'LABEL_1': 1}",ft_unsloth__Llama-3.1-8B-Instruct_v1_2025-04-14_11-34-01,False,False,,,False,<HUB_TOKEN>,passive,-1.0,1.0,last,['wandb'],1.0,False,0.9,0.999,False,0.0,10,False,0.0,20.0,0.0,llama,,outputs_ft_unsloth__Llama-3.1-8B-Instruct_v1_2025-04-14_11-34-01,-1.0,10.0,,1800.0,"{'xla': False, 'xla_fsdp_v2': False, 'min_num_params': 0, 'xla_fsdp_grad_ckpt': False}",,outputs_ft_unsloth__Llama-3.1-8B-Instruct_v1_2025-04-14_11-34-01/runs/Apr14_11-34-21_7783fa843c9d,False,True,1.0,,bfloat16,,False,1e-08,128000.0,False,128009,,auto,,every_save,128004.0,,,False,0.0,5.0,0.01,['LlamaForCausalLM'],,False,steps,False,2e-05,1.0,1.0,,False,steps,False,,True,,True,,False,False,O1,1.0,18432.0,False,False,,<CHARS_PER_TOKEN>,,,False,False,1.0,False,,,2025.3.19,1.0,False,,False,True,steps,,10.0,True,3,False,,0.0,False,,0.02,warning,linear,,False,<PUSH_TO_HUB_TOKEN>,False,False,"{'even_batches': True, 'non_blocking': False, 'split_batches': False, 'dispatch_batches': None, 'use_seedable_sampler': True, 'gradient_accumulation_kwargs': None}",False,,text,False,length,False,1.0,,-1.0,False,,,0.0,[],,,True,False,False,False,False,8051232768.0,0.0,1.0,,False,False,False,,,4.51.2,,,True,,eval_loss,False,True,,0.0,,True,False,False,auto,0.0,True,True,,0.0,4,,False,,,,False,,,False,1.0,False,,4.0,1.0,0.0,False,False,,False,,,False,{'runtime': 8},,,,,,,,,,,,"{'default': {'r': 8, 'bias': 'none', 'revision': None, 'use_dora': False, 'lora_bias': False, 'peft_type': 'LORA', 'task_type': 'CAUSAL_LM', 'eva_config': None, 'lora_alpha': 8, 'use_rslora': False, 'auto_mapping': None, 'corda_config': None, 'lora_dropout': 0, 'megatron_core': 'megatron.core', 'fan_in_fan_out': False, 'inference_mode': False, 'layers_pattern': None, 'runtime_config': {'ephemeral_gpu_offload': False}, 'target_modules': ['o_proj', 'q_proj', 'v_proj', 'k_proj', 'gate_proj', 'up_proj', 'down_proj'], 'exclude_modules': None, 'megatron_config': None, 'modules_to_save': None, 'init_lora_weights': True, 'layer_replication': None, 'layers_to_transform': None, 'base_model_name_or_path': 'unsloth/Llama-3.1-8B-Instruct', 'trainable_token_indices': None}}",,128.0,False,True,silu,500000.0,128256.0,4096.0,1e-05,"{'factor': 8, 'rope_type': 'llama3', 'low_freq_factor': 1, 'high_freq_factor': 4, 'original_max_position_embeddings': 8192}",False,1.0,0.0,14336.0,32.0,32.0,8.0,131072.0,,,,,,,,,,,,,,,,,,,,,,,,,,,,,,,,,,,,,,,,,,,,,,,,,,,,,,,,,,
rodornelles-hertie-school,master_thesis-open_source_models,2sc0dqle,ft_unsloth__Llama-3.2-3B-Instruct_v1_2025-04-13_17-49-04,2025-04-13T17:58:52Z,crashed,[],https://wandb.ai/rodornelles-hertie-school/master_thesis-open_source_models/runs/2sc0dqle,True,False,[],3407.0,,[],adamw_8bit,50.0,1.0,,True,False,False,0.0,False,False,"{'0': 'LABEL_0', '1': 'LABEL_1'}","{'LABEL_0': 0, 'LABEL_1': 1}",ft_unsloth__Llama-3.2-3B-Instruct_v1_2025-04-13_17-49-04,False,False,,,False,<HUB_TOKEN>,passive,-1.0,1.0,last,['wandb'],1.0,False,0.9,0.999,False,0.0,1,False,0.0,20.0,0.0,llama,,outputs_ft_unsloth__Llama-3.2-3B-Instruct_v1_2025-04-13_17-49-04,-1.0,10.0,,1800.0,"{'xla': False, 'xla_fsdp_v2': False, 'min_num_params': 0, 'xla_fsdp_grad_ckpt': False}",,outputs_ft_unsloth__Llama-3.2-3B-Instruct_v1_2025-04-13_17-49-04/runs/Apr13_17-49-22_7783fa843c9d,False,True,1.0,,bfloat16,,False,1e-08,128000.0,False,128009,,auto,,every_save,128004.0,,,False,0.0,5.0,0.01,['LlamaForCausalLM'],,False,steps,False,2e-05,1.0,1.0,,False,steps,False,,True,,True,,False,False,O1,1.0,18432.0,False,False,,<CHARS_PER_TOKEN>,,,False,False,1.0,False,,,2025.3.19,2.0,False,,False,True,steps,,10.0,True,3,False,,0.0,False,,0.02,warning,linear,,False,<PUSH_TO_HUB_TOKEN>,False,False,"{'even_batches': True, 'non_blocking': False, 'split_batches': False, 'dispatch_batches': None, 'use_seedable_sampler': True, 'gradient_accumulation_kwargs': None}",False,,text,False,length,False,1.0,,-1.0,False,,,0.0,[],,,True,False,True,False,False,3237063680.0,0.0,1.0,,False,False,False,,,4.51.2,,,True,,eval_loss,False,True,,0.0,,True,False,False,auto,0.0,True,True,,0.0,4,,False,,,,False,,,False,1.0,False,,4.0,1.0,0.0,False,False,,False,,,False,{'runtime': 44},,,,44.44207182,2.0,1744566630.6012416,0.043010752688172046,2.0,0.28335514664649963,4.000000000000001e-06,0.2302,"{'default': {'r': 16, 'bias': 'none', 'revision': None, 'use_dora': False, 'lora_bias': False, 'peft_type': 'LORA', 'task_type': 'CAUSAL_LM', 'eva_config': None, 'lora_alpha': 16, 'use_rslora': False, 'auto_mapping': None, 'lora_dropout': 0, 'megatron_core': 'megatron.core', 'fan_in_fan_out': False, 'inference_mode': False, 'layers_pattern': None, 'runtime_config': {'ephemeral_gpu_offload': False}, 'target_modules': ['o_proj', 'down_proj', 'q_proj', 'v_proj', 'gate_proj', 'k_proj', 'up_proj'], 'exclude_modules': None, 'megatron_config': None, 'modules_to_save': None, 'init_lora_weights': True, 'layer_replication': None, 'layers_to_transform': None, 'base_model_name_or_path': 'unsloth/llama-3.2-3b-instruct-unsloth-bnb-4bit'}}","{'load_in_4bit': True, 'load_in_8bit': False, 'quant_method': 'bitsandbytes', 'llm_int8_threshold': 6, 'bnb_4bit_quant_type': 'nf4', 'llm_int8_skip_modules': None, 'bnb_4bit_compute_dtype': 'bfloat16', 'llm_int8_has_fp16_weight': False, 'bnb_4bit_use_double_quant': True, 'llm_int8_enable_fp32_cpu_offload': False}",128.0,False,True,silu,500000.0,128256.0,3072.0,1e-05,"{'factor': 32, 'rope_type': 'llama3', 'low_freq_factor': 1, 'high_freq_factor': 4, 'original_max_position_embeddings': 8192}",False,1.0,0.0,8192.0,28.0,24.0,8.0,131072.0,1.01340913772583,19.2253,1.716,1.716,,,,,,,,,,,,,,,,,,,,,,,,,,,,,,,,,,,,,,,,,,,,,,,,,,,,,,
rodornelles-hertie-school,master_thesis-open_source_models,8u3y57lw,ft_hf_lora_Phi-4_v1_2025-04-15_14-00-56,2025-04-15T14:10:53Z,finished,[],https://wandb.ai/rodornelles-hertie-school/master_thesis-open_source_models/runs/8u3y57lw,True,False,[],3407.0,,[],adamw_8bit,50.0,1.0,,True,False,False,0.0,False,False,"{'0': 'LABEL_0', '1': 'LABEL_1'}","{'LABEL_0': 0, 'LABEL_1': 1}",ft_hf_lora_Phi-4_v1_2025-04-15_14-00-56,False,False,3407,,False,<HUB_TOKEN>,passive,-1.0,1.0,last,['wandb'],1.0,False,0.9,0.999,False,0.0,10,False,0.0,20.0,0.0,llama,,outputs_ft_hf_lora_Phi-4_v1_2025-04-15_14-00-56,-1.0,10.0,,1800.0,"{'xla': False, 'xla_fsdp_v2': False, 'min_num_params': 0, 'xla_fsdp_grad_ckpt': False}",,outputs_ft_hf_lora_Phi-4_v1_2025-04-15_14-00-56/runs/Apr15_14-01-16_7783fa843c9d,False,True,1.0,,bfloat16,,False,1e-08,100257.0,False,100265,,auto,,every_save,100351.0,,,False,0.1,5.0,0.01,['LlamaForCausalLM'],,False,steps,False,2e-05,1.0,1.0,,False,steps,False,,True,,True,,False,False,O1,1.0,18432.0,False,False,,<CHARS_PER_TOKEN>,,,False,False,1.0,False,,,2025.3.19,1.0,False,,False,True,steps,,10.0,True,3,False,,0.0,False,,0.02,warning,linear,,False,<PUSH_TO_HUB_TOKEN>,False,False,"{'even_batches': True, 'non_blocking': False, 'split_batches': False, 'dispatch_batches': None, 'use_seedable_sampler': True, 'gradient_accumulation_kwargs': None}",False,,text,False,length,False,1.0,,-1.0,False,,,0.0,[],,,True,False,False,False,False,14725043200.0,0.0,1.0,,False,,False,,,4.51.2,,,True,,eval_loss,False,True,,0.0,,True,False,False,auto,0.0,True,False,,0.0,2,,False,250.0,,,False,,,False,1.0,False,,4.0,1.0,0.0,False,False,,False,,,False,{'runtime': 7097},,,,7097.355223881,363.0,1744732796.9184728,7.021505376344086,330.0,0.07727200537919998,5.758241758241758e-06,0.0194,"{'default': {'r': 16, 'bias': 'none', 'revision': None, 'use_dora': False, 'lora_bias': False, 'peft_type': 'LORA', 'task_type': 'CAUSAL_LM', 'eva_config': None, 'lora_alpha': 16, 'use_rslora': False, 'auto_mapping': None, 'corda_config': None, 'lora_dropout': 0, 'megatron_core': 'megatron.core', 'fan_in_fan_out': False, 'inference_mode': False, 'layers_pattern': None, 'runtime_config': {'ephemeral_gpu_offload': False}, 'target_modules': ['v_proj', 'up_proj', 'k_proj', 'o_proj', 'down_proj', 'q_proj', 'gate_proj'], 'exclude_modules': None, 'megatron_config': None, 'modules_to_save': None, 'init_lora_weights': True, 'layer_replication': None, 'layers_to_transform': None, 'base_model_name_or_path': 'unsloth/phi-4-unsloth-bnb-4bit', 'trainable_token_indices': None}}","{'load_in_4bit': True, 'load_in_8bit': False, 'quant_method': 'bitsandbytes', 'llm_int8_threshold': 6, 'bnb_4bit_quant_type': 'nf4', 'llm_int8_skip_modules': None, 'bnb_4bit_compute_dtype': 'bfloat16', 'llm_int8_has_fp16_weight': False, 'bnb_4bit_use_double_quant': True, 'llm_int8_enable_fp32_cpu_offload': False}",128.0,False,True,silu,250000.0,100352.0,5120.0,1e-05,"{'type': 'linear', 'factor': 1.125}",False,1.0,0.0,17920.0,40.0,40.0,10.0,18432.0,0.03577858954668045,44.5851,0.74,0.74,,,7.740310986313114e+17,0.04084930652611409,7094.6523,0.262,0.065,16384.0,,,,,,,,,,,,,,,,,,,,,,,,,,,,,,,,,,,,,,,,,,,,,,
rodornelles-hertie-school,master_thesis-open_source_models,ootwvmc3,ft_unsloth__gemma-3-12b-it_v1_2025-04-14_06-20-43,2025-04-14T06:30:32Z,failed,[],https://wandb.ai/rodornelles-hertie-school/master_thesis-open_source_models/runs/ootwvmc3,True,False,[],3407.0,,[],adamw_8bit,50.0,1.0,,True,False,False,0.0,False,False,"{'0': 'LABEL_0', '1': 'LABEL_1'}","{'LABEL_0': 0, 'LABEL_1': 1}",ft_unsloth__gemma-3-12b-it_v1_2025-04-14_06-20-43,False,False,3407,,False,<HUB_TOKEN>,passive,-1.0,1.0,last,['wandb'],1.0,False,0.9,0.999,False,0.0,10,False,0.0,20.0,0.0,gemma3,,outputs_ft_unsloth__gemma-3-12b-it_v1_2025-04-14_06-20-43,-1.0,10.0,,1800.0,"{'xla': False, 'xla_fsdp_v2': False, 'min_num_params': 0, 'xla_fsdp_grad_ckpt': False}",,outputs_ft_unsloth__gemma-3-12b-it_v1_2025-04-14_06-20-43/runs/Apr14_06-21-15_7783fa843c9d,False,True,1.0,"{'top_k': 50, 'top_p': 1, 'prefix': None, 'head_dim': 256, 'id2label': {'0': 'LABEL_0', '1': 'LABEL_1'}, 'label2id': {'LABEL_0': 0, 'LABEL_1': 1}, 'do_sample': False, 'num_beams': 1, 'typical_p': 1, 'use_cache': True, 'is_decoder': False, 'max_length': 20, 'min_length': 0, 'model_type': 'gemma3_text', 'rope_theta': 1000000.0, 'vocab_size': 262208, 'hidden_size': 3840, 'return_dict': True, 'temperature': 1, 'torch_dtype': 'bfloat16', 'torchscript': False, 'bos_token_id': 2, 'eos_token_id': 1, 'pad_token_id': 0, 'problem_type': None, 'rms_norm_eps': 1e-06, 'rope_scaling': {'factor': 8, 'rope_type': 'linear'}, 'sep_token_id': None, 'use_bfloat16': False, '_name_or_path': '', 'architectures': None, 'bad_words_ids': None, 'output_scores': False, 'attention_bias': False, 'early_stopping': False, 'length_penalty': 1, 'sliding_window': 1024, 'tf_legacy_loss': False, 'finetuning_task': None, 'num_beam_groups': 1, 'suppress_tokens': None, 'tokenizer_class': None, 'attention_dropout': 0, 'diversity_penalty': 0, 'hidden_activation': 'gelu_pytorch_tanh', 'initializer_range': 0.02, 'intermediate_size': 15360, 'num_hidden_layers': 48, 'output_attentions': False, 'is_encoder_decoder': False, 'repetition_penalty': 1, 'add_cross_attention': False, 'forced_bos_token_id': None, 'forced_eos_token_id': None, 'num_attention_heads': 16, 'num_key_value_heads': 8, 'tie_encoder_decoder': False, 'tie_word_embeddings': True, 'cache_implementation': 'hybrid', 'no_repeat_ngram_size': 0, 'num_return_sequences': 1, 'output_hidden_states': False, 'rope_local_base_freq': 10000, 'task_specific_params': None, 'begin_suppress_tokens': None, 'query_pre_attn_scalar': 256, 'remove_invalid_values': False, 'attn_logit_softcapping': None, 'decoder_start_token_id': None, 'sliding_window_pattern': 6, 'chunk_size_feed_forward': 0, 'final_logit_softcapping': None, 'max_position_embeddings': 131072, 'return_dict_in_generate': False, 'cross_attention_hidden_size': None, '_attn_implementation_autoset': False, 'encoder_no_repeat_ngram_size': 0, 'exponential_decay_length_penalty': None}",bfloat16,,False,1e-08,,False,"[1, 106]",,auto,,every_save,0.0,,,False,0.1,5.0,0.01,['Gemma3ForConditionalGeneration'],,False,steps,False,2e-05,1.0,1.0,,False,steps,False,,,"{'top_k': 50, 'top_p': 1, 'prefix': None, 'id2label': {'0': 'LABEL_0', '1': 'LABEL_1'}, 'label2id': {'LABEL_0': 0, 'LABEL_1': 1}, 'do_sample': False, 'num_beams': 1, 'typical_p': 1, 'hidden_act': 'gelu_pytorch_tanh', 'image_size': 896, 'is_decoder': False, 'max_length': 20, 'min_length': 0, 'model_type': 'siglip_vision_model', 'patch_size': 14, 'hidden_size': 1152, 'return_dict': True, 'temperature': 1, 'torch_dtype': 'bfloat16', 'torchscript': False, 'bos_token_id': None, 'eos_token_id': None, 'num_channels': 3, 'pad_token_id': None, 'problem_type': None, 'sep_token_id': None, 'use_bfloat16': False, '_name_or_path': '', 'architectures': None, 'bad_words_ids': None, 'output_scores': False, 'early_stopping': False, 'layer_norm_eps': 1e-06, 'length_penalty': 1, 'tf_legacy_loss': False, 'finetuning_task': None, 'num_beam_groups': 1, 'suppress_tokens': None, 'tokenizer_class': None, 'vision_use_head': False, 'attention_dropout': 0, 'diversity_penalty': 0, 'intermediate_size': 4304, 'num_hidden_layers': 27, 'output_attentions': False, 'is_encoder_decoder': False, 'repetition_penalty': 1, 'add_cross_attention': False, 'forced_bos_token_id': None, 'forced_eos_token_id': None, 'num_attention_heads': 16, 'tie_encoder_decoder': False, 'tie_word_embeddings': True, 'no_repeat_ngram_size': 0, 'num_return_sequences': 1, 'output_hidden_states': False, 'task_specific_params': None, 'begin_suppress_tokens': None, 'remove_invalid_values': False, 'decoder_start_token_id': None, 'chunk_size_feed_forward': 0, 'return_dict_in_generate': False, 'cross_attention_hidden_size': None, '_attn_implementation_autoset': False, 'encoder_no_repeat_ngram_size': 0, 'exponential_decay_length_penalty': None}",True,,False,False,O1,1.0,18432.0,False,False,255999.0,<CHARS_PER_TOKEN>,256000.0,,False,False,1.0,False,,,2025.3.19,1.0,False,,False,True,steps,,10.0,True,3,False,,0.0,False,262144.0,0.02,warning,linear,,False,<PUSH_TO_HUB_TOKEN>,False,False,"{'even_batches': True, 'non_blocking': False, 'split_batches': False, 'dispatch_batches': None, 'use_seedable_sampler': True, 'gradient_accumulation_kwargs': None}",False,,text,False,length,False,1.0,,-1.0,False,,,0.0,[],256.0,,True,False,True,False,False,12255781488.0,0.0,1.0,,False,,False,,,4.51.2,,,True,,eval_loss,False,True,,0.0,,True,False,False,auto,0.0,True,False,,0.0,2,,False,250.0,,,False,,,False,1.0,False,,8.0,1.0,0.0,False,False,,False,,,False,{'runtime': 929},,,,787.512200643,1.0,1744612470.360512,0.08602150537634409,2.0,0.57550448179245,4.000000000000001e-06,0.2626,"{'default': {'r': 16, 'bias': 'none', 'revision': None, 'use_dora': False, 'lora_bias': False, 'peft_type': 'LORA', 'task_type': 'CAUSAL_LM', 'eva_config': None, 'lora_alpha': 16, 'use_rslora': False, 'auto_mapping': None, 'corda_config': None, 'lora_dropout': 0, 'megatron_core': 'megatron.core', 'fan_in_fan_out': False, 'inference_mode': False, 'layers_pattern': None, 'runtime_config': {'ephemeral_gpu_offload': False}, 'target_modules': ['o_proj', 'q_proj', 'v_proj', 'k_proj', 'up_proj', 'down_proj', 'gate_proj'], 'exclude_modules': None, 'megatron_config': None, 'modules_to_save': None, 'init_lora_weights': True, 'layer_replication': None, 'layers_to_transform': None, 'base_model_name_or_path': 'unsloth/gemma-3-12b-it', 'trainable_token_indices': None}}",,,,,,,,,,,,,,,,,,,,,,,,,,,,,,,,,,,,,,,,,,,,,,,,,,,,,,,,,,,,,,,,,,,,,,,,,,,,
rodornelles-hertie-school,master_thesis-open_source_models,5ej2vhx2,ft_unsloth__Llama-3.2-3B-Instruct_v1_2025-04-13_16-10-27,2025-04-13T16:19:54Z,failed,[],https://wandb.ai/rodornelles-hertie-school/master_thesis-open_source_models/runs/5ej2vhx2,True,False,[],3407.0,,[],adamw_8bit,50.0,1.0,,True,False,False,0.0,False,False,"{'0': 'LABEL_0', '1': 'LABEL_1'}","{'LABEL_0': 0, 'LABEL_1': 1}",ft_unsloth__Llama-3.2-3B-Instruct_v1_2025-04-13_16-10-27,False,False,,,False,<HUB_TOKEN>,passive,-1.0,1.0,last,['wandb'],1.0,False,0.9,0.999,False,0.0,5,False,0.0,20.0,0.0,llama,,outputs_ft_unsloth__Llama-3.2-3B-Instruct_v1_2025-04-13_16-10-27,-1.0,10.0,,1800.0,"{'xla': False, 'xla_fsdp_v2': False, 'min_num_params': 0, 'xla_fsdp_grad_ckpt': False}",,outputs_ft_unsloth__Llama-3.2-3B-Instruct_v1_2025-04-13_16-10-27/runs/Apr13_16-10-46_7783fa843c9d,False,True,1.0,,bfloat16,,False,1e-08,128000.0,False,128009,,auto,,every_save,128004.0,,,False,0.0,5.0,0.01,['LlamaForCausalLM'],,False,steps,False,2e-05,1.0,1.0,,False,steps,False,,True,,True,,False,False,O1,1.0,16384.0,False,False,,<CHARS_PER_TOKEN>,,,False,False,1.0,False,,,2025.3.19,1.0,False,,False,True,steps,,10.0,True,3,False,,0.0,False,,0.02,warning,linear,,False,<PUSH_TO_HUB_TOKEN>,False,False,"{'even_batches': True, 'non_blocking': False, 'split_batches': False, 'dispatch_batches': None, 'use_seedable_sampler': True, 'gradient_accumulation_kwargs': None}",False,,text,False,length,False,1.0,,-1.0,False,,,0.0,[],,,True,False,True,False,False,3237063680.0,0.0,1.0,,False,False,False,,,4.51.2,,,True,,eval_loss,False,True,,0.0,,True,False,False,auto,0.0,True,True,,0.0,4,,False,,,,False,,,False,1.0,False,,4.0,1.0,0.0,False,False,,False,,,False,{'runtime': 4},,,,,,,,,,,,"{'default': {'r': 16, 'bias': 'none', 'revision': None, 'use_dora': False, 'lora_bias': False, 'peft_type': 'LORA', 'task_type': 'CAUSAL_LM', 'eva_config': None, 'lora_alpha': 16, 'use_rslora': False, 'auto_mapping': None, 'corda_config': None, 'lora_dropout': 0, 'megatron_core': 'megatron.core', 'fan_in_fan_out': False, 'inference_mode': False, 'layers_pattern': None, 'runtime_config': {'ephemeral_gpu_offload': False}, 'target_modules': ['gate_proj', 'o_proj', 'up_proj', 'v_proj', 'down_proj', 'q_proj', 'k_proj'], 'exclude_modules': None, 'megatron_config': None, 'modules_to_save': None, 'init_lora_weights': True, 'layer_replication': None, 'layers_to_transform': None, 'base_model_name_or_path': 'unsloth/llama-3.2-3b-instruct-unsloth-bnb-4bit', 'trainable_token_indices': None}}","{'load_in_4bit': True, 'load_in_8bit': False, 'quant_method': 'bitsandbytes', 'llm_int8_threshold': 6, 'bnb_4bit_quant_type': 'nf4', 'llm_int8_skip_modules': None, 'bnb_4bit_compute_dtype': 'bfloat16', 'llm_int8_has_fp16_weight': False, 'bnb_4bit_use_double_quant': True, 'llm_int8_enable_fp32_cpu_offload': False}",128.0,False,True,silu,500000.0,128256.0,3072.0,1e-05,"{'factor': 32, 'rope_type': 'llama3', 'low_freq_factor': 1, 'high_freq_factor': 4, 'original_max_position_embeddings': 8192}",False,1.0,0.0,8192.0,28.0,24.0,8.0,131072.0,,,,,,,,,,,,,,,,,,,,,,,,,,,,,,,,,,,,,,,,,,,,,,,,,,,,,,,,,,
rodornelles-hertie-school,master_thesis-open_source_models,sidc20b3,ft_unsloth__Llama-3.1-8B-Instruct_v1_2025-04-14_11-42-00,2025-04-14T11:51:31Z,failed,[],https://wandb.ai/rodornelles-hertie-school/master_thesis-open_source_models/runs/sidc20b3,True,False,[],3407.0,,[],adamw_8bit,50.0,1.0,,True,False,False,0.0,False,False,"{'0': 'LABEL_0', '1': 'LABEL_1'}","{'LABEL_0': 0, 'LABEL_1': 1}",ft_unsloth__Llama-3.1-8B-Instruct_v1_2025-04-14_11-42-00,False,False,,,False,<HUB_TOKEN>,passive,-1.0,1.0,last,['wandb'],1.0,False,0.9,0.999,False,0.0,10,False,0.0,20.0,0.0,llama,,outputs_ft_unsloth__Llama-3.1-8B-Instruct_v1_2025-04-14_11-42-00,-1.0,10.0,,1800.0,"{'xla': False, 'xla_fsdp_v2': False, 'min_num_params': 0, 'xla_fsdp_grad_ckpt': False}",,outputs_ft_unsloth__Llama-3.1-8B-Instruct_v1_2025-04-14_11-42-00/runs/Apr14_11-42-19_7783fa843c9d,False,True,1.0,,bfloat16,,False,1e-08,128000.0,False,128009,,auto,,every_save,128004.0,,,False,0.0,5.0,0.01,['LlamaForCausalLM'],,False,steps,False,2e-05,1.0,1.0,,False,steps,False,,True,,True,,False,False,O1,1.0,18432.0,False,False,,<CHARS_PER_TOKEN>,,,False,False,1.0,False,,,2025.3.19,1.0,False,,False,True,steps,,10.0,True,3,False,,0.0,False,,0.02,warning,linear,,False,<PUSH_TO_HUB_TOKEN>,False,False,"{'even_batches': True, 'non_blocking': False, 'split_batches': False, 'dispatch_batches': None, 'use_seedable_sampler': True, 'gradient_accumulation_kwargs': None}",False,,text,False,length,False,1.0,,-1.0,False,,,0.0,[],,,True,False,False,False,False,8051232768.0,0.0,1.0,,False,False,False,,,4.51.2,,,True,,eval_loss,False,True,,0.0,,True,False,False,auto,0.0,True,True,,0.0,4,,False,,,,False,,,False,1.0,False,,4.0,1.0,0.0,False,False,,False,,,False,{'runtime': 8},,,,,,,,,,,,"{'default': {'r': 8, 'bias': 'none', 'revision': None, 'use_dora': False, 'lora_bias': False, 'peft_type': 'LORA', 'task_type': 'CAUSAL_LM', 'eva_config': None, 'lora_alpha': 8, 'use_rslora': False, 'auto_mapping': None, 'corda_config': None, 'lora_dropout': 0, 'megatron_core': 'megatron.core', 'fan_in_fan_out': False, 'inference_mode': False, 'layers_pattern': None, 'runtime_config': {'ephemeral_gpu_offload': False}, 'target_modules': ['v_proj', 'k_proj', 'gate_proj', 'up_proj', 'o_proj', 'q_proj', 'down_proj'], 'exclude_modules': None, 'megatron_config': None, 'modules_to_save': None, 'init_lora_weights': True, 'layer_replication': None, 'layers_to_transform': None, 'base_model_name_or_path': 'unsloth/Llama-3.1-8B-Instruct', 'trainable_token_indices': None}}",,128.0,False,True,silu,500000.0,128256.0,4096.0,1e-05,"{'factor': 8, 'rope_type': 'llama3', 'low_freq_factor': 1, 'high_freq_factor': 4, 'original_max_position_embeddings': 8192}",False,1.0,0.0,14336.0,32.0,32.0,8.0,131072.0,,,,,,,,,,,,,,,,,,,,,,,,,,,,,,,,,,,,,,,,,,,,,,,,,,,,,,,,,,
rodornelles-hertie-school,master_thesis-open_source_models,r2j5rjb3,ft_unsloth__Llama-3.1-8B-Instruct_v1_2025-04-13_20-33-13,2025-04-13T20:42:42Z,failed,[],https://wandb.ai/rodornelles-hertie-school/master_thesis-open_source_models/runs/r2j5rjb3,True,False,[],3407.0,,[],adamw_8bit,50.0,1.0,,True,False,False,0.0,False,False,"{'0': 'LABEL_0', '1': 'LABEL_1'}","{'LABEL_0': 0, 'LABEL_1': 1}",ft_unsloth__Llama-3.1-8B-Instruct_v1_2025-04-13_20-33-13,False,False,,,False,<HUB_TOKEN>,passive,-1.0,1.0,last,['wandb'],1.0,False,0.9,0.999,False,0.0,10,False,0.0,20.0,0.0,llama,,outputs_ft_unsloth__Llama-3.1-8B-Instruct_v1_2025-04-13_20-33-13,-1.0,10.0,,1800.0,"{'xla': False, 'xla_fsdp_v2': False, 'min_num_params': 0, 'xla_fsdp_grad_ckpt': False}",,outputs_ft_unsloth__Llama-3.1-8B-Instruct_v1_2025-04-13_20-33-13/runs/Apr13_20-33-33_7783fa843c9d,False,True,1.0,,bfloat16,,False,1e-08,128000.0,False,128009,,auto,,every_save,128004.0,,,False,0.0,5.0,0.01,['LlamaForCausalLM'],,False,steps,False,2e-05,1.0,1.0,,False,steps,False,,True,,True,,False,False,O1,1.0,18432.0,False,False,,<CHARS_PER_TOKEN>,,,False,False,1.0,False,,,2025.3.19,1.0,False,,False,True,steps,,10.0,True,3,False,,0.0,False,,0.02,warning,linear,,False,<PUSH_TO_HUB_TOKEN>,False,False,"{'even_batches': True, 'non_blocking': False, 'split_batches': False, 'dispatch_batches': None, 'use_seedable_sampler': True, 'gradient_accumulation_kwargs': None}",False,,text,False,length,False,1.0,,-1.0,False,,,0.0,[],,,True,False,False,False,False,8072204288.0,0.0,1.0,,False,False,False,,,4.51.2,,,True,,eval_loss,False,True,,0.0,,True,False,False,auto,0.0,True,True,,0.0,4,,False,,,,False,,,False,1.0,False,,4.0,1.0,0.0,False,False,,False,,,False,{'runtime': 7},,,,,,,,,,,,"{'default': {'r': 16, 'bias': 'none', 'revision': None, 'use_dora': False, 'lora_bias': False, 'peft_type': 'LORA', 'task_type': 'CAUSAL_LM', 'eva_config': None, 'lora_alpha': 16, 'use_rslora': False, 'auto_mapping': None, 'corda_config': None, 'lora_dropout': 0, 'megatron_core': 'megatron.core', 'fan_in_fan_out': False, 'inference_mode': False, 'layers_pattern': None, 'runtime_config': {'ephemeral_gpu_offload': False}, 'target_modules': ['up_proj', 'o_proj', 'k_proj', 'gate_proj', 'v_proj', 'q_proj', 'down_proj'], 'exclude_modules': None, 'megatron_config': None, 'modules_to_save': None, 'init_lora_weights': True, 'layer_replication': None, 'layers_to_transform': None, 'base_model_name_or_path': 'unsloth/llama-3.1-8b-instruct-unsloth-bnb-4bit', 'trainable_token_indices': None}}","{'load_in_4bit': True, 'load_in_8bit': False, 'quant_method': 'bitsandbytes', 'llm_int8_threshold': 6, 'bnb_4bit_quant_type': 'nf4', 'llm_int8_skip_modules': None, 'bnb_4bit_compute_dtype': 'bfloat16', 'llm_int8_has_fp16_weight': False, 'bnb_4bit_use_double_quant': True, 'llm_int8_enable_fp32_cpu_offload': False}",128.0,False,True,silu,500000.0,128256.0,4096.0,1e-05,"{'factor': 8, 'rope_type': 'llama3', 'low_freq_factor': 1, 'high_freq_factor': 4, 'original_max_position_embeddings': 8192}",False,1.0,0.0,14336.0,32.0,32.0,8.0,131072.0,,,,,,,,,,,,,,,,,,,,,,,,,,,,,,,,,,,,,,,,,,,,,,,,,,,,,,,,,,
rodornelles-hertie-school,master_thesis-open_source_models,47wd74we,ft_unsloth__Llama-3.2-3B-Instruct_v1_2025-04-13_16-14-46,2025-04-13T16:24:19Z,crashed,[],https://wandb.ai/rodornelles-hertie-school/master_thesis-open_source_models/runs/47wd74we,True,False,[],3407.0,,[],adamw_8bit,50.0,1.0,,True,False,False,0.0,False,False,"{'0': 'LABEL_0', '1': 'LABEL_1'}","{'LABEL_0': 0, 'LABEL_1': 1}",ft_unsloth__Llama-3.2-3B-Instruct_v1_2025-04-13_16-14-46,False,False,,,False,<HUB_TOKEN>,passive,-1.0,1.0,last,['wandb'],1.0,False,0.9,0.999,False,0.0,5,False,0.0,20.0,0.0,llama,,outputs_ft_unsloth__Llama-3.2-3B-Instruct_v1_2025-04-13_16-14-46,-1.0,10.0,,1800.0,"{'xla': False, 'xla_fsdp_v2': False, 'min_num_params': 0, 'xla_fsdp_grad_ckpt': False}",,outputs_ft_unsloth__Llama-3.2-3B-Instruct_v1_2025-04-13_16-14-46/runs/Apr13_16-15-10_7783fa843c9d,False,True,1.0,,bfloat16,,False,1e-08,128000.0,False,128009,,auto,,every_save,128004.0,,,False,0.0,5.0,0.01,['LlamaForCausalLM'],,False,steps,False,2e-05,1.0,1.0,,False,steps,False,,True,,True,,False,False,O1,1.0,16384.0,False,False,,<CHARS_PER_TOKEN>,,,False,False,1.0,False,,,2025.3.19,1.0,False,,False,True,steps,,10.0,True,3,False,,0.0,False,,0.02,warning,linear,,False,<PUSH_TO_HUB_TOKEN>,False,False,"{'even_batches': True, 'non_blocking': False, 'split_batches': False, 'dispatch_batches': None, 'use_seedable_sampler': True, 'gradient_accumulation_kwargs': None}",False,,text,False,length,False,1.0,,-1.0,False,,,0.0,[],,,True,False,True,False,False,3237063680.0,0.0,1.0,,False,False,False,,,4.51.2,,,True,,eval_loss,False,True,,0.0,,True,False,False,auto,0.0,True,True,,0.0,4,,False,,,,False,,,False,1.0,False,,4.0,1.0,0.0,False,False,,False,,,False,,,,,,,,,,,,,"{'default': {'r': 16, 'bias': 'none', 'revision': None, 'use_dora': False, 'lora_bias': False, 'peft_type': 'LORA', 'task_type': 'CAUSAL_LM', 'eva_config': None, 'lora_alpha': 16, 'use_rslora': False, 'auto_mapping': None, 'lora_dropout': 0, 'megatron_core': 'megatron.core', 'fan_in_fan_out': False, 'inference_mode': False, 'layers_pattern': None, 'runtime_config': {'ephemeral_gpu_offload': False}, 'target_modules': ['down_proj', 'k_proj', 'q_proj', 'v_proj', 'up_proj', 'gate_proj', 'o_proj'], 'exclude_modules': None, 'megatron_config': None, 'modules_to_save': None, 'init_lora_weights': True, 'layer_replication': None, 'layers_to_transform': None, 'base_model_name_or_path': 'unsloth/llama-3.2-3b-instruct-unsloth-bnb-4bit'}}","{'load_in_4bit': True, 'load_in_8bit': False, 'quant_method': 'bitsandbytes', 'llm_int8_threshold': 6, 'bnb_4bit_quant_type': 'nf4', 'llm_int8_skip_modules': None, 'bnb_4bit_compute_dtype': 'bfloat16', 'llm_int8_has_fp16_weight': False, 'bnb_4bit_use_double_quant': True, 'llm_int8_enable_fp32_cpu_offload': False}",128.0,False,True,silu,500000.0,128256.0,3072.0,1e-05,"{'factor': 32, 'rope_type': 'llama3', 'low_freq_factor': 1, 'high_freq_factor': 4, 'original_max_position_embeddings': 8192}",False,1.0,0.0,8192.0,28.0,24.0,8.0,131072.0,,,,,,,,,,,,,,,,,,,,,,,,,,,,,,,,,,,,,,,,,,,,,,,,,,,,,,,,,,
rodornelles-hertie-school,master_thesis-open_source_models,6sfpqga5,ft_unsloth__Llama-3.1-8B-Instruct_v1_2025-04-13_20-30-00,2025-04-13T20:39:34Z,failed,[],https://wandb.ai/rodornelles-hertie-school/master_thesis-open_source_models/runs/6sfpqga5,True,False,[],3407.0,,[],adamw_8bit,50.0,1.0,,True,False,False,0.0,False,False,"{'0': 'LABEL_0', '1': 'LABEL_1'}","{'LABEL_0': 0, 'LABEL_1': 1}",ft_unsloth__Llama-3.1-8B-Instruct_v1_2025-04-13_20-30-00,False,False,,,False,<HUB_TOKEN>,passive,-1.0,1.0,last,['wandb'],1.0,False,0.9,0.999,False,0.0,10,False,0.0,20.0,0.0,llama,,outputs_ft_unsloth__Llama-3.1-8B-Instruct_v1_2025-04-13_20-30-00,-1.0,10.0,,1800.0,"{'xla': False, 'xla_fsdp_v2': False, 'min_num_params': 0, 'xla_fsdp_grad_ckpt': False}",,outputs_ft_unsloth__Llama-3.1-8B-Instruct_v1_2025-04-13_20-30-00/runs/Apr13_20-30-21_7783fa843c9d,False,True,1.0,,bfloat16,,False,1e-08,128000.0,False,128009,,auto,,every_save,128004.0,,,False,0.0,5.0,0.01,['LlamaForCausalLM'],,False,steps,False,2e-05,1.0,1.0,,False,steps,False,,True,,True,,False,False,O1,1.0,18432.0,False,False,,<CHARS_PER_TOKEN>,,,False,False,1.0,False,,,2025.3.19,1.0,False,,False,True,steps,,10.0,True,3,False,,0.0,False,,0.02,warning,linear,,False,<PUSH_TO_HUB_TOKEN>,False,False,"{'even_batches': True, 'non_blocking': False, 'split_batches': False, 'dispatch_batches': None, 'use_seedable_sampler': True, 'gradient_accumulation_kwargs': None}",False,,text,False,length,False,1.0,,-1.0,False,,,0.0,[],,,True,False,False,False,False,8072204288.0,0.0,1.0,,False,False,False,,,4.51.2,,,True,,eval_loss,False,True,,0.0,,True,False,False,auto,0.0,True,True,,0.0,4,,False,,,,False,,,False,1.0,False,,4.0,1.0,0.0,False,False,,False,,,False,{'runtime': 8},,,,,,,,,,,,"{'default': {'r': 16, 'bias': 'none', 'revision': None, 'use_dora': False, 'lora_bias': False, 'peft_type': 'LORA', 'task_type': 'CAUSAL_LM', 'eva_config': None, 'lora_alpha': 16, 'use_rslora': False, 'auto_mapping': None, 'corda_config': None, 'lora_dropout': 0, 'megatron_core': 'megatron.core', 'fan_in_fan_out': False, 'inference_mode': False, 'layers_pattern': None, 'runtime_config': {'ephemeral_gpu_offload': False}, 'target_modules': ['up_proj', 'q_proj', 'down_proj', 'o_proj', 'k_proj', 'gate_proj', 'v_proj'], 'exclude_modules': None, 'megatron_config': None, 'modules_to_save': None, 'init_lora_weights': True, 'layer_replication': None, 'layers_to_transform': None, 'base_model_name_or_path': 'unsloth/llama-3.1-8b-instruct-unsloth-bnb-4bit', 'trainable_token_indices': None}}","{'load_in_4bit': True, 'load_in_8bit': False, 'quant_method': 'bitsandbytes', 'llm_int8_threshold': 6, 'bnb_4bit_quant_type': 'nf4', 'llm_int8_skip_modules': None, 'bnb_4bit_compute_dtype': 'bfloat16', 'llm_int8_has_fp16_weight': False, 'bnb_4bit_use_double_quant': True, 'llm_int8_enable_fp32_cpu_offload': False}",128.0,False,True,silu,500000.0,128256.0,4096.0,1e-05,"{'factor': 8, 'rope_type': 'llama3', 'low_freq_factor': 1, 'high_freq_factor': 4, 'original_max_position_embeddings': 8192}",False,1.0,0.0,14336.0,32.0,32.0,8.0,131072.0,,,,,,,,,,,,,,,,,,,,,,,,,,,,,,,,,,,,,,,,,,,,,,,,,,,,,,,,,,
rodornelles-hertie-school,master_thesis-open_source_models,45opc0dv,ft_unsloth_gemma-3-4b-it_v1_2025-04-13_13-57-55,2025-04-13T14:07:28Z,crashed,[],https://wandb.ai/rodornelles-hertie-school/master_thesis-open_source_models/runs/45opc0dv,,,,,,,,,,,,,,,,,,,,,,,,,,,,,,,,,,,,,,,,,,,,,,,,,,,,,,,,,,,,,,,,,,,,,,,,,,,,,,,,,,,,,,,,,,,,,,,,,,,,,,,,,,,,,,,,,,,,,,,,,,,,,,,,,,,,,,,,,,,,,,,,,,,,,,,,,,,,,,,,,,,,,,,,,,,,,,,,,,,,,,,,,,,,,,,,,,,,,,,,,,,,,,,,,,,,,,,,,,,,,,,,,,,,,,,,,,,,,,,,,,,,,,,,,,,,,,,,,,,,,,,,,,,,,,,,,,,,,,,,,,,,,,,,,,,,,,
rodornelles-hertie-school,master_thesis-open_source_models,kdlkbf9y,ft_unsloth__gemma-3-4b-it_v1_2025-04-14_05-32-17,2025-04-14T05:45:46Z,crashed,[],https://wandb.ai/rodornelles-hertie-school/master_thesis-open_source_models/runs/kdlkbf9y,True,False,[],3407.0,,[],adamw_8bit,50.0,1.0,,True,False,False,0.0,False,False,"{'0': 'LABEL_0', '1': 'LABEL_1'}","{'LABEL_0': 0, 'LABEL_1': 1}",ft_unsloth__gemma-3-4b-it_v1_2025-04-14_05-32-17,False,False,,,False,<HUB_TOKEN>,passive,-1.0,1.0,last,['wandb'],1.0,False,0.9,0.999,False,0.0,10,False,0.0,20.0,0.0,gemma3,,outputs_ft_unsloth__gemma-3-4b-it_v1_2025-04-14_05-32-17,-1.0,10.0,,1800.0,"{'xla': False, 'xla_fsdp_v2': False, 'min_num_params': 0, 'xla_fsdp_grad_ckpt': False}",,outputs_ft_unsloth__gemma-3-4b-it_v1_2025-04-14_05-32-17/runs/Apr14_05-34-21_7783fa843c9d,False,True,1.0,"{'top_k': 50, 'top_p': 1, 'prefix': None, 'head_dim': 256, 'id2label': {'0': 'LABEL_0', '1': 'LABEL_1'}, 'label2id': {'LABEL_0': 0, 'LABEL_1': 1}, 'do_sample': False, 'num_beams': 1, 'typical_p': 1, 'use_cache': True, 'is_decoder': False, 'max_length': 20, 'min_length': 0, 'model_type': 'gemma3_text', 'rope_theta': 1000000.0, 'vocab_size': 262208, 'hidden_size': 2560, 'return_dict': True, 'temperature': 1, 'torch_dtype': 'bfloat16', 'torchscript': False, 'bos_token_id': 2, 'eos_token_id': 1, 'pad_token_id': 0, 'problem_type': None, 'rms_norm_eps': 1e-06, 'rope_scaling': {'factor': 8, 'rope_type': 'linear'}, 'sep_token_id': None, 'use_bfloat16': False, '_name_or_path': '', 'architectures': None, 'bad_words_ids': None, 'output_scores': False, 'attention_bias': False, 'early_stopping': False, 'length_penalty': 1, 'sliding_window': 1024, 'tf_legacy_loss': False, 'finetuning_task': None, 'num_beam_groups': 1, 'suppress_tokens': None, 'tokenizer_class': None, 'attention_dropout': 0, 'diversity_penalty': 0, 'hidden_activation': 'gelu_pytorch_tanh', 'initializer_range': 0.02, 'intermediate_size': 10240, 'num_hidden_layers': 34, 'output_attentions': False, 'is_encoder_decoder': False, 'repetition_penalty': 1, 'add_cross_attention': False, 'forced_bos_token_id': None, 'forced_eos_token_id': None, 'num_attention_heads': 8, 'num_key_value_heads': 4, 'tie_encoder_decoder': False, 'tie_word_embeddings': True, 'cache_implementation': 'hybrid', 'no_repeat_ngram_size': 0, 'num_return_sequences': 1, 'output_hidden_states': False, 'rope_local_base_freq': 10000, 'task_specific_params': None, 'begin_suppress_tokens': None, 'query_pre_attn_scalar': 256, 'remove_invalid_values': False, 'attn_logit_softcapping': None, 'decoder_start_token_id': None, 'sliding_window_pattern': 6, 'chunk_size_feed_forward': 0, 'final_logit_softcapping': None, 'max_position_embeddings': 131072, 'return_dict_in_generate': False, 'cross_attention_hidden_size': None, '_attn_implementation_autoset': False, 'encoder_no_repeat_ngram_size': 0, 'exponential_decay_length_penalty': None}",bfloat16,,False,1e-08,2.0,False,106,,auto,,every_save,0.0,,,False,0.0,5.0,0.01,['Gemma3ForConditionalGeneration'],,False,steps,False,2e-05,1.0,1.0,,False,steps,False,,True,"{'top_k': 50, 'top_p': 1, 'prefix': None, 'id2label': {'0': 'LABEL_0', '1': 'LABEL_1'}, 'label2id': {'LABEL_0': 0, 'LABEL_1': 1}, 'do_sample': False, 'num_beams': 1, 'typical_p': 1, 'hidden_act': 'gelu_pytorch_tanh', 'image_size': 896, 'is_decoder': False, 'max_length': 20, 'min_length': 0, 'model_type': 'siglip_vision_model', 'patch_size': 14, 'hidden_size': 1152, 'return_dict': True, 'temperature': 1, 'torch_dtype': 'bfloat16', 'torchscript': False, 'bos_token_id': None, 'eos_token_id': None, 'num_channels': 3, 'pad_token_id': None, 'problem_type': None, 'sep_token_id': None, 'use_bfloat16': False, '_name_or_path': '', 'architectures': None, 'bad_words_ids': None, 'output_scores': False, 'early_stopping': False, 'layer_norm_eps': 1e-06, 'length_penalty': 1, 'tf_legacy_loss': False, 'finetuning_task': None, 'num_beam_groups': 1, 'suppress_tokens': None, 'tokenizer_class': None, 'vision_use_head': False, 'attention_dropout': 0, 'diversity_penalty': 0, 'intermediate_size': 4304, 'num_hidden_layers': 27, 'output_attentions': False, 'is_encoder_decoder': False, 'repetition_penalty': 1, 'add_cross_attention': False, 'forced_bos_token_id': None, 'forced_eos_token_id': None, 'num_attention_heads': 16, 'tie_encoder_decoder': False, 'tie_word_embeddings': True, 'no_repeat_ngram_size': 0, 'num_return_sequences': 1, 'output_hidden_states': False, 'task_specific_params': None, 'begin_suppress_tokens': None, 'remove_invalid_values': False, 'decoder_start_token_id': None, 'chunk_size_feed_forward': 0, 'return_dict_in_generate': False, 'cross_attention_hidden_size': None, '_attn_implementation_autoset': False, 'encoder_no_repeat_ngram_size': 0, 'exponential_decay_length_penalty': None}",True,,False,False,O1,1.0,18432.0,False,False,255999.0,<CHARS_PER_TOKEN>,256000.0,,False,False,1.0,False,,,2025.3.19,1.0,False,,False,True,steps,,10.0,True,3,False,,0.0,False,262144.0,0.02,warning,linear,,False,<PUSH_TO_HUB_TOKEN>,False,False,"{'even_batches': True, 'non_blocking': False, 'split_batches': False, 'dispatch_batches': None, 'use_seedable_sampler': True, 'gradient_accumulation_kwargs': None}",False,,text,False,length,False,1.0,,-1.0,False,,,0.0,[],256.0,,True,False,True,False,False,4332867952.0,0.0,1.0,,False,False,False,,,4.51.2,,,True,,eval_loss,False,True,,0.0,,True,False,False,auto,0.0,True,True,,0.0,4,,False,,,,False,,,False,1.0,False,,4.0,1.0,0.0,False,False,,False,,,False,,,,,,,,,,,,,"{'default': {'r': 16, 'bias': 'none', 'revision': None, 'use_dora': False, 'lora_bias': False, 'peft_type': 'LORA', 'task_type': 'CAUSAL_LM', 'eva_config': None, 'lora_alpha': 16, 'use_rslora': False, 'auto_mapping': None, 'lora_dropout': 0, 'megatron_core': 'megatron.core', 'fan_in_fan_out': False, 'inference_mode': False, 'layers_pattern': None, 'runtime_config': {'ephemeral_gpu_offload': False}, 'target_modules': ['down_proj', 'up_proj', 'k_proj', 'o_proj', 'q_proj', 'v_proj', 'gate_proj'], 'exclude_modules': None, 'megatron_config': None, 'modules_to_save': None, 'init_lora_weights': True, 'layer_replication': None, 'layers_to_transform': None, 'base_model_name_or_path': 'unsloth/gemma-3-4b-it-unsloth-bnb-4bit'}}","{'load_in_4bit': True, 'load_in_8bit': False, 'quant_method': 'bitsandbytes', 'llm_int8_threshold': 6, 'bnb_4bit_quant_type': 'nf4', 'llm_int8_skip_modules': None, 'bnb_4bit_compute_dtype': 'bfloat16', 'llm_int8_has_fp16_weight': False, 'bnb_4bit_use_double_quant': True, 'llm_int8_enable_fp32_cpu_offload': False}",,,,,,,,,,,,,,,,,,,,,,,,,,,,,,,,,,,,,,,,,,,,,,,,,,,,,,,,,,,,,,,,,,,,,,,,,,,
rodornelles-hertie-school,master_thesis-open_source_models,ypzsaxln,ft_unsloth__gemma-3-4b-it_v1_2025-04-14_12-02-18,2025-04-14T12:12:07Z,failed,[],https://wandb.ai/rodornelles-hertie-school/master_thesis-open_source_models/runs/ypzsaxln,True,False,[],3407.0,,[],adamw_8bit,50.0,1.0,,True,False,False,0.0,False,False,"{'0': 'LABEL_0', '1': 'LABEL_1'}","{'LABEL_0': 0, 'LABEL_1': 1}",ft_unsloth__gemma-3-4b-it_v1_2025-04-14_12-02-18,False,False,3407,,False,<HUB_TOKEN>,passive,-1.0,1.0,last,['wandb'],1.0,False,0.9,0.999,False,0.0,10,False,0.0,20.0,0.0,gemma3,,outputs_ft_unsloth__gemma-3-4b-it_v1_2025-04-14_12-02-18,-1.0,10.0,,1800.0,"{'xla': False, 'xla_fsdp_v2': False, 'min_num_params': 0, 'xla_fsdp_grad_ckpt': False}",,outputs_ft_unsloth__gemma-3-4b-it_v1_2025-04-14_12-02-18/runs/Apr14_12-02-40_7783fa843c9d,False,True,1.0,"{'top_k': 50, 'top_p': 1, 'prefix': None, 'head_dim': 256, 'id2label': {'0': 'LABEL_0', '1': 'LABEL_1'}, 'label2id': {'LABEL_0': 0, 'LABEL_1': 1}, 'do_sample': False, 'num_beams': 1, 'typical_p': 1, 'use_cache': True, 'is_decoder': False, 'max_length': 20, 'min_length': 0, 'model_type': 'gemma3_text', 'rope_theta': 1000000.0, 'vocab_size': 262208, 'hidden_size': 2560, 'return_dict': True, 'temperature': 1, 'torch_dtype': 'bfloat16', 'torchscript': False, 'bos_token_id': 2, 'eos_token_id': 1, 'pad_token_id': 0, 'problem_type': None, 'rms_norm_eps': 1e-06, 'rope_scaling': {'factor': 8, 'rope_type': 'linear'}, 'sep_token_id': None, 'use_bfloat16': False, '_name_or_path': '', 'architectures': None, 'bad_words_ids': None, 'output_scores': False, 'attention_bias': False, 'early_stopping': False, 'length_penalty': 1, 'sliding_window': 1024, 'tf_legacy_loss': False, 'finetuning_task': None, 'num_beam_groups': 1, 'suppress_tokens': None, 'tokenizer_class': None, 'attention_dropout': 0, 'diversity_penalty': 0, 'hidden_activation': 'gelu_pytorch_tanh', 'initializer_range': 0.02, 'intermediate_size': 10240, 'num_hidden_layers': 34, 'output_attentions': False, 'is_encoder_decoder': False, 'repetition_penalty': 1, 'add_cross_attention': False, 'forced_bos_token_id': None, 'forced_eos_token_id': None, 'num_attention_heads': 8, 'num_key_value_heads': 4, 'tie_encoder_decoder': False, 'tie_word_embeddings': True, 'cache_implementation': 'hybrid', 'no_repeat_ngram_size': 0, 'num_return_sequences': 1, 'output_hidden_states': False, 'rope_local_base_freq': 10000, 'task_specific_params': None, 'begin_suppress_tokens': None, 'query_pre_attn_scalar': 256, 'remove_invalid_values': False, 'attn_logit_softcapping': None, 'decoder_start_token_id': None, 'sliding_window_pattern': 6, 'chunk_size_feed_forward': 0, 'final_logit_softcapping': None, 'max_position_embeddings': 131072, 'return_dict_in_generate': False, 'cross_attention_hidden_size': None, '_attn_implementation_autoset': False, 'encoder_no_repeat_ngram_size': 0, 'exponential_decay_length_penalty': None}",bfloat16,,False,1e-08,2.0,False,106,,auto,,every_save,0.0,,,False,0.1,0.0,0.01,['Gemma3ForConditionalGeneration'],,False,steps,False,2e-05,1.0,1.0,,False,steps,False,,True,"{'top_k': 50, 'top_p': 1, 'prefix': None, 'id2label': {'0': 'LABEL_0', '1': 'LABEL_1'}, 'label2id': {'LABEL_0': 0, 'LABEL_1': 1}, 'do_sample': False, 'num_beams': 1, 'typical_p': 1, 'hidden_act': 'gelu_pytorch_tanh', 'image_size': 896, 'is_decoder': False, 'max_length': 20, 'min_length': 0, 'model_type': 'siglip_vision_model', 'patch_size': 14, 'hidden_size': 1152, 'return_dict': True, 'temperature': 1, 'torch_dtype': 'bfloat16', 'torchscript': False, 'bos_token_id': None, 'eos_token_id': None, 'num_channels': 3, 'pad_token_id': None, 'problem_type': None, 'sep_token_id': None, 'use_bfloat16': False, '_name_or_path': '', 'architectures': None, 'bad_words_ids': None, 'output_scores': False, 'early_stopping': False, 'layer_norm_eps': 1e-06, 'length_penalty': 1, 'tf_legacy_loss': False, 'finetuning_task': None, 'num_beam_groups': 1, 'suppress_tokens': None, 'tokenizer_class': None, 'vision_use_head': False, 'attention_dropout': 0, 'diversity_penalty': 0, 'intermediate_size': 4304, 'num_hidden_layers': 27, 'output_attentions': False, 'is_encoder_decoder': False, 'repetition_penalty': 1, 'add_cross_attention': False, 'forced_bos_token_id': None, 'forced_eos_token_id': None, 'num_attention_heads': 16, 'tie_encoder_decoder': False, 'tie_word_embeddings': True, 'no_repeat_ngram_size': 0, 'num_return_sequences': 1, 'output_hidden_states': False, 'task_specific_params': None, 'begin_suppress_tokens': None, 'remove_invalid_values': False, 'decoder_start_token_id': None, 'chunk_size_feed_forward': 0, 'return_dict_in_generate': False, 'cross_attention_hidden_size': None, '_attn_implementation_autoset': False, 'encoder_no_repeat_ngram_size': 0, 'exponential_decay_length_penalty': None}",True,,False,False,O1,1.0,18432.0,False,False,255999.0,<CHARS_PER_TOKEN>,256000.0,,False,False,1.0,False,,,2025.3.19,1.0,False,,False,True,steps,,10.0,True,3,False,,0.0,False,262144.0,0.02,warning,linear,,False,<PUSH_TO_HUB_TOKEN>,False,False,"{'even_batches': True, 'non_blocking': False, 'split_batches': False, 'dispatch_batches': None, 'use_seedable_sampler': True, 'gradient_accumulation_kwargs': None}",False,,text,False,length,False,1.0,,-1.0,False,,,0.0,[],256.0,,True,False,True,False,False,4308276592.0,0.0,1.0,,False,,False,,,4.51.2,,,True,,eval_loss,False,True,,0.0,,True,False,False,auto,0.0,True,False,,0.0,2,,False,250.0,,,False,,,False,1.0,False,,8.0,2.0,0.0,False,False,,False,,,False,{'runtime': 97},,,,,,,,,,,,"{'default': {'r': 4, 'bias': 'none', 'revision': None, 'use_dora': False, 'lora_bias': False, 'peft_type': 'LORA', 'task_type': 'CAUSAL_LM', 'eva_config': None, 'lora_alpha': 4, 'use_rslora': False, 'auto_mapping': None, 'corda_config': None, 'lora_dropout': 0, 'megatron_core': 'megatron.core', 'fan_in_fan_out': False, 'inference_mode': False, 'layers_pattern': None, 'runtime_config': {'ephemeral_gpu_offload': False}, 'target_modules': ['gate_proj', 'up_proj', 'v_proj', 'q_proj', 'down_proj', 'o_proj', 'k_proj'], 'exclude_modules': None, 'megatron_config': None, 'modules_to_save': None, 'init_lora_weights': True, 'layer_replication': None, 'layers_to_transform': None, 'base_model_name_or_path': 'unsloth/gemma-3-4b-it', 'trainable_token_indices': None}}",,,,,,,,,,,,,,,,,,,,,,,,,,,,,,,,,,,,,,,,,,,,,,,,,,,,,,,,,,,,,,,,,,,,,,,,,,,,
rodornelles-hertie-school,master_thesis-open_source_models,z5n6u6n4,ft_unsloth__gemma-3-12b-it_v1_2025-04-14_11-09-28,2025-04-14T11:19:07Z,failed,[],https://wandb.ai/rodornelles-hertie-school/master_thesis-open_source_models/runs/z5n6u6n4,True,False,[],3407.0,,[],adamw_8bit,50.0,1.0,,True,False,False,0.0,False,False,"{'0': 'LABEL_0', '1': 'LABEL_1'}","{'LABEL_0': 0, 'LABEL_1': 1}",ft_unsloth__gemma-3-12b-it_v1_2025-04-14_11-09-28,False,False,3407,,False,<HUB_TOKEN>,passive,-1.0,1.0,last,['wandb'],1.0,False,0.9,0.999,False,0.0,10,False,0.0,20.0,0.0,gemma3,,outputs_ft_unsloth__gemma-3-12b-it_v1_2025-04-14_11-09-28,-1.0,10.0,,1800.0,"{'xla': False, 'xla_fsdp_v2': False, 'min_num_params': 0, 'xla_fsdp_grad_ckpt': False}",,outputs_ft_unsloth__gemma-3-12b-it_v1_2025-04-14_11-09-28/runs/Apr14_11-09-53_7783fa843c9d,False,True,1.0,"{'top_k': 50, 'top_p': 1, 'prefix': None, 'head_dim': 256, 'id2label': {'0': 'LABEL_0', '1': 'LABEL_1'}, 'label2id': {'LABEL_0': 0, 'LABEL_1': 1}, 'do_sample': False, 'num_beams': 1, 'typical_p': 1, 'use_cache': True, 'is_decoder': False, 'max_length': 20, 'min_length': 0, 'model_type': 'gemma3_text', 'rope_theta': 1000000.0, 'vocab_size': 262208, 'hidden_size': 3840, 'return_dict': True, 'temperature': 1, 'torch_dtype': 'bfloat16', 'torchscript': False, 'bos_token_id': 2, 'eos_token_id': 1, 'pad_token_id': 0, 'problem_type': None, 'rms_norm_eps': 1e-06, 'rope_scaling': {'factor': 8, 'rope_type': 'linear'}, 'sep_token_id': None, 'use_bfloat16': False, '_name_or_path': '', 'architectures': None, 'bad_words_ids': None, 'output_scores': False, 'attention_bias': False, 'early_stopping': False, 'length_penalty': 1, 'sliding_window': 1024, 'tf_legacy_loss': False, 'finetuning_task': None, 'num_beam_groups': 1, 'suppress_tokens': None, 'tokenizer_class': None, 'attention_dropout': 0, 'diversity_penalty': 0, 'hidden_activation': 'gelu_pytorch_tanh', 'initializer_range': 0.02, 'intermediate_size': 15360, 'num_hidden_layers': 48, 'output_attentions': False, 'is_encoder_decoder': False, 'repetition_penalty': 1, 'add_cross_attention': False, 'forced_bos_token_id': None, 'forced_eos_token_id': None, 'num_attention_heads': 16, 'num_key_value_heads': 8, 'tie_encoder_decoder': False, 'tie_word_embeddings': True, 'cache_implementation': 'hybrid', 'no_repeat_ngram_size': 0, 'num_return_sequences': 1, 'output_hidden_states': False, 'rope_local_base_freq': 10000, 'task_specific_params': None, 'begin_suppress_tokens': None, 'query_pre_attn_scalar': 256, 'remove_invalid_values': False, 'attn_logit_softcapping': None, 'decoder_start_token_id': None, 'sliding_window_pattern': 6, 'chunk_size_feed_forward': 0, 'final_logit_softcapping': None, 'max_position_embeddings': 131072, 'return_dict_in_generate': False, 'cross_attention_hidden_size': None, '_attn_implementation_autoset': False, 'encoder_no_repeat_ngram_size': 0, 'exponential_decay_length_penalty': None}",bfloat16,,False,1e-08,2.0,False,106,,auto,,every_save,0.0,,,False,0.1,0.0,0.01,['Gemma3ForConditionalGeneration'],,False,steps,False,2e-05,1.0,1.0,,False,steps,False,,True,"{'top_k': 50, 'top_p': 1, 'prefix': None, 'id2label': {'0': 'LABEL_0', '1': 'LABEL_1'}, 'label2id': {'LABEL_0': 0, 'LABEL_1': 1}, 'do_sample': False, 'num_beams': 1, 'typical_p': 1, 'hidden_act': 'gelu_pytorch_tanh', 'image_size': 896, 'is_decoder': False, 'max_length': 20, 'min_length': 0, 'model_type': 'siglip_vision_model', 'patch_size': 14, 'hidden_size': 1152, 'return_dict': True, 'temperature': 1, 'torch_dtype': 'bfloat16', 'torchscript': False, 'bos_token_id': None, 'eos_token_id': None, 'num_channels': 3, 'pad_token_id': None, 'problem_type': None, 'sep_token_id': None, 'use_bfloat16': False, '_name_or_path': '', 'architectures': None, 'bad_words_ids': None, 'output_scores': False, 'early_stopping': False, 'layer_norm_eps': 1e-06, 'length_penalty': 1, 'tf_legacy_loss': False, 'finetuning_task': None, 'num_beam_groups': 1, 'suppress_tokens': None, 'tokenizer_class': None, 'vision_use_head': False, 'attention_dropout': 0, 'diversity_penalty': 0, 'intermediate_size': 4304, 'num_hidden_layers': 27, 'output_attentions': False, 'is_encoder_decoder': False, 'repetition_penalty': 1, 'add_cross_attention': False, 'forced_bos_token_id': None, 'forced_eos_token_id': None, 'num_attention_heads': 16, 'tie_encoder_decoder': False, 'tie_word_embeddings': True, 'no_repeat_ngram_size': 0, 'num_return_sequences': 1, 'output_hidden_states': False, 'task_specific_params': None, 'begin_suppress_tokens': None, 'remove_invalid_values': False, 'decoder_start_token_id': None, 'chunk_size_feed_forward': 0, 'return_dict_in_generate': False, 'cross_attention_hidden_size': None, '_attn_implementation_autoset': False, 'encoder_no_repeat_ngram_size': 0, 'exponential_decay_length_penalty': None}",True,,False,False,O1,1.0,16384.0,False,False,255999.0,<CHARS_PER_TOKEN>,256000.0,,False,False,1.0,False,,,2025.3.19,1.0,False,,False,True,steps,,10.0,True,3,False,,0.0,False,262144.0,0.02,warning,linear,,False,<PUSH_TO_HUB_TOKEN>,False,False,"{'even_batches': True, 'non_blocking': False, 'split_batches': False, 'dispatch_batches': None, 'use_seedable_sampler': True, 'gradient_accumulation_kwargs': None}",False,,text,False,length,False,1.0,,-1.0,False,,,0.0,[],256.0,,True,False,True,False,False,12221553264.0,0.0,1.0,,False,,False,,,4.51.2,,,True,,eval_loss,False,True,,0.0,,True,False,False,auto,0.0,True,False,,0.0,2,,False,250.0,,,False,,,False,1.0,False,,8.0,1.0,0.0,False,False,,False,,,False,{'runtime': 59},,,,,,,,,,,,"{'default': {'r': 8, 'bias': 'none', 'revision': None, 'use_dora': False, 'lora_bias': False, 'peft_type': 'LORA', 'task_type': 'CAUSAL_LM', 'eva_config': None, 'lora_alpha': 8, 'use_rslora': False, 'auto_mapping': None, 'corda_config': None, 'lora_dropout': 0, 'megatron_core': 'megatron.core', 'fan_in_fan_out': False, 'inference_mode': False, 'layers_pattern': None, 'runtime_config': {'ephemeral_gpu_offload': False}, 'target_modules': ['k_proj', 'up_proj', 'q_proj', 'gate_proj', 'o_proj', 'down_proj', 'v_proj'], 'exclude_modules': None, 'megatron_config': None, 'modules_to_save': None, 'init_lora_weights': True, 'layer_replication': None, 'layers_to_transform': None, 'base_model_name_or_path': 'unsloth/gemma-3-12b-it-unsloth-bnb-4bit', 'trainable_token_indices': None}}","{'load_in_4bit': True, 'load_in_8bit': False, 'quant_method': 'bitsandbytes', 'llm_int8_threshold': 6, 'bnb_4bit_quant_type': 'nf4', 'llm_int8_skip_modules': None, 'bnb_4bit_compute_dtype': 'bfloat16', 'llm_int8_has_fp16_weight': False, 'bnb_4bit_use_double_quant': True, 'llm_int8_enable_fp32_cpu_offload': False}",,,,,,,,,,,,,,,,,,,,,,,,,,,,,,,,,,,,,,,,,,,,,,,,,,,,,,,,,,,,,,,,,,,,,,,,,,,
rodornelles-hertie-school,tjsp_drugs_2024_sample,1rv11h5g,tjsp2024_llama3.2-3B-ft-inference_2025-04-18_17-43-19,2025-04-18T17:43:28Z,finished,[],https://wandb.ai/rodornelles-hertie-school/tjsp_drugs_2024_sample/runs/1rv11h5g,,,,,,,,,,,,,,,,,,,,,,,,,,,,,,,,,,,,,,,,,,,,,,,,,,,,,,,,,,,,,,,,,,,,,,,,,,,,,,,,,,,,,,,,,,,,,,,,,,,,,,,,,,,,,,,,,,,,,,,,,,,,,,,,,,,,,,,,,,,,,,,,,,,,,,,,,,,,,,,,,,,,,,,,,,,,,,,,,,,,,,,,,,,,,,,,,,,,,,,,,,,,,,{'runtime': 372},,,,1.35993909,0.0,1744998209.1939669,,,,,,,,,,,,,,,,,,,,,,,,,,,,,,,,,,,,,,,,,,,,,,,,,,,,,,,,,,,,,,,,,,,,,,,,,,,,rfdornelles/master_thesis_llama_3.2_3b_ft,auto,1000.0,group,779.0,,
rodornelles-hertie-school,tjsp_drugs_2024_sample,1qr90fpm,tjsp2024_llama3.2-3B-ft-inference,2025-04-18T13:34:37Z,finished,[],https://wandb.ai/rodornelles-hertie-school/tjsp_drugs_2024_sample/runs/1qr90fpm,,,,,,,,,,,,,,,,,,,,,,,,,,,,,,,,,,,,,,,,,,,,,,,,,,,,,,,,,,,,,,,,,,,,,,,,,,,,,,,,,,,,,,,,,,,,,,,,,,,,,,,,,,,,,,,,,,,,,,,,,,,,,,,,,,,,,,,,,,,,,,,,,,,,,,,,,,,,,,,,,,,,,,,,,,,,,,,,,,,,,,,,,,,,,,,,,,,,,,,,,,,,,,{'runtime': 3},,,,,,,,,,,,,,,,,,,,,,,,,,,,,,,,,,,,,,,,,,,,,,,,,,,,,,,,,,,,,,,,,,,,,,,,,,,,,,,,,,rfdornelles/master_thesis_llama_3.2_3b_ft,auto,1000.0,,,,
rodornelles-hertie-school,tjsp_drugs_2024_sample,2mguf2sj,tjsp2024_llama3.2-3B-ft-inference_2025-04-18_18-23-28,2025-04-18T18:23:34Z,crashed,[],https://wandb.ai/rodornelles-hertie-school/tjsp_drugs_2024_sample/runs/2mguf2sj,,,,,,,,,,,,,,,,,,,,,,,,,,,,,,,,,,,,,,,,,,,,,,,,,,,,,,,,,,,,,,,,,,,,,,,,,,,,,,,,,,,,,,,,,,,,,,,,,,,,,,,,,,,,,,,,,,,,,,,,,,,,,,,,,,,,,,,,,,,,,,,,,,,,,,,,,,,,,,,,,,,,,,,,,,,,,,,,,,,,,,,,,,,,,,,,,,,,,,,,,,,,,,{'runtime': 88},,,,1.317174968,0.0,1745000615.333011,,,,,,,,,,,,,,,,,,,,,,,,,,,,,,,,,,,,,,,,,,,,,,,,,,,,,,,,,,,,,,,,,,,,,,,,,,,,rfdornelles/master_thesis_llama_3.2_3b_ft,auto,1000.0,group,649.0,,
rodornelles-hertie-school,tjsp_drugs_2024_sample,bd9cifnh,tjsp2024_llama3.2-3B-ft-inference_2025-04-18_14-42-30,2025-04-18T14:51:58Z,killed,[],https://wandb.ai/rodornelles-hertie-school/tjsp_drugs_2024_sample/runs/bd9cifnh,,,,,,,,,,,,,,,,,,,,,,,,,,,,,,,,,,,,,,,,,,,,,,,,,,,,,,,,,,,,,,,,,,,,,,,,,,,,,,,,,,,,,,,,,,,,,,,,,,,,,,,,,,,,,,,,,,,,,,,,,,,,,,,,,,,,,,,,,,,,,,,,,,,,,,,,,,,,,,,,,,,,,,,,,,,,,,,,,,,,,,,,,,,,,,,,,,,,,,,,,,,,,,{'runtime': 89},,,,5.426484284,0.0,1744987356.4465158,,,,,,,,,,,,,,,,,,,,,,,,,,,,,,,,,,,,,,,,,,,,,,,,,,,,,,,,,,,,,,,,,,,,,,,,,,,,master_thesis_llama_3.2_3b_ft,auto,1000.0,group,900.0,,
rodornelles-hertie-school,tjsp_drugs_2024_sample,t6ciw31b,tjsp2024_llama3.2-3B-ft-inference_2025-04-18_13-44-33,2025-04-18T13:54:01Z,killed,[],https://wandb.ai/rodornelles-hertie-school/tjsp_drugs_2024_sample/runs/t6ciw31b,,,,,,,,,,,,,,,,,,,,,,,,,,,,,,,,,,,,,,,,,,,,,,,,,,,,,,,,,,,,,,,,,,,,,,,,,,,,,,,,,,,,,,,,,,,,,,,,,,,,,,,,,,,,,,,,,,,,,,,,,,,,,,,,,,,,,,,,,,,,,,,,,,,,,,,,,,,,,,,,,,,,,,,,,,,,,,,,,,,,,,,,,,,,,,,,,,,,,,,,,,,,,,{'runtime': 49},,,,6.356086533,0.0,1744983879.9937687,,,,,,,,,,,,,,,,,,,,,,,,,,,,,,,,,,,,,,,,,,,,,,,,,,,,,,,,,,,,,,,,,,,,,,,,,,,,master_thesis_llama_3.2_3b_ft,auto,1000.0,group,900.0,,
rodornelles-hertie-school,tjsp_drugs_2024_sample,hdlvo07x,tjsp2024_llama3.2-3B-ft-inference,2025-04-18T13:47:11Z,crashed,[],https://wandb.ai/rodornelles-hertie-school/tjsp_drugs_2024_sample/runs/hdlvo07x,,,,,,,,,,,,,,,,,,,,,,,,,,,,,,,,,,,,,,,,,,,,,,,,,,,,,,,,,,,,,,,,,,,,,,,,,,,,,,,,,,,,,,,,,,,,,,,,,,,,,,,,,,,,,,,,,,,,,,,,,,,,,,,,,,,,,,,,,,,,,,,,,,,,,,,,,,,,,,,,,,,,,,,,,,,,,,,,,,,,,,,,,,,,,,,,,,,,,,,,,,,,,,{'runtime': 14},,,,14.09328401,0.0,1744983476.4014633,,,,,,,,,,,,,,,,,,,,,,,,,,,,,,,,,,,,,,,,,,,,,,,,,,,,,,,,,,,,,,,,,,,,,,,,,,,,master_thesis_llama_3.2_3b_ft,auto,1000.0,group,900.0,,
rodornelles-hertie-school,tjsp_drugs_2024_sample,kkn8vgx2,tjsp2024_llama3.2-3B-ft-inference_2025-04-18_14-32-46,2025-04-18T14:42:15Z,killed,[],https://wandb.ai/rodornelles-hertie-school/tjsp_drugs_2024_sample/runs/kkn8vgx2,,,,,,,,,,,,,,,,,,,,,,,,,,,,,,,,,,,,,,,,,,,,,,,,,,,,,,,,,,,,,,,,,,,,,,,,,,,,,,,,,,,,,,,,,,,,,,,,,,,,,,,,,,,,,,,,,,,,,,,,,,,,,,,,,,,,,,,,,,,,,,,,,,,,,,,,,,,,,,,,,,,,,,,,,,,,,,,,,,,,,,,,,,,,,,,,,,,,,,,,,,,,,,{'runtime': 414},,,,401.974081596,16.0,1744987169.2591558,,,,,,,,,,,,,,,,,,,,,,,,,,,,,,,,,,,,,,,,,,,,,,,,,,,,,,,,,,,,,,,,,,,,,,,,,,,,master_thesis_llama_3.2_3b_ft,auto,1000.0,group,900.0,16.786720514297485,
rodornelles-hertie-school,tjsp_drugs_2024_sample,uxsxevn8,tjsp2024_llama3.2-3B-ft-inference_2025-04-18_16-16-54,2025-04-18T16:26:23Z,failed,[],https://wandb.ai/rodornelles-hertie-school/tjsp_drugs_2024_sample/runs/uxsxevn8,,,,,,,,,,,,,,,,,,,,,,,,,,,,,,,,,,,,,,,,,,,,,,,,,,,,,,,,,,,,,,,,,,,,,,,,,,,,,,,,,,,,,,,,,,,,,,,,,,,,,,,,,,,,,,,,,,,,,,,,,,,,,,,,,,,,,,,,,,,,,,,,,,,,,,,,,,,,,,,,,,,,,,,,,,,,,,,,,,,,,,,,,,,,,,,,,,,,,,,,,,,,,,{'runtime': 2180},,,,4.124009313,0.0,1744993019.383596,,,,,,,,,,,,,,,,,,,,,,,,,,,,,,,,,,,,,,,,,,,,,,,,,,,,,,,,,,,,,,,,,,,,,,,,,,,,../open_source_models/master_thesis_llama_3.2_3b_ft,auto,1000.0,group,898.0,,
rodornelles-hertie-school,tjsp_drugs_2024_sample,7lx46ils,tjsp2024_llama3.2-3B-ft-inference_2025-04-18_14-40-25,2025-04-18T14:49:53Z,killed,[],https://wandb.ai/rodornelles-hertie-school/tjsp_drugs_2024_sample/runs/7lx46ils,,,,,,,,,,,,,,,,,,,,,,,,,,,,,,,,,,,,,,,,,,,,,,,,,,,,,,,,,,,,,,,,,,,,,,,,,,,,,,,,,,,,,,,,,,,,,,,,,,,,,,,,,,,,,,,,,,,,,,,,,,,,,,,,,,,,,,,,,,,,,,,,,,,,,,,,,,,,,,,,,,,,,,,,,,,,,,,,,,,,,,,,,,,,,,,,,,,,,,,,,,,,,,{'runtime': 3},,,,,,,,,,,,,,,,,,,,,,,,,,,,,,,,,,,,,,,,,,,,,,,,,,,,,,,,,,,,,,,,,,,,,,,,,,,,,,,,,,master_thesis_llama_3.2_3b_ft,auto,1000.0,,,,
rodornelles-hertie-school,tjsp_drugs_2024_sample,ripslmjf,tjsp2024_llama3.2-3B-ft-inference_2025-04-18_13-46-13,2025-04-18T13:55:41Z,killed,[],https://wandb.ai/rodornelles-hertie-school/tjsp_drugs_2024_sample/runs/ripslmjf,,,,,,,,,,,,,,,,,,,,,,,,,,,,,,,,,,,,,,,,,,,,,,,,,,,,,,,,,,,,,,,,,,,,,,,,,,,,,,,,,,,,,,,,,,,,,,,,,,,,,,,,,,,,,,,,,,,,,,,,,,,,,,,,,,,,,,,,,,,,,,,,,,,,,,,,,,,,,,,,,,,,,,,,,,,,,,,,,,,,,,,,,,,,,,,,,,,,,,,,,,,,,,{'runtime': 2334},,,,2322.610713683,59.0,1744986296.6707754,,,,,,,,,,,,,,,,,,,,,,,,,,,,,,,,,,,,,,,,,,,,,,,,,,,,,,,,,,,,,,,,,,,,,,,,,,,,master_thesis_llama_3.2_3b_ft,auto,1000.0,group,900.0,17.0186185836792,
rodornelles-hertie-school,tjsp_drugs_2024_sample,w71r9irm,tjsp2024_llama3.2-3B-ft-inference_2025-04-18_14-50-03,2025-04-18T14:59:32Z,failed,[],https://wandb.ai/rodornelles-hertie-school/tjsp_drugs_2024_sample/runs/w71r9irm,,,,,,,,,,,,,,,,,,,,,,,,,,,,,,,,,,,,,,,,,,,,,,,,,,,,,,,,,,,,,,,,,,,,,,,,,,,,,,,,,,,,,,,,,,,,,,,,,,,,,,,,,,,,,,,,,,,,,,,,,,,,,,,,,,,,,,,,,,,,,,,,,,,,,,,,,,,,,,,,,,,,,,,,,,,,,,,,,,,,,,,,,,,,,,,,,,,,,,,,,,,,,,{'runtime': 7},,,,5.97171013,0.0,1744987810.309635,,,,,,,,,,,,,,,,,,,,,,,,,,,,,,,,,,,,,,,,,,,,,,,,,,,,,,,,,,,,,,,,,,,,,,,,,,,,master_thesis_llama_3.2_3b_ft,auto,1000.0,group,900.0,,
rodornelles-hertie-school,tjsp_drugs_2024_sample,nbg0s2an,tjsp2024_llama3.2-3B-ft-inference_2025-04-18_16-15-00,2025-04-18T16:24:28Z,failed,[],https://wandb.ai/rodornelles-hertie-school/tjsp_drugs_2024_sample/runs/nbg0s2an,,,,,,,,,,,,,,,,,,,,,,,,,,,,,,,,,,,,,,,,,,,,,,,,,,,,,,,,,,,,,,,,,,,,,,,,,,,,,,,,,,,,,,,,,,,,,,,,,,,,,,,,,,,,,,,,,,,,,,,,,,,,,,,,,,,,,,,,,,,,,,,,,,,,,,,,,,,,,,,,,,,,,,,,,,,,,,,,,,,,,,,,,,,,,,,,,,,,,,,,,,,,,,{'runtime': 2},,,,,,,,,,,,,,,,,,,,,,,,,,,,,,,,,,,,,,,,,,,,,,,,,,,,,,,,,,,,,,,,,,,,,,,,,,,,,,,,,,master_thesis_llama_3.2_3b_ft,auto,1000.0,,,,
rodornelles-hertie-school,tjsp_drugs_2024_sample,jtbueefp,tjsp2024_llama3.2-3B-ft-inference_2025-04-18_17-00-16,2025-04-18T17:09:45Z,failed,[],https://wandb.ai/rodornelles-hertie-school/tjsp_drugs_2024_sample/runs/jtbueefp,,,,,,,,,,,,,,,,,,,,,,,,,,,,,,,,,,,,,,,,,,,,,,,,,,,,,,,,,,,,,,,,,,,,,,,,,,,,,,,,,,,,,,,,,,,,,,,,,,,,,,,,,,,,,,,,,,,,,,,,,,,,,,,,,,,,,,,,,,,,,,,,,,,,,,,,,,,,,,,,,,,,,,,,,,,,,,,,,,,,,,,,,,,,,,,,,,,,,,,,,,,,,,{'runtime': 6},,,,4.412682362,0.0,1744995621.9317746,,,,,,,,,,,,,,,,,,,,,,,,,,,,,,,,,,,,,,,,,,,,,,,,,,,,,,,,,,,,,,,,,,,,,,,,,,,,../open_source_models/master_thesis_llama_3.2_3b_ft,auto,1000.0,group,898.0,,
rodornelles-hertie-school,tjsp_drugs_2024_sample,d0t30ons,tjsp2024_llama3.2-3B-ft-inference_2025-04-18_15-07-45,2025-04-18T15:17:14Z,failed,[],https://wandb.ai/rodornelles-hertie-school/tjsp_drugs_2024_sample/runs/d0t30ons,,,,,,,,,,,,,,,,,,,,,,,,,,,,,,,,,,,,,,,,,,,,,,,,,,,,,,,,,,,,,,,,,,,,,,,,,,,,,,,,,,,,,,,,,,,,,,,,,,,,,,,,,,,,,,,,,,,,,,,,,,,,,,,,,,,,,,,,,,,,,,,,,,,,,,,,,,,,,,,,,,,,,,,,,,,,,,,,,,,,,,,,,,,,,,,,,,,,,,,,,,,,,,{'runtime': 514},,,,6.454860837,0.0,1744988872.4705026,,,,,,,,,,,,,,,,,,,,,,,,,,,,,,,,,,,,,,,,,,,,,,,,,,,,,,,,,,,,,,,,,,,,,,,,,,,,master_thesis_llama_3.2_3b_ft,auto,1000.0,group,900.0,,
rodornelles-hertie-school,tjsp_drugs_2024_sample,rp7333uk,tjsp2024_llama3.2-3B-ft-inference_2025-04-18_14-51-11,2025-04-18T15:00:39Z,failed,[],https://wandb.ai/rodornelles-hertie-school/tjsp_drugs_2024_sample/runs/rp7333uk,,,,,,,,,,,,,,,,,,,,,,,,,,,,,,,,,,,,,,,,,,,,,,,,,,,,,,,,,,,,,,,,,,,,,,,,,,,,,,,,,,,,,,,,,,,,,,,,,,,,,,,,,,,,,,,,,,,,,,,,,,,,,,,,,,,,,,,,,,,,,,,,,,,,,,,,,,,,,,,,,,,,,,,,,,,,,,,,,,,,,,,,,,,,,,,,,,,,,,,,,,,,,,{'runtime': 9},,,,5.578398205,0.0,1744987877.158922,,,,,,,,,,,,,,,,,,,,,,,,,,,,,,,,,,,,,,,,,,,,,,,,,,,,,,,,,,,,,,,,,,,,,,,,,,,,master_thesis_llama_3.2_3b_ft,auto,1000.0,group,900.0,,
rodornelles-hertie-school,tjsp_drugs_2024_sample,1t3ncd8t,tjsp2024_llama3.2-3B-ft-inference_2025-04-18_14-32-19,2025-04-18T14:41:47Z,killed,[],https://wandb.ai/rodornelles-hertie-school/tjsp_drugs_2024_sample/runs/1t3ncd8t,,,,,,,,,,,,,,,,,,,,,,,,,,,,,,,,,,,,,,,,,,,,,,,,,,,,,,,,,,,,,,,,,,,,,,,,,,,,,,,,,,,,,,,,,,,,,,,,,,,,,,,,,,,,,,,,,,,,,,,,,,,,,,,,,,,,,,,,,,,,,,,,,,,,,,,,,,,,,,,,,,,,,,,,,,,,,,,,,,,,,,,,,,,,,,,,,,,,,,,,,,,,,,{'runtime': 13},,,,4.471205622,0.0,1744986744.4517007,,,,,,,,,,,,,,,,,,,,,,,,,,,,,,,,,,,,,,,,,,,,,,,,,,,,,,,,,,,,,,,,,,,,,,,,,,,,master_thesis_llama_3.2_3b_ft,auto,1000.0,group,900.0,,
rodornelles-hertie-school,tjsp_drugs_2024_sample,vfb8b4s1,tjsp2024_llama3.2-3B-ft-inference_2025-04-18_18-25-55,2025-04-18T18:26:04Z,finished,[],https://wandb.ai/rodornelles-hertie-school/tjsp_drugs_2024_sample/runs/vfb8b4s1,,,,,,,,,,,,,,,,,,,,,,,,,,,,,,,,,,,,,,,,,,,,,,,,,,,,,,,,,,,,,,,,,,,,,,,,,,,,,,,,,,,,,,,,,,,,,,,,,,,,,,,,,,,,,,,,,,,,,,,,,,,,,,,,,,,,,,,,,,,,,,,,,,,,,,,,,,,,,,,,,,,,,,,,,,,,,,,,,,,,,,,,,,,,,,,,,,,,,,,,,,,,,,{'runtime': 7767},,,,7762.567645857,1.0,1745008526.2403078,,,,,,,,,,,,,,,,,,,,,,,,,,,,,,,,,,,,,,,,,,,,,,,,,,,,,,,,,,,,,,,,,,,,,,,,,,,,rfdornelles/master_thesis_llama_3.2_3b_ft,auto,1000.0,group,641.0,,"{'_latest_artifact_path': 'wandb-client-artifact://9vl6c14y9u2jp94jalw4vwmg8x1p5bdkpjlm2e4atqrsaxepprrud5rbahtinnmydptln3ktqn2z0ttgj7lsf45ssn5kq1o5o850mqdjk8pyrb6aocg57rep0fk7je3l:latest/example_inferences.table.json', '_type': 'table-file', 'artifact_path': 'wandb-client-artifact://edhvsm13ccrav0vnivh8zvp9rxxs70fbty4998j6ky4d92papvdca17a9d0ha2juvch1p65ylddrwmsj7g2wfxm3c12vx9qylk6k4kgk5qg065fkab1vnbv2w9qxrmbp/example_inferences.table.json', 'ncols': 3, 'nrows': 0, 'path': 'media/table/example_inferences_1_867bf8c09d1e23804769.table.json', 'sha256': '867bf8c09d1e238047698065999d009c1cb43454e46d7b924ed7e5c71272a807', 'size': 61}"
rodornelles-hertie-school,tjsp_drugs_2024_sample,t4r0v32t,tjsp2024_llama3.2-3B-ft-inference_2025-04-18_17-28-39,2025-04-18T17:34:27Z,crashed,[],https://wandb.ai/rodornelles-hertie-school/tjsp_drugs_2024_sample/runs/t4r0v32t,,,,,,,,,,,,,,,,,,,,,,,,,,,,,,,,,,,,,,,,,,,,,,,,,,,,,,,,,,,,,,,,,,,,,,,,,,,,,,,,,,,,,,,,,,,,,,,,,,,,,,,,,,,,,,,,,,,,,,,,,,,,,,,,,,,,,,,,,,,,,,,,,,,,,,,,,,,,,,,,,,,,,,,,,,,,,,,,,,,,,,,,,,,,,,,,,,,,,,,,,,,,,,{'runtime': 1},,,,1.230123856,0.0,1744997668.3249629,,,,,,,,,,,,,,,,,,,,,,,,,,,,,,,,,,,,,,,,,,,,,,,,,,,,,,,,,,,,,,,,,,,,,,,,,,,,rfdornelles/master_thesis_llama_3.2_3b_ft,auto,1000.0,group,814.0,,
rodornelles-hertie-school,tjsp_drugs_2024_sample,bcs4prrq,tjsp2024_llama3.2-3B-ft-inference_2025-04-18_17-02-25,2025-04-18T17:11:54Z,killed,[],https://wandb.ai/rodornelles-hertie-school/tjsp_drugs_2024_sample/runs/bcs4prrq,,,,,,,,,,,,,,,,,,,,,,,,,,,,,,,,,,,,,,,,,,,,,,,,,,,,,,,,,,,,,,,,,,,,,,,,,,,,,,,,,,,,,,,,,,,,,,,,,,,,,,,,,,,,,,,,,,,,,,,,,,,,,,,,,,,,,,,,,,,,,,,,,,,,,,,,,,,,,,,,,,,,,,,,,,,,,,,,,,,,,,,,,,,,,,,,,,,,,,,,,,,,,,{'runtime': 562},,,,3.7707037,0.0,1744995749.9981136,,,,,,,,,,,,,,,,,,,,,,,,,,,,,,,,,,,,,,,,,,,,,,,,,,,,,,,,,,,,,,,,,,,,,,,,,,,,../open_source_models/master_thesis_llama_3.2_3b_ft,auto,1000.0,group,898.0,,
rodornelles-hertie-school,tjsp_drugs_2024_sample,7hwyl5tl,tjsp2024_llama3.2-3B-ft-inference_2025-04-18_17-19-17,2025-04-18T17:19:32Z,crashed,[],https://wandb.ai/rodornelles-hertie-school/tjsp_drugs_2024_sample/runs/7hwyl5tl,,,,,,,,,,,,,,,,,,,,,,,,,,,,,,,,,,,,,,,,,,,,,,,,,,,,,,,,,,,,,,,,,,,,,,,,,,,,,,,,,,,,,,,,,,,,,,,,,,,,,,,,,,,,,,,,,,,,,,,,,,,,,,,,,,,,,,,,,,,,,,,,,,,,,,,,,,,,,,,,,,,,,,,,,,,,,,,,,,,,,,,,,,,,,,,,,,,,,,,,,,,,,,{'runtime': 108},,,,108.39836411,0.0,1744996959.752356,,,,,,,,,,,,,,,,,,,,,,,,,,,,,,,,,,,,,,,,,,,,,,,,,,,,,,,,,,,,,,,,,,,,,,,,,,,,rfdornelles/master_thesis_llama_3.2_3b_ft,auto,1000.0,group,898.0,,
rodornelles-hertie-school,tjsp_drugs_2024_sample,nx1rgm0z,tjsp2024_llama3.2-3B-ft-inference_2025-04-18_14-57-13,2025-04-18T15:06:43Z,killed,[],https://wandb.ai/rodornelles-hertie-school/tjsp_drugs_2024_sample/runs/nx1rgm0z,,,,,,,,,,,,,,,,,,,,,,,,,,,,,,,,,,,,,,,,,,,,,,,,,,,,,,,,,,,,,,,,,,,,,,,,,,,,,,,,,,,,,,,,,,,,,,,,,,,,,,,,,,,,,,,,,,,,,,,,,,,,,,,,,,,,,,,,,,,,,,,,,,,,,,,,,,,,,,,,,,,,,,,,,,,,,,,,,,,,,,,,,,,,,,,,,,,,,,,,,,,,,,{'runtime': 611},,,,6.633343755,0.0,1744988240.9110842,,,,,,,,,,,,,,,,,,,,,,,,,,,,,,,,,,,,,,,,,,,,,,,,,,,,,,,,,,,,,,,,,,,,,,,,,,,,master_thesis_llama_3.2_3b_ft,auto,1000.0,group,900.0,,
rodornelles-hertie-school,tjsp_drugs_2024_sample,lbmiw8hi,tjsp2024_llama3.2-3B-ft-inference_2025-04-18_17-35-55,2025-04-18T17:36:02Z,crashed,[],https://wandb.ai/rodornelles-hertie-school/tjsp_drugs_2024_sample/runs/lbmiw8hi,,,,,,,,,,,,,,,,,,,,,,,,,,,,,,,,,,,,,,,,,,,,,,,,,,,,,,,,,,,,,,,,,,,,,,,,,,,,,,,,,,,,,,,,,,,,,,,,,,,,,,,,,,,,,,,,,,,,,,,,,,,,,,,,,,,,,,,,,,,,,,,,,,,,,,,,,,,,,,,,,,,,,,,,,,,,,,,,,,,,,,,,,,,,,,,,,,,,,,,,,,,,,,{'runtime': 1},,,,1.221970994,0.0,1744997762.7086976,,,,,,,,,,,,,,,,,,,,,,,,,,,,,,,,,,,,,,,,,,,,,,,,,,,,,,,,,,,,,,,,,,,,,,,,,,,,rfdornelles/master_thesis_llama_3.2_3b_ft,auto,1000.0,group,795.0,,
rodornelles-hertie-school,tjsp_drugs_2024_sample,dumhwtdv,tjsp2024_llama3.2-3B-ft-inference_2025-04-18_14-53-18,2025-04-18T15:02:46Z,killed,[],https://wandb.ai/rodornelles-hertie-school/tjsp_drugs_2024_sample/runs/dumhwtdv,,,,,,,,,,,,,,,,,,,,,,,,,,,,,,,,,,,,,,,,,,,,,,,,,,,,,,,,,,,,,,,,,,,,,,,,,,,,,,,,,,,,,,,,,,,,,,,,,,,,,,,,,,,,,,,,,,,,,,,,,,,,,,,,,,,,,,,,,,,,,,,,,,,,,,,,,,,,,,,,,,,,,,,,,,,,,,,,,,,,,,,,,,,,,,,,,,,,,,,,,,,,,,{'runtime': 173},,,,4.85580197,0.0,1744988004.0403335,,,,,,,,,,,,,,,,,,,,,,,,,,,,,,,,,,,,,,,,,,,,,,,,,,,,,,,,,,,,,,,,,,,,,,,,,,,,master_thesis_llama_3.2_3b_ft,auto,1000.0,group,900.0,,
rodornelles-hertie-school,tjsp_drugs_2024_sample,ttbqwpk6,tjsp2024_llama3.2-3B-ft-inference_2025-04-18_14-40-47,2025-04-18T14:50:15Z,killed,[],https://wandb.ai/rodornelles-hertie-school/tjsp_drugs_2024_sample/runs/ttbqwpk6,,,,,,,,,,,,,,,,,,,,,,,,,,,,,,,,,,,,,,,,,,,,,,,,,,,,,,,,,,,,,,,,,,,,,,,,,,,,,,,,,,,,,,,,,,,,,,,,,,,,,,,,,,,,,,,,,,,,,,,,,,,,,,,,,,,,,,,,,,,,,,,,,,,,,,,,,,,,,,,,,,,,,,,,,,,,,,,,,,,,,,,,,,,,,,,,,,,,,,,,,,,,,,{'runtime': 91},,,,5.514097838,0.0,1744987253.4648492,,,,,,,,,,,,,,,,,,,,,,,,,,,,,,,,,,,,,,,,,,,,,,,,,,,,,,,,,,,,,,,,,,,,,,,,,,,,master_thesis_llama_3.2_3b_ft,auto,1000.0,group,900.0,,
rodornelles-hertie-school,tjsp_drugs_2024_sample,bh6v2b36,tjsp2024_llama3.2-3B-ft-inference_2025-04-18_17-40-22,2025-04-18T17:40:28Z,crashed,[],https://wandb.ai/rodornelles-hertie-school/tjsp_drugs_2024_sample/runs/bh6v2b36,,,,,,,,,,,,,,,,,,,,,,,,,,,,,,,,,,,,,,,,,,,,,,,,,,,,,,,,,,,,,,,,,,,,,,,,,,,,,,,,,,,,,,,,,,,,,,,,,,,,,,,,,,,,,,,,,,,,,,,,,,,,,,,,,,,,,,,,,,,,,,,,,,,,,,,,,,,,,,,,,,,,,,,,,,,,,,,,,,,,,,,,,,,,,,,,,,,,,,,,,,,,,,{'runtime': 1},,,,1.156041322,0.0,1744998029.397574,,,,,,,,,,,,,,,,,,,,,,,,,,,,,,,,,,,,,,,,,,,,,,,,,,,,,,,,,,,,,,,,,,,,,,,,,,,,rfdornelles/master_thesis_llama_3.2_3b_ft,auto,1000.0,group,783.0,,
rodornelles-hertie-school,tjsp_drugs_2024_sample,qgc2tbig,tjsp2024_llama3.2-3B-ft-inference_2025-04-18_17-49-59,2025-04-18T17:50:05Z,finished,[],https://wandb.ai/rodornelles-hertie-school/tjsp_drugs_2024_sample/runs/qgc2tbig,,,,,,,,,,,,,,,,,,,,,,,,,,,,,,,,,,,,,,,,,,,,,,,,,,,,,,,,,,,,,,,,,,,,,,,,,,,,,,,,,,,,,,,,,,,,,,,,,,,,,,,,,,,,,,,,,,,,,,,,,,,,,,,,,,,,,,,,,,,,,,,,,,,,,,,,,,,,,,,,,,,,,,,,,,,,,,,,,,,,,,,,,,,,,,,,,,,,,,,,,,,,,,{'runtime': 1985},,,,1.225955748,0.0,1744998606.4572878,,,,,,,,,,,,,,,,,,,,,,,,,,,,,,,,,,,,,,,,,,,,,,,,,,,,,,,,,,,,,,,,,,,,,,,,,,,,rfdornelles/master_thesis_llama_3.2_3b_ft,auto,1000.0,group,761.0,,
rodornelles-hertie-school,tjsp_drugs_2024_sample,xubl2gv8,tjsp2024_llama3.2-3B-ft-inference_2025-04-18_15-17-29,2025-04-18T15:26:58Z,killed,[],https://wandb.ai/rodornelles-hertie-school/tjsp_drugs_2024_sample/runs/xubl2gv8,,,,,,,,,,,,,,,,,,,,,,,,,,,,,,,,,,,,,,,,,,,,,,,,,,,,,,,,,,,,,,,,,,,,,,,,,,,,,,,,,,,,,,,,,,,,,,,,,,,,,,,,,,,,,,,,,,,,,,,,,,,,,,,,,,,,,,,,,,,,,,,,,,,,,,,,,,,,,,,,,,,,,,,,,,,,,,,,,,,,,,,,,,,,,,,,,,,,,,,,,,,,,,{'runtime': 3117},,,,5.797012348,0.0,1744989456.0384874,,,,,,,,,,,,,,,,,,,,,,,,,,,,,,,,,,,,,,,,,,,,,,,,,,,,,,,,,,,,,,,,,,,,,,,,,,,,master_thesis_llama_3.2_3b_ft,auto,1000.0,group,900.0,,
rodornelles-hertie-school,tjsp_drugs_2024_sample,pjb4stx8,tjsp2024_llama3.2-3B-ft-inference_2025-04-18_13-45-41,2025-04-18T13:55:09Z,killed,[],https://wandb.ai/rodornelles-hertie-school/tjsp_drugs_2024_sample/runs/pjb4stx8,,,,,,,,,,,,,,,,,,,,,,,,,,,,,,,,,,,,,,,,,,,,,,,,,,,,,,,,,,,,,,,,,,,,,,,,,,,,,,,,,,,,,,,,,,,,,,,,,,,,,,,,,,,,,,,,,,,,,,,,,,,,,,,,,,,,,,,,,,,,,,,,,,,,,,,,,,,,,,,,,,,,,,,,,,,,,,,,,,,,,,,,,,,,,,,,,,,,,,,,,,,,,,{'runtime': 19},,,,4.437341268,0.0,1744983946.5895026,,,,,,,,,,,,,,,,,,,,,,,,,,,,,,,,,,,,,,,,,,,,,,,,,,,,,,,,,,,,,,,,,,,,,,,,,,,,master_thesis_llama_3.2_3b_ft,auto,1000.0,group,900.0,,
rodornelles-hertie-school,tjsp_drugs_2024_sample,ou0ax0fp,tjsp2024_llama3.2-3B-ft-inference_2025-04-18_14-52-28,2025-04-18T15:01:57Z,killed,[],https://wandb.ai/rodornelles-hertie-school/tjsp_drugs_2024_sample/runs/ou0ax0fp,,,,,,,,,,,,,,,,,,,,,,,,,,,,,,,,,,,,,,,,,,,,,,,,,,,,,,,,,,,,,,,,,,,,,,,,,,,,,,,,,,,,,,,,,,,,,,,,,,,,,,,,,,,,,,,,,,,,,,,,,,,,,,,,,,,,,,,,,,,,,,,,,,,,,,,,,,,,,,,,,,,,,,,,,,,,,,,,,,,,,,,,,,,,,,,,,,,,,,,,,,,,,,{'runtime': 12},,,,4.799098769,0.0,1744987954.189993,,,,,,,,,,,,,,,,,,,,,,,,,,,,,,,,,,,,,,,,,,,,,,,,,,,,,,,,,,,,,,,,,,,,,,,,,,,,master_thesis_llama_3.2_3b_ft,auto,1000.0,group,900.0,,
